name,batch_id,open,close,volume,item_url
M4A4 | 龍王 (Dragon King) (Factory New),2025-08-31 12:00:00,509.5,509.5,123,https://buff.163.com/market/goods?game=csgo&goods_id=35353
M4A4 | 龍王 (Dragon King) (Factory New),2025-09-04 12:00:00,680.0,680.0,115,https://buff.163.com/market/goods?game=csgo&goods_id=35353
M4A4 | 龍王 (Dragon King) (Factory New),2025-09-10 12:00:00,800.0,800.0,116,https://buff.163.com/market/goods?game=csgo&goods_id=35353
M4A4 | 龍王 (Dragon King) (Factory New),2025-09-16 12:00:00,709.48,709.48,244,https://buff.163.com/market/goods?game=csgo&goods_id=35353
M4A4 | 龍王 (Dragon King) (Factory New),2025-09-22 12:00:00,776.0,776.0,206,https://buff.163.com/market/goods?game=csgo&goods_id=35353
M4A4 | 龍王 (Dragon King) (Factory New),2025-09-28 12:00:00,915.0,915.0,138,https://buff.163.com/market/goods?game=csgo&goods_id=35353
M4A4 | 龍王 (Dragon King) (Factory New),2025-10-04 12:00:00,954.0,954.0,143,https://buff.163.com/market/goods?game=csgo&goods_id=35353
M4A4 | 龍王 (Dragon King) (Factory New),2025-10-11 12:00:00,935.0,935.0,142,https://buff.163.com/market/goods?game=csgo&goods_id=35353
M4A4 | 龍王 (Dragon King) (Factory New),2025-10-17 12:00:00,799.0,799.0,214,https://buff.163.com/market/goods?game=csgo&goods_id=35353
M4A4 | 龍王 (Dragon King) (Factory New),2025-10-23 12:00:00,488.0,488.0,247,https://buff.163.com/market/goods?game=csgo&goods_id=35353
M4A4 | 龍王 (Dragon King) (Factory New),2025-10-29 12:00:00,500.0,500.0,231,https://buff.163.com/market/goods?game=csgo&goods_id=35353
M4A4 | 龍王 (Dragon King) (Factory New),2025-11-04 12:00:00,680.0,680.0,299,https://buff.163.com/market/goods?game=csgo&goods_id=35353
M4A4 | 龍王 (Dragon King) (Factory New),2025-11-10 12:00:00,670.0,670.0,281,https://buff.163.com/market/goods?game=csgo&goods_id=35353
M4A4 | 龍王 (Dragon King) (Factory New),2025-11-16 12:00:00,730.0,730.0,239,https://buff.163.com/market/goods?game=csgo&goods_id=35353
M4A4 | 龍王 (Dragon King) (Factory New),2025-11-22 12:00:00,745.0,745.0,236,https://buff.163.com/market/goods?game=csgo&goods_id=35353
M4A4 | 龍王 (Dragon King) (Factory New),2025-11-28 12:00:00,806.0,806.0,197,https://buff.163.com/market/goods?game=csgo&goods_id=35353
M4A4 | 龍王 (Dragon King) (Factory New),2025-12-04 12:00:00,771.0,771.0,221,https://buff.163.com/market/goods?game=csgo&goods_id=35353
M4A4 | 龍王 (Dragon King) (Factory New),2025-12-10 12:00:00,720.0,720.0,259,https://buff.163.com/market/goods?game=csgo&goods_id=35353
M4A4 | 龍王 (Dragon King) (Factory New),2025-12-16 12:00:00,730.0,730.0,254,https://buff.163.com/market/goods?game=csgo&goods_id=35353
M4A4 | 龍王 (Dragon King) (Factory New),2025-12-23 12:00:00,709.0,709.0,256,https://buff.163.com/market/goods?game=csgo&goods_id=35353
M4A4 | 龍王 (Dragon King) (Factory New),2025-12-29 12:00:00,720.0,720.0,274,https://buff.163.com/market/goods?game=csgo&goods_id=35353
M4A4 | 龍王 (Dragon King) (Factory New),2026-01-04 12:00:00,772.0,772.0,237,https://buff.163.com/market/goods?game=csgo&goods_id=35353
M4A4 | 龍王 (Dragon King) (Factory New),2026-01-10 12:00:00,747.0,747.0,248,https://buff.163.com/market/goods?game=csgo&goods_id=35353
M4A4 | 龍王 (Dragon King) (Factory New),2026-01-16 12:00:00,696.5,696.5,251,https://buff.163.com/market/goods?game=csgo&goods_id=35353
M4A4 | 龍王 (Dragon King) (Factory New),2026-01-22 12:00:00,648.0,648.0,262,https://buff.163.com/market/goods?game=csgo&goods_id=35353
M4A4 | 龍王 (Dragon King) (Factory New),2026-01-28 12:00:00,679.0,679.0,256,https://buff.163.com/market/goods?game=csgo&goods_id=35353
M4A4 | 龍王 (Dragon King) (Factory New),2026-02-03 12:00:00,659.48,659.48,280,https://buff.163.com/market/goods?game=csgo&goods_id=35353
M4A4 | 龍王 (Dragon King) (Factory New),2026-02-09 12:00:00,648.5,648.5,280,https://buff.163.com/market/goods?game=csgo&goods_id=35353
M4A4 | 龍王 (Dragon King) (Factory New),2026-02-15 12:00:00,648.49,648.49,291,https://buff.163.com/market/goods?game=csgo&goods_id=35353
M4A4 | 龍王 (Dragon King) (Factory New),2026-02-21 12:00:00,699.5,699.5,247,https://buff.163.com/market/goods?game=csgo&goods_id=35353
M4A4 | 龍王 (Dragon King) (Factory New),2026-02-27 12:00:00,669.5,669.5,270,https://buff.163.com/market/goods?game=csgo&goods_id=35353
M4A4 | 龍王 (Dragon King) (Factory New),2026-03-04 12:00:00,680.0,680.0,254,https://buff.163.com/market/goods?game=csgo&goods_id=35353
M4A4 | 龍王 (Dragon King) (Factory New),2026-03-06 12:00:00,684.99,684.99,257,https://buff.163.com/market/goods?game=csgo&goods_id=35353
M4A4 | 龍王 (Dragon King) (Factory New),2026-03-07 12:00:00,682.5,682.5,258,https://buff.163.com/market/goods?game=csgo&goods_id=35353
M4A4 | 龍王 (Dragon King) (Factory New),2026-03-10 12:00:00,675.99,675.99,257,https://buff.163.com/market/goods?game=csgo&goods_id=35353
M4A4 | 龍王 (Dragon King) (Factory New),2026-03-12 12:00:00,698.88,698.88,241,https://buff.163.com/market/goods?game=csgo&goods_id=35353
M4A4 | 龍王 (Dragon King) (Factory New),2026-03-13 12:00:00,700.0,700.0,242,https://buff.163.com/market/goods?game=csgo&goods_id=35353
M4A4 | 龍王 (Dragon King) (Factory New),2026-03-16 12:00:00,758.9,758.9,213,https://buff.163.com/market/goods?game=csgo&goods_id=35353
M4A4 | 龍王 (Dragon King) (Factory New),2026-03-18 12:00:00,826.0,826.0,174,https://buff.163.com/market/goods?game=csgo&goods_id=35353
M4A4 | 龍王 (Dragon King) (Factory New),2026-03-19 12:00:00,835.0,835.0,176,https://buff.163.com/market/goods?game=csgo&goods_id=35353
M4A4 | 龍王 (Dragon King) (Factory New),2026-03-22 12:00:00,916.0,916.0,169,https://buff.163.com/market/goods?game=csgo&goods_id=35353
M4A4 | 龍王 (Dragon King) (Factory New),2026-03-24 12:00:00,939.0,939.0,126,https://buff.163.com/market/goods?game=csgo&goods_id=35353
M4A4 | 龍王 (Dragon King) (Factory New),2026-03-25 12:00:00,945.0,945.0,155,https://buff.163.com/market/goods?game=csgo&goods_id=35353
M4A4 | 龍王 (Dragon King) (Factory New),2026-03-28 12:00:00,898.5,898.5,137,https://buff.163.com/market/goods?game=csgo&goods_id=35353
M4A4 | 龍王 (Dragon King) (Factory New),2026-03-30 12:00:00,890.0,890.0,156,https://buff.163.com/market/goods?game=csgo&goods_id=35353
M4A4 | 龍王 (Dragon King) (Factory New),2026-03-31 12:00:00,909.5,909.5,141,https://buff.163.com/market/goods?game=csgo&goods_id=35353
M4A4 | 龍王 (Dragon King) (Factory New),2026-04-03 12:00:00,859.0,859.0,158,https://buff.163.com/market/goods?game=csgo&goods_id=35353
M4A4 | 龍王 (Dragon King) (Factory New),2026-04-05 12:00:00,824.0,824.0,172,https://buff.163.com/market/goods?game=csgo&goods_id=35353
M4A4 | 龍王 (Dragon King) (Factory New),2026-04-06 12:00:00,824.0,824.0,172,https://buff.163.com/market/goods?game=csgo&goods_id=35353
M4A4 | 龍王 (Dragon King) (Factory New),2026-04-09 12:00:00,820.0,820.0,171,https://buff.163.com/market/goods?game=csgo&goods_id=35353
M4A4 | 龍王 (Dragon King) (Factory New),2026-04-11 12:00:00,778.99,778.99,188,https://buff.163.com/market/goods?game=csgo&goods_id=35353
M4A4 | 龍王 (Dragon King) (Factory New),2026-04-12 12:00:00,794.0,794.0,183,https://buff.163.com/market/goods?game=csgo&goods_id=35353
M4A4 | 龍王 (Dragon King) (Factory New),2026-04-15 12:00:00,715.0,715.0,203,https://buff.163.com/market/goods?game=csgo&goods_id=35353
M4A4 | 龍王 (Dragon King) (Factory New),2026-04-17 12:00:00,679.99,679.99,200,https://buff.163.com/market/goods?game=csgo&goods_id=35353
M4A4 | 龍王 (Dragon King) (Factory New),2026-04-18 12:00:00,723.5,723.5,200,https://buff.163.com/market/goods?game=csgo&goods_id=35353
M4A4 | 龍王 (Dragon King) (Factory New),2026-04-21 12:00:00,650.0,650.0,194,https://buff.163.com/market/goods?game=csgo&goods_id=35353
M4A4 | 龍王 (Dragon King) (Factory New),2026-04-23 12:00:00,678.0,678.0,193,https://buff.163.com/market/goods?game=csgo&goods_id=35353
M4A4 | 龍王 (Dragon King) (Factory New),2026-04-24 12:00:00,699.99,699.99,173,https://buff.163.com/market/goods?game=csgo&goods_id=35353
M4A4 | 龍王 (Dragon King) (Factory New),2026-04-27 12:00:00,688.97,688.97,193,https://buff.163.com/market/goods?game=csgo&goods_id=35353
M4A4 | 龍王 (Dragon King) (Factory New),2026-04-29 12:00:00,678.0,678.0,196,https://buff.163.com/market/goods?game=csgo&goods_id=35353
M4A4 | 龍王 (Dragon King) (Factory New),2026-04-30 12:00:00,699.0,699.0,191,https://buff.163.com/market/goods?game=csgo&goods_id=35353
M4A4 | 龍王 (Dragon King) (Factory New),2026-05-03 12:00:00,680.0,680.0,204,https://buff.163.com/market/goods?game=csgo&goods_id=35353
M4A4 | 龍王 (Dragon King) (Factory New),2026-05-05 12:00:00,652.71,652.71,214,https://buff.163.com/market/goods?game=csgo&goods_id=35353
M4A4 | 龍王 (Dragon King) (Factory New),2026-05-06 12:00:00,658.0,658.0,213,https://buff.163.com/market/goods?game=csgo&goods_id=35353
M4A4 | 龍王 (Dragon King) (Factory New),2026-05-09 12:00:00,614.5,614.5,213,https://buff.163.com/market/goods?game=csgo&goods_id=35353
M4A4 | 龍王 (Dragon King) (Factory New),2026-05-11 12:00:00,595.0,595.0,226,https://buff.163.com/market/goods?game=csgo&goods_id=35353
M4A4 | 龍王 (Dragon King) (Factory New),2026-05-12 12:00:00,590.0,590.0,228,https://buff.163.com/market/goods?game=csgo&goods_id=35353
M4A4 | 龍王 (Dragon King) (Factory New),2026-05-15 12:00:00,559.5,559.5,215,https://buff.163.com/market/goods?game=csgo&goods_id=35353
M4A4 | 龍王 (Dragon King) (Factory New),2026-05-18 12:00:00,579.5,586.49,223,https://buff.163.com/market/goods?game=csgo&goods_id=35353
M4A4 | 龍王 (Dragon King) (Factory New),2026-05-21 12:00:00,530.0,530.0,228,https://buff.163.com/market/goods?game=csgo&goods_id=35353
M4A4 | 龍王 (Dragon King) (Factory New),2026-05-24 12:00:00,472.98,424.5,236,https://buff.163.com/market/goods?game=csgo&goods_id=35353
M4A4 | 龍王 (Dragon King) (Factory New),2026-05-27 12:00:00,450.0,450.0,216,https://buff.163.com/market/goods?game=csgo&goods_id=35353
M4A4 | 龍王 (Dragon King) (Factory New),2026-05-30 12:00:00,490.0,490.0,228,https://buff.163.com/market/goods?game=csgo&goods_id=35353
M4A4 | 龍王 (Dragon King) (Factory New),2026-06-02 12:00:00,500.0,500.0,204,https://buff.163.com/market/goods?game=csgo&goods_id=35353
M4A4 | 龍王 (Dragon King) (Factory New),2026-06-03 12:00:00,587.4,587.4,214,https://buff.163.com/market/goods?game=csgo&goods_id=35353
M4A4 | 龍王 (Dragon King) (Factory New),2026-06-04 12:00:00,570.0,570.0,221,https://buff.163.com/market/goods?game=csgo&goods_id=35353
M4A4 | 龍王 (Dragon King) (Factory New),2026-06-05 12:00:00,599.49,597.0,208,https://buff.163.com/market/goods?game=csgo&goods_id=35353
M4A4 | 龍王 (Dragon King) (Factory New),2026-06-06 12:00:00,599.0,599.0,202,https://buff.163.com/market/goods?game=csgo&goods_id=35353
M4A4 | 龍王 (Dragon King) (Factory New),2026-06-07 12:00:00,574.5,574.5,215,https://buff.163.com/market/goods?game=csgo&goods_id=35353
M4A4 | 龍王 (Dragon King) (Factory New),2026-06-08 12:00:00,640.0,640.0,209,https://buff.163.com/market/goods?game=csgo&goods_id=35353
M4A4 | 龍王 (Dragon King) (Factory New),2026-06-09 12:00:00,640.0,640.0,209,https://buff.163.com/market/goods?game=csgo&goods_id=35353
M4A4 | 龍王 (Dragon King) (Factory New),2026-06-10 12:00:00,598.5,598.5,217,https://buff.163.com/market/goods?game=csgo&goods_id=35353
M4A4 | 龍王 (Dragon King) (Factory New),2026-06-11 12:00:00,596.0,593.5,214,https://buff.163.com/market/goods?game=csgo&goods_id=35353
M4A4 | 龍王 (Dragon King) (Factory New),2026-06-12 12:00:00,554.0,554.0,222,https://buff.163.com/market/goods?game=csgo&goods_id=35353
M4A4 | 龍王 (Dragon King) (Factory New),2026-06-13 12:00:00,588.0,588.0,215,https://buff.163.com/market/goods?game=csgo&goods_id=35353
M4A4 | 龍王 (Dragon King) (Factory New),2026-06-14 12:00:00,577.87,577.87,221,https://buff.163.com/market/goods?game=csgo&goods_id=35353
M4A4 | 龍王 (Dragon King) (Factory New),2026-06-15 12:00:00,564.48,564.48,240,https://buff.163.com/market/goods?game=csgo&goods_id=35353
M4A4 | 龍王 (Dragon King) (Factory New),2026-06-16 12:00:00,550.0,550.0,219,https://buff.163.com/market/goods?game=csgo&goods_id=35353
M4A4 | 龍王 (Dragon King) (Factory New),2026-06-17 12:00:00,524.46,550.0,227,https://buff.163.com/market/goods?game=csgo&goods_id=35353
M4A4 | 龍王 (Dragon King) (Factory New),2026-06-18 12:00:00,552.0,552.0,227,https://buff.163.com/market/goods?game=csgo&goods_id=35353
M4A4 | 龍王 (Dragon King) (Factory New),2026-06-19 12:00:00,500.0,500.0,225,https://buff.163.com/market/goods?game=csgo&goods_id=35353
M4A4 | 龍王 (Dragon King) (Factory New),2026-06-20 12:00:00,507.0,507.0,236,https://buff.163.com/market/goods?game=csgo&goods_id=35353
M4A4 | 龍王 (Dragon King) (Factory New),2026-06-21 12:00:00,507.5,507.5,237,https://buff.163.com/market/goods?game=csgo&goods_id=35353
M4A4 | 龍王 (Dragon King) (Factory New),2026-06-22 12:00:00,553.84,553.84,227,https://buff.163.com/market/goods?game=csgo&goods_id=35353
M4A4 | 龍王 (Dragon King) (Factory New),2026-06-23 12:00:00,553.84,552.5,227,https://buff.163.com/market/goods?game=csgo&goods_id=35353
M4A4 | 龍王 (Dragon King) (Factory New),2026-06-24 12:00:00,559.5,559.5,220,https://buff.163.com/market/goods?game=csgo&goods_id=35353
M4A4 | 龍王 (Dragon King) (Factory New),2026-06-25 12:00:00,554.0,554.0,237,https://buff.163.com/market/goods?game=csgo&goods_id=35353
M4A4 | 龍王 (Dragon King) (Factory New),2026-06-26 12:00:00,553.0,553.0,234,https://buff.163.com/market/goods?game=csgo&goods_id=35353
M4A4 | 龍王 (Dragon King) (Factory New),2026-06-27 12:00:00,544.4,544.4,230,https://buff.163.com/market/goods?game=csgo&goods_id=35353
M4A4 | 龍王 (Dragon King) (Factory New),2026-06-28 12:00:00,532.0,532.0,228,https://buff.163.com/market/goods?game=csgo&goods_id=35353
M4A4 | 龍王 (Dragon King) (Factory New),2026-06-29 12:00:00,529.9,507.49,234,https://buff.163.com/market/goods?game=csgo&goods_id=35353
M4A4 | 龍王 (Dragon King) (Factory New),2026-06-30 12:00:00,517.48,517.48,249,https://buff.163.com/market/goods?game=csgo&goods_id=35353
M4A4 | 龍王 (Dragon King) (Factory New),2026-07-01 12:00:00,505.8,505.8,254,https://buff.163.com/market/goods?game=csgo&goods_id=35353
M4A4 | 龍王 (Dragon King) (Factory New),2026-07-02 12:00:00,500.0,500.0,250,https://buff.163.com/market/goods?game=csgo&goods_id=35353
M4A4 | 龍王 (Dragon King) (Factory New),2026-07-03 12:00:00,500.0,500.0,253,https://buff.163.com/market/goods?game=csgo&goods_id=35353
M4A4 | 龍王 (Dragon King) (Factory New),2026-07-04 12:00:00,495.0,495.0,255,https://buff.163.com/market/goods?game=csgo&goods_id=35353
M4A4 | 龍王 (Dragon King) (Factory New),2026-07-05 12:00:00,495.0,494.0,255,https://buff.163.com/market/goods?game=csgo&goods_id=35353
M4A4 | 龍王 (Dragon King) (Factory New),2026-07-06 12:00:00,494.49,494.49,259,https://buff.163.com/market/goods?game=csgo&goods_id=35353
M4A4 | 龍王 (Dragon King) (Factory New),2026-07-07 12:00:00,485.0,485.0,256,https://buff.163.com/market/goods?game=csgo&goods_id=35353
M4A4 | 龍王 (Dragon King) (Factory New),2026-07-08 12:00:00,494.0,494.0,254,https://buff.163.com/market/goods?game=csgo&goods_id=35353
M4A4 | 龍王 (Dragon King) (Factory New),2026-07-09 12:00:00,496.5,496.5,257,https://buff.163.com/market/goods?game=csgo&goods_id=35353
M4A4 | 龍王 (Dragon King) (Factory New),2026-07-10 12:00:00,478.0,478.0,259,https://buff.163.com/market/goods?game=csgo&goods_id=35353
M4A4 | 龍王 (Dragon King) (Factory New),2026-07-11 12:00:00,478.0,477.0,259,https://buff.163.com/market/goods?game=csgo&goods_id=35353
M4A4 | 龍王 (Dragon King) (Factory New),2026-07-12 12:00:00,485.5,485.5,255,https://buff.163.com/market/goods?game=csgo&goods_id=35353
M4A4 | 龍王 (Dragon King) (Factory New),2026-07-13 12:00:00,480.0,480.0,255,https://buff.163.com/market/goods?game=csgo&goods_id=35353
M4A4 | 龍王 (Dragon King) (Factory New),2026-07-14 12:00:00,478.5,478.5,276,https://buff.163.com/market/goods?game=csgo&goods_id=35353
M4A4 | 龍王 (Dragon King) (Factory New),2026-07-15 12:00:00,478.39,478.39,252,https://buff.163.com/market/goods?game=csgo&goods_id=35353
M4A4 | 龍王 (Dragon King) (Factory New),2026-07-16 12:00:00,474.5,474.5,280,https://buff.163.com/market/goods?game=csgo&goods_id=35353
M4A4 | 龍王 (Dragon King) (Factory New),2026-07-17 12:00:00,469.25,469.0,278,https://buff.163.com/market/goods?game=csgo&goods_id=35353
M4A4 | 龍王 (Dragon King) (Factory New),2026-07-18 12:00:00,469.25,469.25,278,https://buff.163.com/market/goods?game=csgo&goods_id=35353
M4A4 | 龍王 (Dragon King) (Factory New),2026-07-19 12:00:00,460.0,460.0,284,https://buff.163.com/market/goods?game=csgo&goods_id=35353
M4A4 | 龍王 (Dragon King) (Factory New),2026-07-20 12:00:00,449.0,449.0,280,https://buff.163.com/market/goods?game=csgo&goods_id=35353
M4A4 | 龍王 (Dragon King) (Factory New),2026-07-21 12:00:00,439.99,439.99,284,https://buff.163.com/market/goods?game=csgo&goods_id=35353
M4A4 | 龍王 (Dragon King) (Factory New),2026-07-22 12:00:00,456.15,456.15,284,https://buff.163.com/market/goods?game=csgo&goods_id=35353
M4A4 | 龍王 (Dragon King) (Factory New),2026-07-23 12:00:00,466.0,458.0,278,https://buff.163.com/market/goods?game=csgo&goods_id=35353
M4A4 | 龍王 (Dragon King) (Factory New),2026-07-24 12:00:00,466.0,466.0,278,https://buff.163.com/market/goods?game=csgo&goods_id=35353
M4A4 | 龍王 (Dragon King) (Factory New),2026-07-25 12:00:00,465.4,465.4,278,https://buff.163.com/market/goods?game=csgo&goods_id=35353
M4A4 | 龍王 (Dragon King) (Factory New),2026-07-26 12:00:00,463.96,463.96,293,https://buff.163.com/market/goods?game=csgo&goods_id=35353
M4A4 | 龍王 (Dragon King) (Factory New),2026-07-27 12:00:00,458.0,458.0,294,https://buff.163.com/market/goods?game=csgo&goods_id=35353
M4A4 | 龍王 (Dragon King) (Factory New),2026-07-28 12:00:00,448.0,448.0,281,https://buff.163.com/market/goods?game=csgo&goods_id=35353
M4A4 | 龍王 (Dragon King) (Factory New),2026-07-29 12:00:00,448.0,448.0,281,https://buff.163.com/market/goods?game=csgo&goods_id=35353
M4A4 | 龍王 (Dragon King) (Factory New),2026-07-30 12:00:00,428.5,445.88,289,https://buff.163.com/market/goods?game=csgo&goods_id=35353
M4A4 | 龍王 (Dragon King) (Factory New),2026-07-31 12:00:00,413.0,413.0,293,https://buff.163.com/market/goods?game=csgo&goods_id=35353
M4A4 | 龍王 (Dragon King) (Factory New),2026-08-01 12:00:00,411.0,424.0,294,https://buff.163.com/market/goods?game=csgo&goods_id=35353
M4A4 | 龍王 (Dragon King) (Factory New),2026-08-02 12:00:00,438.3,420.0,273,https://buff.163.com/market/goods?game=csgo&goods_id=35353
M4A4 | 龍王 (Dragon King) (Factory New),2026-08-03 12:00:00,428.5,399.5,288,https://buff.163.com/market/goods?game=csgo&goods_id=35353
M4A4 | 龍王 (Dragon King) (Factory New),2026-08-04 12:00:00,399.5,399.5,285,https://buff.163.com/market/goods?game=csgo&goods_id=35353
M4A4 | 龍王 (Dragon King) (Factory New),2026-08-05 12:00:00,419.0,406.5,276,https://buff.163.com/market/goods?game=csgo&goods_id=35353
M4A4 | 龍王 (Dragon King) (Factory New),2026-08-06 12:00:00,427.0,422.5,267,https://buff.163.com/market/goods?game=csgo&goods_id=35353
M4A4 | 龍王 (Dragon King) (Factory New),2026-08-07 12:00:00,422.5,420.0,269,https://buff.163.com/market/goods?game=csgo&goods_id=35353
M4A4 | 龍王 (Dragon King) (Factory New),2026-08-08 12:00:00,420.0,419.0,275,https://buff.163.com/market/goods?game=csgo&goods_id=35353
M4A4 | 龍王 (Dragon King) (Factory New),2026-08-09 12:00:00,419.0,412.0,276,https://buff.163.com/market/goods?game=csgo&goods_id=35353
M4A4 | 龍王 (Dragon King) (Factory New),2026-08-10 12:00:00,413.0,409.59,276,https://buff.163.com/market/goods?game=csgo&goods_id=35353
M4A4 | 龍王 (Dragon King) (Factory New),2026-08-11 12:00:00,407.5,395.0,276,https://buff.163.com/market/goods?game=csgo&goods_id=35353
M4A4 | 龍王 (Dragon King) (Factory New),2026-08-12 12:00:00,395.0,385.8,296,https://buff.163.com/market/goods?game=csgo&goods_id=35353
M4A4 | 龍王 (Dragon King) (Factory New),2026-08-13 12:00:00,387.8,381.38,300,https://buff.163.com/market/goods?game=csgo&goods_id=35353
M4A4 | 龍王 (Dragon King) (Factory New),2026-08-14 12:00:00,381.88,383.38,296,https://buff.163.com/market/goods?game=csgo&goods_id=35353
M4A4 | 龍王 (Dragon King) (Factory New),2026-08-15 12:00:00,384.88,379.0,286,https://buff.163.com/market/goods?game=csgo&goods_id=35353
M4A4 | 龍王 (Dragon King) (Factory New),2026-08-16 12:00:00,380.0,367.5,275,https://buff.163.com/market/goods?game=csgo&goods_id=35353
M4A4 | 龍王 (Dragon King) (Factory New),2026-08-17 12:00:00,366.9,365.5,280,https://buff.163.com/market/goods?game=csgo&goods_id=35353
M4A4 | 龍王 (Dragon King) (Factory New),2026-08-18 12:00:00,367.5,377.0,270,https://buff.163.com/market/goods?game=csgo&goods_id=35353
M4A4 | 龍王 (Dragon King) (Factory New),2026-08-19 12:00:00,378.0,376.0,268,https://buff.163.com/market/goods?game=csgo&goods_id=35353
M4A4 | 龍王 (Dragon King) (Factory New),2026-08-20 12:00:00,374.0,369.5,266,https://buff.163.com/market/goods?game=csgo&goods_id=35353
M4A4 | 龍王 (Dragon King) (Factory New),2026-08-21 12:00:00,382.0,395.0,266,https://buff.163.com/market/goods?game=csgo&goods_id=35353
M4A4 | 龍王 (Dragon King) (Factory New),2026-08-22 12:00:00,384.5,400.0,257,https://buff.163.com/market/goods?game=csgo&goods_id=35353
M4A4 | 龍王 (Dragon King) (Factory New),2026-08-23 12:00:00,417.99,414.99,252,https://buff.163.com/market/goods?game=csgo&goods_id=35353
M4A4 | 龍王 (Dragon King) (Factory New),2026-08-24 12:00:00,404.5,392.5,274,https://buff.163.com/market/goods?game=csgo&goods_id=35353
M4A4 | 龍王 (Dragon King) (Factory New),2026-08-25 12:00:00,392.5,387.5,261,https://buff.163.com/market/goods?game=csgo&goods_id=35353
M4A4 | 龍王 (Dragon King) (Factory New),2026-08-26 12:00:00,384.5,384.5,252,https://buff.163.com/market/goods?game=csgo&goods_id=35353
M4A4 | 龍王 (Dragon King) (Factory New),2026-08-27 12:00:00,389.98,397.0,254,https://buff.163.com/market/goods?game=csgo&goods_id=35353
M4A4 | 龍王 (Dragon King) (Factory New),2026-08-28 12:00:00,396.0,410.0,242,https://buff.163.com/market/goods?game=csgo&goods_id=35353
M4A4 | 龍王 (Dragon King) (Factory New),2026-08-29 12:00:00,435.5,438.0,217,https://buff.163.com/market/goods?game=csgo&goods_id=35353
M4A4 | 龍王 (Dragon King) (Factory New),2026-08-30 12:00:00,431.5,435.0,229,https://buff.163.com/market/goods?game=csgo&goods_id=35353
M4A4 | 龍王 (Dragon King) (Factory New),2026-08-31 12:00:00,446.88,446.88,211,https://buff.163.com/market/goods?game=csgo&goods_id=35353
Operation Broken Fang Case,2025-08-31 12:00:00,64.6,64.6,1589,https://buff.163.com/market/goods?game=csgo&goods_id=835343
Operation Broken Fang Case,2025-09-04 12:00:00,70.9,70.9,1597,https://buff.163.com/market/goods?game=csgo&goods_id=835343
Operation Broken Fang Case,2025-09-10 12:00:00,69.0,69.0,1411,https://buff.163.com/market/goods?game=csgo&goods_id=835343
Operation Broken Fang Case,2025-09-16 12:00:00,67.7,67.7,1759,https://buff.163.com/market/goods?game=csgo&goods_id=835343
Operation Broken Fang Case,2025-09-22 12:00:00,65.0,65.0,1807,https://buff.163.com/market/goods?game=csgo&goods_id=835343
Operation Broken Fang Case,2025-09-28 12:00:00,64.95,64.95,1671,https://buff.163.com/market/goods?game=csgo&goods_id=835343
Operation Broken Fang Case,2025-10-04 12:00:00,66.4,66.4,1730,https://buff.163.com/market/goods?game=csgo&goods_id=835343
Operation Broken Fang Case,2025-10-11 12:00:00,67.0,67.0,1888,https://buff.163.com/market/goods?game=csgo&goods_id=835343
Operation Broken Fang Case,2025-10-17 12:00:00,67.0,67.0,1881,https://buff.163.com/market/goods?game=csgo&goods_id=835343
Operation Broken Fang Case,2025-10-23 12:00:00,45.6,45.6,1521,https://buff.163.com/market/goods?game=csgo&goods_id=835343
Operation Broken Fang Case,2025-10-29 12:00:00,42.8,42.8,1382,https://buff.163.com/market/goods?game=csgo&goods_id=835343
Operation Broken Fang Case,2025-11-04 12:00:00,48.7,48.7,1860,https://buff.163.com/market/goods?game=csgo&goods_id=835343
Operation Broken Fang Case,2025-11-10 12:00:00,46.3,46.3,2048,https://buff.163.com/market/goods?game=csgo&goods_id=835343
Operation Broken Fang Case,2025-11-16 12:00:00,45.69,45.69,2171,https://buff.163.com/market/goods?game=csgo&goods_id=835343
Operation Broken Fang Case,2025-11-22 12:00:00,45.7,45.7,2124,https://buff.163.com/market/goods?game=csgo&goods_id=835343
Operation Broken Fang Case,2025-11-28 12:00:00,60.0,60.0,1399,https://buff.163.com/market/goods?game=csgo&goods_id=835343
Operation Broken Fang Case,2025-12-04 12:00:00,56.95,56.95,1992,https://buff.163.com/market/goods?game=csgo&goods_id=835343
Operation Broken Fang Case,2025-12-10 12:00:00,52.0,52.0,1549,https://buff.163.com/market/goods?game=csgo&goods_id=835343
Operation Broken Fang Case,2025-12-16 12:00:00,51.59,51.59,1536,https://buff.163.com/market/goods?game=csgo&goods_id=835343
Operation Broken Fang Case,2025-12-23 12:00:00,53.62,53.62,1729,https://buff.163.com/market/goods?game=csgo&goods_id=835343
Operation Broken Fang Case,2025-12-29 12:00:00,52.67,52.67,1752,https://buff.163.com/market/goods?game=csgo&goods_id=835343
Operation Broken Fang Case,2026-01-04 12:00:00,53.23,53.23,1738,https://buff.163.com/market/goods?game=csgo&goods_id=835343
Operation Broken Fang Case,2026-01-10 12:00:00,51.11,51.11,1643,https://buff.163.com/market/goods?game=csgo&goods_id=835343
Operation Broken Fang Case,2026-01-16 12:00:00,51.98,51.98,1742,https://buff.163.com/market/goods?game=csgo&goods_id=835343
Operation Broken Fang Case,2026-01-22 12:00:00,50.66,50.66,1915,https://buff.163.com/market/goods?game=csgo&goods_id=835343
Operation Broken Fang Case,2026-01-28 12:00:00,50.42,50.42,1906,https://buff.163.com/market/goods?game=csgo&goods_id=835343
Operation Broken Fang Case,2026-02-03 12:00:00,50.4,50.4,2044,https://buff.163.com/market/goods?game=csgo&goods_id=835343
Operation Broken Fang Case,2026-02-09 12:00:00,49.8,49.8,2045,https://buff.163.com/market/goods?game=csgo&goods_id=835343
Operation Broken Fang Case,2026-02-15 12:00:00,50.0,50.0,1876,https://buff.163.com/market/goods?game=csgo&goods_id=835343
Operation Broken Fang Case,2026-02-21 12:00:00,53.49,53.49,1706,https://buff.163.com/market/goods?game=csgo&goods_id=835343
Operation Broken Fang Case,2026-02-27 12:00:00,51.9,51.9,1818,https://buff.163.com/market/goods?game=csgo&goods_id=835343
Operation Broken Fang Case,2026-03-04 12:00:00,53.49,53.49,1842,https://buff.163.com/market/goods?game=csgo&goods_id=835343
Operation Broken Fang Case,2026-03-06 12:00:00,53.5,53.5,1882,https://buff.163.com/market/goods?game=csgo&goods_id=835343
Operation Broken Fang Case,2026-03-07 12:00:00,53.43,53.43,1906,https://buff.163.com/market/goods?game=csgo&goods_id=835343
Operation Broken Fang Case,2026-03-10 12:00:00,52.24,52.24,1860,https://buff.163.com/market/goods?game=csgo&goods_id=835343
Operation Broken Fang Case,2026-03-12 12:00:00,56.8,56.8,1531,https://buff.163.com/market/goods?game=csgo&goods_id=835343
Operation Broken Fang Case,2026-03-13 12:00:00,56.98,56.98,1590,https://buff.163.com/market/goods?game=csgo&goods_id=835343
Operation Broken Fang Case,2026-03-16 12:00:00,60.0,60.0,1886,https://buff.163.com/market/goods?game=csgo&goods_id=835343
Operation Broken Fang Case,2026-03-18 12:00:00,57.7,57.7,1862,https://buff.163.com/market/goods?game=csgo&goods_id=835343
Operation Broken Fang Case,2026-03-19 12:00:00,55.97,55.97,1907,https://buff.163.com/market/goods?game=csgo&goods_id=835343
Operation Broken Fang Case,2026-03-22 12:00:00,55.02,55.02,1965,https://buff.163.com/market/goods?game=csgo&goods_id=835343
Operation Broken Fang Case,2026-03-24 12:00:00,54.79,54.79,1932,https://buff.163.com/market/goods?game=csgo&goods_id=835343
Operation Broken Fang Case,2026-03-25 12:00:00,55.59,55.59,1977,https://buff.163.com/market/goods?game=csgo&goods_id=835343
Operation Broken Fang Case,2026-03-28 12:00:00,54.89,54.89,1936,https://buff.163.com/market/goods?game=csgo&goods_id=835343
Operation Broken Fang Case,2026-03-30 12:00:00,53.9,53.9,2127,https://buff.163.com/market/goods?game=csgo&goods_id=835343
Operation Broken Fang Case,2026-03-31 12:00:00,53.18,53.18,2424,https://buff.163.com/market/goods?game=csgo&goods_id=835343
Operation Broken Fang Case,2026-04-03 12:00:00,54.39,54.39,2157,https://buff.163.com/market/goods?game=csgo&goods_id=835343
Operation Broken Fang Case,2026-04-05 12:00:00,53.19,53.19,2025,https://buff.163.com/market/goods?game=csgo&goods_id=835343
Operation Broken Fang Case,2026-04-06 12:00:00,53.19,53.19,2025,https://buff.163.com/market/goods?game=csgo&goods_id=835343
Operation Broken Fang Case,2026-04-09 12:00:00,52.93,52.93,1883,https://buff.163.com/market/goods?game=csgo&goods_id=835343
Operation Broken Fang Case,2026-04-11 12:00:00,52.73,52.73,1885,https://buff.163.com/market/goods?game=csgo&goods_id=835343
Operation Broken Fang Case,2026-04-12 12:00:00,52.83,52.83,1901,https://buff.163.com/market/goods?game=csgo&goods_id=835343
Operation Broken Fang Case,2026-04-15 12:00:00,51.0,51.0,2141,https://buff.163.com/market/goods?game=csgo&goods_id=835343
Operation Broken Fang Case,2026-04-17 12:00:00,50.6,50.6,2315,https://buff.163.com/market/goods?game=csgo&goods_id=835343
Operation Broken Fang Case,2026-04-18 12:00:00,51.34,51.34,1904,https://buff.163.com/market/goods?game=csgo&goods_id=835343
Operation Broken Fang Case,2026-04-21 12:00:00,49.5,49.5,2045,https://buff.163.com/market/goods?game=csgo&goods_id=835343
Operation Broken Fang Case,2026-04-23 12:00:00,49.4,49.4,1782,https://buff.163.com/market/goods?game=csgo&goods_id=835343
Operation Broken Fang Case,2026-04-24 12:00:00,49.39,49.39,1808,https://buff.163.com/market/goods?game=csgo&goods_id=835343
Operation Broken Fang Case,2026-04-27 12:00:00,49.4,49.4,1768,https://buff.163.com/market/goods?game=csgo&goods_id=835343
Operation Broken Fang Case,2026-04-29 12:00:00,49.2,49.2,1987,https://buff.163.com/market/goods?game=csgo&goods_id=835343
Operation Broken Fang Case,2026-04-30 12:00:00,49.2,49.2,1853,https://buff.163.com/market/goods?game=csgo&goods_id=835343
Operation Broken Fang Case,2026-05-03 12:00:00,49.0,49.0,1910,https://buff.163.com/market/goods?game=csgo&goods_id=835343
Operation Broken Fang Case,2026-05-05 12:00:00,49.62,49.62,2116,https://buff.163.com/market/goods?game=csgo&goods_id=835343
Operation Broken Fang Case,2026-05-06 12:00:00,50.0,50.0,2098,https://buff.163.com/market/goods?game=csgo&goods_id=835343
Operation Broken Fang Case,2026-05-09 12:00:00,49.25,49.25,2150,https://buff.163.com/market/goods?game=csgo&goods_id=835343
Operation Broken Fang Case,2026-05-11 12:00:00,46.19,46.19,2329,https://buff.163.com/market/goods?game=csgo&goods_id=835343
Operation Broken Fang Case,2026-05-12 12:00:00,46.9,46.9,2321,https://buff.163.com/market/goods?game=csgo&goods_id=835343
Operation Broken Fang Case,2026-05-15 12:00:00,46.19,46.19,2289,https://buff.163.com/market/goods?game=csgo&goods_id=835343
Operation Broken Fang Case,2026-05-18 12:00:00,46.21,46.5,2099,https://buff.163.com/market/goods?game=csgo&goods_id=835343
Operation Broken Fang Case,2026-05-21 12:00:00,46.1,46.1,2109,https://buff.163.com/market/goods?game=csgo&goods_id=835343
Operation Broken Fang Case,2026-05-24 12:00:00,40.43,42.79,2448,https://buff.163.com/market/goods?game=csgo&goods_id=835343
Operation Broken Fang Case,2026-05-27 12:00:00,41.0,41.0,2190,https://buff.163.com/market/goods?game=csgo&goods_id=835343
Operation Broken Fang Case,2026-05-30 12:00:00,44.49,43.5,1927,https://buff.163.com/market/goods?game=csgo&goods_id=835343
Operation Broken Fang Case,2026-06-02 12:00:00,46.0,46.0,1935,https://buff.163.com/market/goods?game=csgo&goods_id=835343
Operation Broken Fang Case,2026-06-03 12:00:00,44.49,44.49,2088,https://buff.163.com/market/goods?game=csgo&goods_id=835343
Operation Broken Fang Case,2026-06-04 12:00:00,45.8,45.8,1961,https://buff.163.com/market/goods?game=csgo&goods_id=835343
Operation Broken Fang Case,2026-06-05 12:00:00,46.68,46.8,1973,https://buff.163.com/market/goods?game=csgo&goods_id=835343
Operation Broken Fang Case,2026-06-06 12:00:00,47.49,47.49,1988,https://buff.163.com/market/goods?game=csgo&goods_id=835343
Operation Broken Fang Case,2026-06-07 12:00:00,46.85,46.85,2057,https://buff.163.com/market/goods?game=csgo&goods_id=835343
Operation Broken Fang Case,2026-06-08 12:00:00,46.45,46.45,2262,https://buff.163.com/market/goods?game=csgo&goods_id=835343
Operation Broken Fang Case,2026-06-09 12:00:00,46.4,46.4,2146,https://buff.163.com/market/goods?game=csgo&goods_id=835343
Operation Broken Fang Case,2026-06-10 12:00:00,46.5,46.5,2077,https://buff.163.com/market/goods?game=csgo&goods_id=835343
Operation Broken Fang Case,2026-06-11 12:00:00,45.68,46.3,2080,https://buff.163.com/market/goods?game=csgo&goods_id=835343
Operation Broken Fang Case,2026-06-12 12:00:00,45.8,45.8,2087,https://buff.163.com/market/goods?game=csgo&goods_id=835343
Operation Broken Fang Case,2026-06-13 12:00:00,45.29,45.29,2039,https://buff.163.com/market/goods?game=csgo&goods_id=835343
Operation Broken Fang Case,2026-06-14 12:00:00,45.0,45.0,2087,https://buff.163.com/market/goods?game=csgo&goods_id=835343
Operation Broken Fang Case,2026-06-15 12:00:00,45.86,45.86,2036,https://buff.163.com/market/goods?game=csgo&goods_id=835343
Operation Broken Fang Case,2026-06-16 12:00:00,45.85,45.85,1998,https://buff.163.com/market/goods?game=csgo&goods_id=835343
Operation Broken Fang Case,2026-06-17 12:00:00,45.77,45.88,1986,https://buff.163.com/market/goods?game=csgo&goods_id=835343
Operation Broken Fang Case,2026-06-18 12:00:00,45.89,45.89,2173,https://buff.163.com/market/goods?game=csgo&goods_id=835343
Operation Broken Fang Case,2026-06-19 12:00:00,45.79,45.79,2092,https://buff.163.com/market/goods?game=csgo&goods_id=835343
Operation Broken Fang Case,2026-06-20 12:00:00,45.4,45.4,2048,https://buff.163.com/market/goods?game=csgo&goods_id=835343
Operation Broken Fang Case,2026-06-21 12:00:00,45.4,45.4,2048,https://buff.163.com/market/goods?game=csgo&goods_id=835343
Operation Broken Fang Case,2026-06-22 12:00:00,45.59,45.59,2029,https://buff.163.com/market/goods?game=csgo&goods_id=835343
Operation Broken Fang Case,2026-06-23 12:00:00,45.8,46.5,1965,https://buff.163.com/market/goods?game=csgo&goods_id=835343
Operation Broken Fang Case,2026-06-24 12:00:00,46.47,46.47,1900,https://buff.163.com/market/goods?game=csgo&goods_id=835343
Operation Broken Fang Case,2026-06-25 12:00:00,47.45,47.45,2322,https://buff.163.com/market/goods?game=csgo&goods_id=835343
Operation Broken Fang Case,2026-06-26 12:00:00,46.66,46.66,2501,https://buff.163.com/market/goods?game=csgo&goods_id=835343
Operation Broken Fang Case,2026-06-27 12:00:00,46.27,46.27,2541,https://buff.163.com/market/goods?game=csgo&goods_id=835343
Operation Broken Fang Case,2026-06-28 12:00:00,45.0,45.0,2366,https://buff.163.com/market/goods?game=csgo&goods_id=835343
Operation Broken Fang Case,2026-06-29 12:00:00,45.66,45.5,2347,https://buff.163.com/market/goods?game=csgo&goods_id=835343
Operation Broken Fang Case,2026-06-30 12:00:00,45.8,45.8,2314,https://buff.163.com/market/goods?game=csgo&goods_id=835343
Operation Broken Fang Case,2026-07-01 12:00:00,45.37,45.37,2308,https://buff.163.com/market/goods?game=csgo&goods_id=835343
Operation Broken Fang Case,2026-07-02 12:00:00,45.37,45.37,2308,https://buff.163.com/market/goods?game=csgo&goods_id=835343
Operation Broken Fang Case,2026-07-03 12:00:00,45.29,45.29,2345,https://buff.163.com/market/goods?game=csgo&goods_id=835343
Operation Broken Fang Case,2026-07-04 12:00:00,45.04,45.04,2156,https://buff.163.com/market/goods?game=csgo&goods_id=835343
Operation Broken Fang Case,2026-07-05 12:00:00,45.04,45.49,2156,https://buff.163.com/market/goods?game=csgo&goods_id=835343
Operation Broken Fang Case,2026-07-06 12:00:00,45.02,45.02,2049,https://buff.163.com/market/goods?game=csgo&goods_id=835343
Operation Broken Fang Case,2026-07-07 12:00:00,45.59,45.59,2043,https://buff.163.com/market/goods?game=csgo&goods_id=835343
Operation Broken Fang Case,2026-07-08 12:00:00,45.0,45.0,2034,https://buff.163.com/market/goods?game=csgo&goods_id=835343
Operation Broken Fang Case,2026-07-09 12:00:00,45.2,45.2,2047,https://buff.163.com/market/goods?game=csgo&goods_id=835343
Operation Broken Fang Case,2026-07-10 12:00:00,44.74,44.74,2173,https://buff.163.com/market/goods?game=csgo&goods_id=835343
Operation Broken Fang Case,2026-07-11 12:00:00,44.59,44.23,2177,https://buff.163.com/market/goods?game=csgo&goods_id=835343
Operation Broken Fang Case,2026-07-12 12:00:00,44.27,44.27,2180,https://buff.163.com/market/goods?game=csgo&goods_id=835343
Operation Broken Fang Case,2026-07-13 12:00:00,43.43,43.43,2151,https://buff.163.com/market/goods?game=csgo&goods_id=835343
Operation Broken Fang Case,2026-07-14 12:00:00,43.2,43.2,2134,https://buff.163.com/market/goods?game=csgo&goods_id=835343
Operation Broken Fang Case,2026-07-15 12:00:00,42.99,42.99,2084,https://buff.163.com/market/goods?game=csgo&goods_id=835343
Operation Broken Fang Case,2026-07-16 12:00:00,42.5,42.5,2140,https://buff.163.com/market/goods?game=csgo&goods_id=835343
Operation Broken Fang Case,2026-07-17 12:00:00,42.1,42.1,2156,https://buff.163.com/market/goods?game=csgo&goods_id=835343
Operation Broken Fang Case,2026-07-18 12:00:00,42.1,42.1,2156,https://buff.163.com/market/goods?game=csgo&goods_id=835343
Operation Broken Fang Case,2026-07-19 12:00:00,41.84,41.84,2089,https://buff.163.com/market/goods?game=csgo&goods_id=835343
Operation Broken Fang Case,2026-07-20 12:00:00,42.0,42.0,2073,https://buff.163.com/market/goods?game=csgo&goods_id=835343
Operation Broken Fang Case,2026-07-21 12:00:00,42.2,42.2,2015,https://buff.163.com/market/goods?game=csgo&goods_id=835343
Operation Broken Fang Case,2026-07-22 12:00:00,41.8,41.8,1994,https://buff.163.com/market/goods?game=csgo&goods_id=835343
Operation Broken Fang Case,2026-07-23 12:00:00,42.3,42.4,1984,https://buff.163.com/market/goods?game=csgo&goods_id=835343
Operation Broken Fang Case,2026-07-24 12:00:00,42.3,42.3,1984,https://buff.163.com/market/goods?game=csgo&goods_id=835343
Operation Broken Fang Case,2026-07-25 12:00:00,42.8,42.8,2082,https://buff.163.com/market/goods?game=csgo&goods_id=835343
Operation Broken Fang Case,2026-07-26 12:00:00,42.57,42.57,2111,https://buff.163.com/market/goods?game=csgo&goods_id=835343
Operation Broken Fang Case,2026-07-27 12:00:00,42.4,42.4,2100,https://buff.163.com/market/goods?game=csgo&goods_id=835343
Operation Broken Fang Case,2026-07-28 12:00:00,41.69,41.69,2206,https://buff.163.com/market/goods?game=csgo&goods_id=835343
Operation Broken Fang Case,2026-07-29 12:00:00,41.76,41.76,2213,https://buff.163.com/market/goods?game=csgo&goods_id=835343
Operation Broken Fang Case,2026-07-30 12:00:00,41.29,40.8,2219,https://buff.163.com/market/goods?game=csgo&goods_id=835343
Operation Broken Fang Case,2026-07-31 12:00:00,40.5,40.5,2247,https://buff.163.com/market/goods?game=csgo&goods_id=835343
Operation Broken Fang Case,2026-08-01 12:00:00,40.39,41.0,2264,https://buff.163.com/market/goods?game=csgo&goods_id=835343
Operation Broken Fang Case,2026-08-02 12:00:00,41.88,41.4,2214,https://buff.163.com/market/goods?game=csgo&goods_id=835343
Operation Broken Fang Case,2026-08-03 12:00:00,41.19,40.88,2230,https://buff.163.com/market/goods?game=csgo&goods_id=835343
Operation Broken Fang Case,2026-08-04 12:00:00,40.99,40.39,2299,https://buff.163.com/market/goods?game=csgo&goods_id=835343
Operation Broken Fang Case,2026-08-05 12:00:00,41.2,41.9,2269,https://buff.163.com/market/goods?game=csgo&goods_id=835343
Operation Broken Fang Case,2026-08-06 12:00:00,41.8,41.75,2127,https://buff.163.com/market/goods?game=csgo&goods_id=835343
Operation Broken Fang Case,2026-08-07 12:00:00,41.79,41.7,2239,https://buff.163.com/market/goods?game=csgo&goods_id=835343
Operation Broken Fang Case,2026-08-08 12:00:00,41.79,41.5,2138,https://buff.163.com/market/goods?game=csgo&goods_id=835343
Operation Broken Fang Case,2026-08-09 12:00:00,41.2,41.1,2269,https://buff.163.com/market/goods?game=csgo&goods_id=835343
Operation Broken Fang Case,2026-08-10 12:00:00,41.2,41.28,2241,https://buff.163.com/market/goods?game=csgo&goods_id=835343
Operation Broken Fang Case,2026-08-11 12:00:00,41.25,41.1,2246,https://buff.163.com/market/goods?game=csgo&goods_id=835343
Operation Broken Fang Case,2026-08-12 12:00:00,40.99,41.1,2163,https://buff.163.com/market/goods?game=csgo&goods_id=835343
Operation Broken Fang Case,2026-08-13 12:00:00,41.38,41.1,2180,https://buff.163.com/market/goods?game=csgo&goods_id=835343
Operation Broken Fang Case,2026-08-14 12:00:00,41.14,41.1,2163,https://buff.163.com/market/goods?game=csgo&goods_id=835343
Operation Broken Fang Case,2026-08-15 12:00:00,40.75,40.28,2235,https://buff.163.com/market/goods?game=csgo&goods_id=835343
Operation Broken Fang Case,2026-08-16 12:00:00,40.36,40.25,2201,https://buff.163.com/market/goods?game=csgo&goods_id=835343
Operation Broken Fang Case,2026-08-17 12:00:00,39.95,39.69,2174,https://buff.163.com/market/goods?game=csgo&goods_id=835343
Operation Broken Fang Case,2026-08-18 12:00:00,39.5,39.69,2263,https://buff.163.com/market/goods?game=csgo&goods_id=835343
Operation Broken Fang Case,2026-08-19 12:00:00,39.77,39.69,2423,https://buff.163.com/market/goods?game=csgo&goods_id=835343
Operation Broken Fang Case,2026-08-20 12:00:00,39.6,38.99,2437,https://buff.163.com/market/goods?game=csgo&goods_id=835343
Operation Broken Fang Case,2026-08-21 12:00:00,38.7,40.39,2536,https://buff.163.com/market/goods?game=csgo&goods_id=835343
Operation Broken Fang Case,2026-08-22 12:00:00,40.27,40.57,2285,https://buff.163.com/market/goods?game=csgo&goods_id=835343
Operation Broken Fang Case,2026-08-23 12:00:00,41.6,41.58,2135,https://buff.163.com/market/goods?game=csgo&goods_id=835343
Operation Broken Fang Case,2026-08-24 12:00:00,41.77,41.0,2111,https://buff.163.com/market/goods?game=csgo&goods_id=835343
Operation Broken Fang Case,2026-08-25 12:00:00,41.32,41.0,2291,https://buff.163.com/market/goods?game=csgo&goods_id=835343
Operation Broken Fang Case,2026-08-26 12:00:00,41.28,41.28,2076,https://buff.163.com/market/goods?game=csgo&goods_id=835343
Operation Broken Fang Case,2026-08-27 12:00:00,41.79,41.8,1904,https://buff.163.com/market/goods?game=csgo&goods_id=835343
Operation Broken Fang Case,2026-08-28 12:00:00,41.8,41.8,1890,https://buff.163.com/market/goods?game=csgo&goods_id=835343
Operation Broken Fang Case,2026-08-29 12:00:00,41.94,42.0,1924,https://buff.163.com/market/goods?game=csgo&goods_id=835343
Operation Broken Fang Case,2026-08-30 12:00:00,42.3,41.99,1926,https://buff.163.com/market/goods?game=csgo&goods_id=835343
Operation Broken Fang Case,2026-08-31 12:00:00,41.89,41.89,1914,https://buff.163.com/market/goods?game=csgo&goods_id=835343
Desert Eagle | Mecha Industries (Factory New),2025-08-31 12:00:00,108.47,108.47,503,https://buff.163.com/market/goods?game=csgo&goods_id=763256
Desert Eagle | Mecha Industries (Factory New),2025-09-04 12:00:00,151.0,151.0,369,https://buff.163.com/market/goods?game=csgo&goods_id=763256
Desert Eagle | Mecha Industries (Factory New),2025-09-10 12:00:00,193.0,193.0,302,https://buff.163.com/market/goods?game=csgo&goods_id=763256
Desert Eagle | Mecha Industries (Factory New),2025-09-16 12:00:00,134.49,134.49,479,https://buff.163.com/market/goods?game=csgo&goods_id=763256
Desert Eagle | Mecha Industries (Factory New),2025-09-22 12:00:00,129.0,129.0,563,https://buff.163.com/market/goods?game=csgo&goods_id=763256
Desert Eagle | Mecha Industries (Factory New),2025-09-28 12:00:00,155.28,155.28,548,https://buff.163.com/market/goods?game=csgo&goods_id=763256
Desert Eagle | Mecha Industries (Factory New),2025-10-04 12:00:00,165.0,165.0,591,https://buff.163.com/market/goods?game=csgo&goods_id=763256
Desert Eagle | Mecha Industries (Factory New),2025-10-11 12:00:00,180.0,180.0,547,https://buff.163.com/market/goods?game=csgo&goods_id=763256
Desert Eagle | Mecha Industries (Factory New),2025-10-17 12:00:00,146.99,146.99,636,https://buff.163.com/market/goods?game=csgo&goods_id=763256
Desert Eagle | Mecha Industries (Factory New),2025-10-23 12:00:00,88.9,88.9,686,https://buff.163.com/market/goods?game=csgo&goods_id=763256
Desert Eagle | Mecha Industries (Factory New),2025-10-29 12:00:00,89.0,89.0,720,https://buff.163.com/market/goods?game=csgo&goods_id=763256
Desert Eagle | Mecha Industries (Factory New),2025-11-04 12:00:00,129.0,129.0,757,https://buff.163.com/market/goods?game=csgo&goods_id=763256
Desert Eagle | Mecha Industries (Factory New),2025-11-10 12:00:00,118.0,118.0,820,https://buff.163.com/market/goods?game=csgo&goods_id=763256
Desert Eagle | Mecha Industries (Factory New),2025-11-16 12:00:00,116.0,116.0,867,https://buff.163.com/market/goods?game=csgo&goods_id=763256
Desert Eagle | Mecha Industries (Factory New),2025-11-22 12:00:00,109.45,109.45,859,https://buff.163.com/market/goods?game=csgo&goods_id=763256
Desert Eagle | Mecha Industries (Factory New),2025-11-28 12:00:00,117.0,117.0,790,https://buff.163.com/market/goods?game=csgo&goods_id=763256
Desert Eagle | Mecha Industries (Factory New),2025-12-04 12:00:00,105.0,105.0,835,https://buff.163.com/market/goods?game=csgo&goods_id=763256
Desert Eagle | Mecha Industries (Factory New),2025-12-10 12:00:00,104.0,104.0,872,https://buff.163.com/market/goods?game=csgo&goods_id=763256
Desert Eagle | Mecha Industries (Factory New),2025-12-16 12:00:00,105.5,105.5,834,https://buff.163.com/market/goods?game=csgo&goods_id=763256
Desert Eagle | Mecha Industries (Factory New),2025-12-23 12:00:00,105.39,105.39,951,https://buff.163.com/market/goods?game=csgo&goods_id=763256
Desert Eagle | Mecha Industries (Factory New),2025-12-29 12:00:00,110.0,110.0,879,https://buff.163.com/market/goods?game=csgo&goods_id=763256
Desert Eagle | Mecha Industries (Factory New),2026-01-04 12:00:00,114.2,114.2,888,https://buff.163.com/market/goods?game=csgo&goods_id=763256
Desert Eagle | Mecha Industries (Factory New),2026-01-10 12:00:00,111.9,111.9,887,https://buff.163.com/market/goods?game=csgo&goods_id=763256
Desert Eagle | Mecha Industries (Factory New),2026-01-16 12:00:00,108.0,108.0,868,https://buff.163.com/market/goods?game=csgo&goods_id=763256
Desert Eagle | Mecha Industries (Factory New),2026-01-22 12:00:00,105.0,105.0,815,https://buff.163.com/market/goods?game=csgo&goods_id=763256
Desert Eagle | Mecha Industries (Factory New),2026-01-28 12:00:00,111.0,111.0,804,https://buff.163.com/market/goods?game=csgo&goods_id=763256
Desert Eagle | Mecha Industries (Factory New),2026-02-03 12:00:00,109.0,109.0,789,https://buff.163.com/market/goods?game=csgo&goods_id=763256
Desert Eagle | Mecha Industries (Factory New),2026-02-09 12:00:00,106.98,106.98,903,https://buff.163.com/market/goods?game=csgo&goods_id=763256
Desert Eagle | Mecha Industries (Factory New),2026-02-15 12:00:00,110.5,110.5,936,https://buff.163.com/market/goods?game=csgo&goods_id=763256
Desert Eagle | Mecha Industries (Factory New),2026-02-21 12:00:00,110.38,110.38,910,https://buff.163.com/market/goods?game=csgo&goods_id=763256
Desert Eagle | Mecha Industries (Factory New),2026-02-27 12:00:00,111.38,111.38,873,https://buff.163.com/market/goods?game=csgo&goods_id=763256
Desert Eagle | Mecha Industries (Factory New),2026-03-04 12:00:00,111.46,111.46,824,https://buff.163.com/market/goods?game=csgo&goods_id=763256
Desert Eagle | Mecha Industries (Factory New),2026-03-06 12:00:00,116.08,116.08,741,https://buff.163.com/market/goods?game=csgo&goods_id=763256
Desert Eagle | Mecha Industries (Factory New),2026-03-07 12:00:00,118.9,118.9,735,https://buff.163.com/market/goods?game=csgo&goods_id=763256
Desert Eagle | Mecha Industries (Factory New),2026-03-10 12:00:00,122.5,122.5,726,https://buff.163.com/market/goods?game=csgo&goods_id=763256
Desert Eagle | Mecha Industries (Factory New),2026-03-12 12:00:00,144.0,144.0,637,https://buff.163.com/market/goods?game=csgo&goods_id=763256
Desert Eagle | Mecha Industries (Factory New),2026-03-13 12:00:00,147.0,147.0,678,https://buff.163.com/market/goods?game=csgo&goods_id=763256
Desert Eagle | Mecha Industries (Factory New),2026-03-16 12:00:00,147.85,147.85,664,https://buff.163.com/market/goods?game=csgo&goods_id=763256
Desert Eagle | Mecha Industries (Factory New),2026-03-18 12:00:00,135.8,135.8,677,https://buff.163.com/market/goods?game=csgo&goods_id=763256
Desert Eagle | Mecha Industries (Factory New),2026-03-19 12:00:00,130.0,130.0,713,https://buff.163.com/market/goods?game=csgo&goods_id=763256
Desert Eagle | Mecha Industries (Factory New),2026-03-22 12:00:00,127.0,127.0,702,https://buff.163.com/market/goods?game=csgo&goods_id=763256
Desert Eagle | Mecha Industries (Factory New),2026-03-24 12:00:00,131.0,131.0,726,https://buff.163.com/market/goods?game=csgo&goods_id=763256
Desert Eagle | Mecha Industries (Factory New),2026-03-25 12:00:00,132.78,132.78,712,https://buff.163.com/market/goods?game=csgo&goods_id=763256
Desert Eagle | Mecha Industries (Factory New),2026-03-28 12:00:00,125.39,125.39,749,https://buff.163.com/market/goods?game=csgo&goods_id=763256
Desert Eagle | Mecha Industries (Factory New),2026-03-30 12:00:00,123.48,123.48,764,https://buff.163.com/market/goods?game=csgo&goods_id=763256
Desert Eagle | Mecha Industries (Factory New),2026-03-31 12:00:00,122.3,122.3,742,https://buff.163.com/market/goods?game=csgo&goods_id=763256
Desert Eagle | Mecha Industries (Factory New),2026-04-03 12:00:00,122.0,122.0,770,https://buff.163.com/market/goods?game=csgo&goods_id=763256
Desert Eagle | Mecha Industries (Factory New),2026-04-05 12:00:00,120.5,120.5,817,https://buff.163.com/market/goods?game=csgo&goods_id=763256
Desert Eagle | Mecha Industries (Factory New),2026-04-06 12:00:00,120.5,120.5,817,https://buff.163.com/market/goods?game=csgo&goods_id=763256
Desert Eagle | Mecha Industries (Factory New),2026-04-09 12:00:00,116.49,116.49,832,https://buff.163.com/market/goods?game=csgo&goods_id=763256
Desert Eagle | Mecha Industries (Factory New),2026-04-11 12:00:00,123.3,123.3,781,https://buff.163.com/market/goods?game=csgo&goods_id=763256
Desert Eagle | Mecha Industries (Factory New),2026-04-12 12:00:00,117.5,117.5,794,https://buff.163.com/market/goods?game=csgo&goods_id=763256
Desert Eagle | Mecha Industries (Factory New),2026-04-15 12:00:00,123.0,123.0,780,https://buff.163.com/market/goods?game=csgo&goods_id=763256
Desert Eagle | Mecha Industries (Factory New),2026-04-17 12:00:00,118.0,118.0,840,https://buff.163.com/market/goods?game=csgo&goods_id=763256
Desert Eagle | Mecha Industries (Factory New),2026-04-18 12:00:00,116.0,116.0,861,https://buff.163.com/market/goods?game=csgo&goods_id=763256
Desert Eagle | Mecha Industries (Factory New),2026-04-21 12:00:00,108.8,108.8,891,https://buff.163.com/market/goods?game=csgo&goods_id=763256
Desert Eagle | Mecha Industries (Factory New),2026-04-23 12:00:00,111.5,111.5,858,https://buff.163.com/market/goods?game=csgo&goods_id=763256
Desert Eagle | Mecha Industries (Factory New),2026-04-24 12:00:00,107.0,107.0,865,https://buff.163.com/market/goods?game=csgo&goods_id=763256
Desert Eagle | Mecha Industries (Factory New),2026-04-27 12:00:00,111.0,111.0,865,https://buff.163.com/market/goods?game=csgo&goods_id=763256
Desert Eagle | Mecha Industries (Factory New),2026-04-29 12:00:00,109.0,109.0,879,https://buff.163.com/market/goods?game=csgo&goods_id=763256
Desert Eagle | Mecha Industries (Factory New),2026-04-30 12:00:00,109.39,109.39,868,https://buff.163.com/market/goods?game=csgo&goods_id=763256
Desert Eagle | Mecha Industries (Factory New),2026-05-03 12:00:00,106.3,106.3,895,https://buff.163.com/market/goods?game=csgo&goods_id=763256
Desert Eagle | Mecha Industries (Factory New),2026-05-05 12:00:00,101.0,101.0,903,https://buff.163.com/market/goods?game=csgo&goods_id=763256
Desert Eagle | Mecha Industries (Factory New),2026-05-06 12:00:00,102.0,102.0,891,https://buff.163.com/market/goods?game=csgo&goods_id=763256
Desert Eagle | Mecha Industries (Factory New),2026-05-09 12:00:00,97.0,97.0,851,https://buff.163.com/market/goods?game=csgo&goods_id=763256
Desert Eagle | Mecha Industries (Factory New),2026-05-11 12:00:00,93.0,93.0,944,https://buff.163.com/market/goods?game=csgo&goods_id=763256
Desert Eagle | Mecha Industries (Factory New),2026-05-12 12:00:00,93.4,93.4,889,https://buff.163.com/market/goods?game=csgo&goods_id=763256
Desert Eagle | Mecha Industries (Factory New),2026-05-15 12:00:00,93.9,93.9,922,https://buff.163.com/market/goods?game=csgo&goods_id=763256
Desert Eagle | Mecha Industries (Factory New),2026-05-18 12:00:00,96.8,98.0,863,https://buff.163.com/market/goods?game=csgo&goods_id=763256
Desert Eagle | Mecha Industries (Factory New),2026-05-21 12:00:00,96.4,96.4,838,https://buff.163.com/market/goods?game=csgo&goods_id=763256
Desert Eagle | Mecha Industries (Factory New),2026-05-24 12:00:00,86.7,82.4,835,https://buff.163.com/market/goods?game=csgo&goods_id=763256
Desert Eagle | Mecha Industries (Factory New),2026-05-27 12:00:00,87.0,87.0,826,https://buff.163.com/market/goods?game=csgo&goods_id=763256
Desert Eagle | Mecha Industries (Factory New),2026-05-30 12:00:00,90.0,91.99,831,https://buff.163.com/market/goods?game=csgo&goods_id=763256
Desert Eagle | Mecha Industries (Factory New),2026-06-02 12:00:00,97.8,97.8,795,https://buff.163.com/market/goods?game=csgo&goods_id=763256
Desert Eagle | Mecha Industries (Factory New),2026-06-03 12:00:00,107.0,107.0,758,https://buff.163.com/market/goods?game=csgo&goods_id=763256
Desert Eagle | Mecha Industries (Factory New),2026-06-04 12:00:00,102.47,102.47,788,https://buff.163.com/market/goods?game=csgo&goods_id=763256
Desert Eagle | Mecha Industries (Factory New),2026-06-05 12:00:00,109.5,108.99,785,https://buff.163.com/market/goods?game=csgo&goods_id=763256
Desert Eagle | Mecha Industries (Factory New),2026-06-06 12:00:00,109.0,109.0,788,https://buff.163.com/market/goods?game=csgo&goods_id=763256
Desert Eagle | Mecha Industries (Factory New),2026-06-07 12:00:00,107.48,107.48,797,https://buff.163.com/market/goods?game=csgo&goods_id=763256
Desert Eagle | Mecha Industries (Factory New),2026-06-08 12:00:00,118.5,118.5,775,https://buff.163.com/market/goods?game=csgo&goods_id=763256
Desert Eagle | Mecha Industries (Factory New),2026-06-09 12:00:00,118.5,118.5,775,https://buff.163.com/market/goods?game=csgo&goods_id=763256
Desert Eagle | Mecha Industries (Factory New),2026-06-10 12:00:00,108.88,108.88,804,https://buff.163.com/market/goods?game=csgo&goods_id=763256
Desert Eagle | Mecha Industries (Factory New),2026-06-11 12:00:00,103.9,105.0,828,https://buff.163.com/market/goods?game=csgo&goods_id=763256
Desert Eagle | Mecha Industries (Factory New),2026-06-12 12:00:00,103.96,103.96,822,https://buff.163.com/market/goods?game=csgo&goods_id=763256
Desert Eagle | Mecha Industries (Factory New),2026-06-13 12:00:00,106.48,106.48,815,https://buff.163.com/market/goods?game=csgo&goods_id=763256
Desert Eagle | Mecha Industries (Factory New),2026-06-14 12:00:00,103.5,103.5,810,https://buff.163.com/market/goods?game=csgo&goods_id=763256
Desert Eagle | Mecha Industries (Factory New),2026-06-15 12:00:00,103.22,103.22,817,https://buff.163.com/market/goods?game=csgo&goods_id=763256
Desert Eagle | Mecha Industries (Factory New),2026-06-16 12:00:00,102.0,102.0,829,https://buff.163.com/market/goods?game=csgo&goods_id=763256
Desert Eagle | Mecha Industries (Factory New),2026-06-17 12:00:00,98.8,99.89,854,https://buff.163.com/market/goods?game=csgo&goods_id=763256
Desert Eagle | Mecha Industries (Factory New),2026-06-18 12:00:00,98.8,98.8,854,https://buff.163.com/market/goods?game=csgo&goods_id=763256
Desert Eagle | Mecha Industries (Factory New),2026-06-19 12:00:00,94.9,94.9,870,https://buff.163.com/market/goods?game=csgo&goods_id=763256
Desert Eagle | Mecha Industries (Factory New),2026-06-20 12:00:00,95.18,95.18,861,https://buff.163.com/market/goods?game=csgo&goods_id=763256
Desert Eagle | Mecha Industries (Factory New),2026-06-21 12:00:00,95.35,95.35,850,https://buff.163.com/market/goods?game=csgo&goods_id=763256
Desert Eagle | Mecha Industries (Factory New),2026-06-22 12:00:00,109.0,109.0,833,https://buff.163.com/market/goods?game=csgo&goods_id=763256
Desert Eagle | Mecha Industries (Factory New),2026-06-23 12:00:00,133.0,141.0,655,https://buff.163.com/market/goods?game=csgo&goods_id=763256
Desert Eagle | Mecha Industries (Factory New),2026-06-24 12:00:00,141.07,141.07,671,https://buff.163.com/market/goods?game=csgo&goods_id=763256
Desert Eagle | Mecha Industries (Factory New),2026-06-25 12:00:00,159.0,159.0,549,https://buff.163.com/market/goods?game=csgo&goods_id=763256
Desert Eagle | Mecha Industries (Factory New),2026-06-26 12:00:00,154.99,154.99,572,https://buff.163.com/market/goods?game=csgo&goods_id=763256
Desert Eagle | Mecha Industries (Factory New),2026-06-27 12:00:00,152.47,152.47,592,https://buff.163.com/market/goods?game=csgo&goods_id=763256
Desert Eagle | Mecha Industries (Factory New),2026-06-28 12:00:00,150.0,150.0,602,https://buff.163.com/market/goods?game=csgo&goods_id=763256
Desert Eagle | Mecha Industries (Factory New),2026-06-29 12:00:00,144.0,147.5,609,https://buff.163.com/market/goods?game=csgo&goods_id=763256
Desert Eagle | Mecha Industries (Factory New),2026-06-30 12:00:00,143.0,143.0,611,https://buff.163.com/market/goods?game=csgo&goods_id=763256
Desert Eagle | Mecha Industries (Factory New),2026-07-01 12:00:00,136.0,136.0,635,https://buff.163.com/market/goods?game=csgo&goods_id=763256
Desert Eagle | Mecha Industries (Factory New),2026-07-02 12:00:00,142.5,142.5,617,https://buff.163.com/market/goods?game=csgo&goods_id=763256
Desert Eagle | Mecha Industries (Factory New),2026-07-03 12:00:00,144.4,144.4,636,https://buff.163.com/market/goods?game=csgo&goods_id=763256
Desert Eagle | Mecha Industries (Factory New),2026-07-04 12:00:00,142.99,142.99,652,https://buff.163.com/market/goods?game=csgo&goods_id=763256
Desert Eagle | Mecha Industries (Factory New),2026-07-05 12:00:00,138.49,139.5,667,https://buff.163.com/market/goods?game=csgo&goods_id=763256
Desert Eagle | Mecha Industries (Factory New),2026-07-06 12:00:00,135.0,135.0,671,https://buff.163.com/market/goods?game=csgo&goods_id=763256
Desert Eagle | Mecha Industries (Factory New),2026-07-07 12:00:00,134.98,134.98,684,https://buff.163.com/market/goods?game=csgo&goods_id=763256
Desert Eagle | Mecha Industries (Factory New),2026-07-08 12:00:00,151.0,151.0,623,https://buff.163.com/market/goods?game=csgo&goods_id=763256
Desert Eagle | Mecha Industries (Factory New),2026-07-09 12:00:00,158.0,158.0,616,https://buff.163.com/market/goods?game=csgo&goods_id=763256
Desert Eagle | Mecha Industries (Factory New),2026-07-10 12:00:00,158.0,158.0,600,https://buff.163.com/market/goods?game=csgo&goods_id=763256
Desert Eagle | Mecha Industries (Factory New),2026-07-11 12:00:00,157.9,150.0,597,https://buff.163.com/market/goods?game=csgo&goods_id=763256
Desert Eagle | Mecha Industries (Factory New),2026-07-12 12:00:00,162.5,162.5,592,https://buff.163.com/market/goods?game=csgo&goods_id=763256
Desert Eagle | Mecha Industries (Factory New),2026-07-13 12:00:00,150.0,150.0,588,https://buff.163.com/market/goods?game=csgo&goods_id=763256
Desert Eagle | Mecha Industries (Factory New),2026-07-14 12:00:00,153.99,153.99,580,https://buff.163.com/market/goods?game=csgo&goods_id=763256
Desert Eagle | Mecha Industries (Factory New),2026-07-15 12:00:00,148.0,148.0,600,https://buff.163.com/market/goods?game=csgo&goods_id=763256
Desert Eagle | Mecha Industries (Factory New),2026-07-16 12:00:00,147.98,147.98,610,https://buff.163.com/market/goods?game=csgo&goods_id=763256
Desert Eagle | Mecha Industries (Factory New),2026-07-17 12:00:00,145.99,145.95,628,https://buff.163.com/market/goods?game=csgo&goods_id=763256
Desert Eagle | Mecha Industries (Factory New),2026-07-18 12:00:00,145.99,145.99,628,https://buff.163.com/market/goods?game=csgo&goods_id=763256
Desert Eagle | Mecha Industries (Factory New),2026-07-19 12:00:00,146.0,146.0,627,https://buff.163.com/market/goods?game=csgo&goods_id=763256
Desert Eagle | Mecha Industries (Factory New),2026-07-20 12:00:00,140.0,140.0,637,https://buff.163.com/market/goods?game=csgo&goods_id=763256
Desert Eagle | Mecha Industries (Factory New),2026-07-21 12:00:00,139.0,139.0,643,https://buff.163.com/market/goods?game=csgo&goods_id=763256
Desert Eagle | Mecha Industries (Factory New),2026-07-22 12:00:00,154.99,154.99,621,https://buff.163.com/market/goods?game=csgo&goods_id=763256
Desert Eagle | Mecha Industries (Factory New),2026-07-23 12:00:00,154.0,146.3,638,https://buff.163.com/market/goods?game=csgo&goods_id=763256
Desert Eagle | Mecha Industries (Factory New),2026-07-24 12:00:00,150.0,150.0,646,https://buff.163.com/market/goods?game=csgo&goods_id=763256
Desert Eagle | Mecha Industries (Factory New),2026-07-25 12:00:00,145.0,145.0,650,https://buff.163.com/market/goods?game=csgo&goods_id=763256
Desert Eagle | Mecha Industries (Factory New),2026-07-26 12:00:00,146.29,146.29,650,https://buff.163.com/market/goods?game=csgo&goods_id=763256
Desert Eagle | Mecha Industries (Factory New),2026-07-27 12:00:00,146.29,146.29,650,https://buff.163.com/market/goods?game=csgo&goods_id=763256
Desert Eagle | Mecha Industries (Factory New),2026-07-28 12:00:00,150.5,150.5,652,https://buff.163.com/market/goods?game=csgo&goods_id=763256
Desert Eagle | Mecha Industries (Factory New),2026-07-29 12:00:00,150.0,150.0,663,https://buff.163.com/market/goods?game=csgo&goods_id=763256
Desert Eagle | Mecha Industries (Factory New),2026-07-30 12:00:00,150.0,150.0,653,https://buff.163.com/market/goods?game=csgo&goods_id=763256
Desert Eagle | Mecha Industries (Factory New),2026-07-31 12:00:00,149.5,149.5,650,https://buff.163.com/market/goods?game=csgo&goods_id=763256
Desert Eagle | Mecha Industries (Factory New),2026-08-01 12:00:00,149.5,151.99,650,https://buff.163.com/market/goods?game=csgo&goods_id=763256
Desert Eagle | Mecha Industries (Factory New),2026-08-02 12:00:00,151.5,149.5,630,https://buff.163.com/market/goods?game=csgo&goods_id=763256
Desert Eagle | Mecha Industries (Factory New),2026-08-03 12:00:00,150.9,168.0,630,https://buff.163.com/market/goods?game=csgo&goods_id=763256
Desert Eagle | Mecha Industries (Factory New),2026-08-04 12:00:00,164.98,174.97,580,https://buff.163.com/market/goods?game=csgo&goods_id=763256
Desert Eagle | Mecha Industries (Factory New),2026-08-05 12:00:00,177.18,183.3,530,https://buff.163.com/market/goods?game=csgo&goods_id=763256
Desert Eagle | Mecha Industries (Factory New),2026-08-06 12:00:00,178.5,176.82,533,https://buff.163.com/market/goods?game=csgo&goods_id=763256
Desert Eagle | Mecha Industries (Factory New),2026-08-07 12:00:00,178.8,176.82,532,https://buff.163.com/market/goods?game=csgo&goods_id=763256
Desert Eagle | Mecha Industries (Factory New),2026-08-08 12:00:00,176.5,172.5,542,https://buff.163.com/market/goods?game=csgo&goods_id=763256
Desert Eagle | Mecha Industries (Factory New),2026-08-09 12:00:00,174.47,169.47,556,https://buff.163.com/market/goods?game=csgo&goods_id=763256
Desert Eagle | Mecha Industries (Factory New),2026-08-10 12:00:00,170.5,159.99,566,https://buff.163.com/market/goods?game=csgo&goods_id=763256
Desert Eagle | Mecha Industries (Factory New),2026-08-11 12:00:00,154.34,152.5,591,https://buff.163.com/market/goods?game=csgo&goods_id=763256
Desert Eagle | Mecha Industries (Factory New),2026-08-12 12:00:00,152.4,139.5,588,https://buff.163.com/market/goods?game=csgo&goods_id=763256
Desert Eagle | Mecha Industries (Factory New),2026-08-13 12:00:00,142.5,134.48,595,https://buff.163.com/market/goods?game=csgo&goods_id=763256
Desert Eagle | Mecha Industries (Factory New),2026-08-14 12:00:00,134.38,137.5,614,https://buff.163.com/market/goods?game=csgo&goods_id=763256
Desert Eagle | Mecha Industries (Factory New),2026-08-15 12:00:00,137.3,128.0,606,https://buff.163.com/market/goods?game=csgo&goods_id=763256
Desert Eagle | Mecha Industries (Factory New),2026-08-16 12:00:00,128.0,121.0,619,https://buff.163.com/market/goods?game=csgo&goods_id=763256
Desert Eagle | Mecha Industries (Factory New),2026-08-17 12:00:00,119.0,119.47,633,https://buff.163.com/market/goods?game=csgo&goods_id=763256
Desert Eagle | Mecha Industries (Factory New),2026-08-18 12:00:00,125.0,125.97,606,https://buff.163.com/market/goods?game=csgo&goods_id=763256
Desert Eagle | Mecha Industries (Factory New),2026-08-19 12:00:00,127.88,120.5,603,https://buff.163.com/market/goods?game=csgo&goods_id=763256
Desert Eagle | Mecha Industries (Factory New),2026-08-20 12:00:00,136.8,134.99,598,https://buff.163.com/market/goods?game=csgo&goods_id=763256
Desert Eagle | Mecha Industries (Factory New),2026-08-21 12:00:00,138.0,151.68,612,https://buff.163.com/market/goods?game=csgo&goods_id=763256
Desert Eagle | Mecha Industries (Factory New),2026-08-22 12:00:00,159.0,154.5,578,https://buff.163.com/market/goods?game=csgo&goods_id=763256
Desert Eagle | Mecha Industries (Factory New),2026-08-23 12:00:00,161.0,156.5,590,https://buff.163.com/market/goods?game=csgo&goods_id=763256
Desert Eagle | Mecha Industries (Factory New),2026-08-24 12:00:00,155.0,147.5,622,https://buff.163.com/market/goods?game=csgo&goods_id=763256
Desert Eagle | Mecha Industries (Factory New),2026-08-25 12:00:00,147.5,142.4,634,https://buff.163.com/market/goods?game=csgo&goods_id=763256
Desert Eagle | Mecha Industries (Factory New),2026-08-26 12:00:00,152.82,152.82,604,https://buff.163.com/market/goods?game=csgo&goods_id=763256
Desert Eagle | Mecha Industries (Factory New),2026-08-27 12:00:00,171.0,172.3,530,https://buff.163.com/market/goods?game=csgo&goods_id=763256
Desert Eagle | Mecha Industries (Factory New),2026-08-28 12:00:00,172.3,177.38,535,https://buff.163.com/market/goods?game=csgo&goods_id=763256
Desert Eagle | Mecha Industries (Factory New),2026-08-29 12:00:00,184.5,175.92,503,https://buff.163.com/market/goods?game=csgo&goods_id=763256
Desert Eagle | Mecha Industries (Factory New),2026-08-30 12:00:00,173.0,173.0,535,https://buff.163.com/market/goods?game=csgo&goods_id=763256
Desert Eagle | Mecha Industries (Factory New),2026-08-31 12:00:00,185.0,185.0,479,https://buff.163.com/market/goods?game=csgo&goods_id=763256
M4A4 | Neo-Noir (Factory New),2025-08-31 12:00:00,746.5,746.5,200,https://buff.163.com/market/goods?game=csgo&goods_id=45261
M4A4 | Neo-Noir (Factory New),2025-09-04 12:00:00,887.5,887.5,188,https://buff.163.com/market/goods?game=csgo&goods_id=45261
M4A4 | Neo-Noir (Factory New),2025-09-10 12:00:00,940.0,940.0,179,https://buff.163.com/market/goods?game=csgo&goods_id=45261
M4A4 | Neo-Noir (Factory New),2025-09-16 12:00:00,948.0,948.0,200,https://buff.163.com/market/goods?game=csgo&goods_id=45261
M4A4 | Neo-Noir (Factory New),2025-09-22 12:00:00,1220.0,1220.0,187,https://buff.163.com/market/goods?game=csgo&goods_id=45261
M4A4 | Neo-Noir (Factory New),2025-09-28 12:00:00,1317.5,1317.5,159,https://buff.163.com/market/goods?game=csgo&goods_id=45261
M4A4 | Neo-Noir (Factory New),2025-10-04 12:00:00,1316.0,1316.0,202,https://buff.163.com/market/goods?game=csgo&goods_id=45261
M4A4 | Neo-Noir (Factory New),2025-10-11 12:00:00,1358.49,1358.49,187,https://buff.163.com/market/goods?game=csgo&goods_id=45261
M4A4 | Neo-Noir (Factory New),2025-10-17 12:00:00,1379.5,1379.5,174,https://buff.163.com/market/goods?game=csgo&goods_id=45261
M4A4 | Neo-Noir (Factory New),2025-10-23 12:00:00,1349.0,1349.0,180,https://buff.163.com/market/goods?game=csgo&goods_id=45261
M4A4 | Neo-Noir (Factory New),2025-10-29 12:00:00,1476.0,1476.0,179,https://buff.163.com/market/goods?game=csgo&goods_id=45261
M4A4 | Neo-Noir (Factory New),2025-11-04 12:00:00,1840.0,1840.0,153,https://buff.163.com/market/goods?game=csgo&goods_id=45261
M4A4 | Neo-Noir (Factory New),2025-11-10 12:00:00,1800.0,1800.0,179,https://buff.163.com/market/goods?game=csgo&goods_id=45261
M4A4 | Neo-Noir (Factory New),2025-11-16 12:00:00,1800.0,1800.0,219,https://buff.163.com/market/goods?game=csgo&goods_id=45261
M4A4 | Neo-Noir (Factory New),2025-11-22 12:00:00,1859.0,1859.0,224,https://buff.163.com/market/goods?game=csgo&goods_id=45261
M4A4 | Neo-Noir (Factory New),2025-11-28 12:00:00,2026.0,2026.0,164,https://buff.163.com/market/goods?game=csgo&goods_id=45261
M4A4 | Neo-Noir (Factory New),2025-12-04 12:00:00,1749.5,1749.5,216,https://buff.163.com/market/goods?game=csgo&goods_id=45261
M4A4 | Neo-Noir (Factory New),2025-12-10 12:00:00,1650.0,1650.0,242,https://buff.163.com/market/goods?game=csgo&goods_id=45261
M4A4 | Neo-Noir (Factory New),2025-12-16 12:00:00,1580.0,1580.0,265,https://buff.163.com/market/goods?game=csgo&goods_id=45261
M4A4 | Neo-Noir (Factory New),2025-12-23 12:00:00,1500.0,1500.0,275,https://buff.163.com/market/goods?game=csgo&goods_id=45261
M4A4 | Neo-Noir (Factory New),2025-12-29 12:00:00,1440.0,1440.0,304,https://buff.163.com/market/goods?game=csgo&goods_id=45261
M4A4 | Neo-Noir (Factory New),2026-01-04 12:00:00,1547.0,1547.0,283,https://buff.163.com/market/goods?game=csgo&goods_id=45261
M4A4 | Neo-Noir (Factory New),2026-01-10 12:00:00,1454.55,1454.55,293,https://buff.163.com/market/goods?game=csgo&goods_id=45261
M4A4 | Neo-Noir (Factory New),2026-01-16 12:00:00,1386.97,1386.97,300,https://buff.163.com/market/goods?game=csgo&goods_id=45261
M4A4 | Neo-Noir (Factory New),2026-01-22 12:00:00,1277.99,1277.99,292,https://buff.163.com/market/goods?game=csgo&goods_id=45261
M4A4 | Neo-Noir (Factory New),2026-01-28 12:00:00,1210.0,1210.0,300,https://buff.163.com/market/goods?game=csgo&goods_id=45261
M4A4 | Neo-Noir (Factory New),2026-02-03 12:00:00,1189.5,1189.5,301,https://buff.163.com/market/goods?game=csgo&goods_id=45261
M4A4 | Neo-Noir (Factory New),2026-02-09 12:00:00,1150.0,1150.0,322,https://buff.163.com/market/goods?game=csgo&goods_id=45261
M4A4 | Neo-Noir (Factory New),2026-02-15 12:00:00,1209.5,1209.5,301,https://buff.163.com/market/goods?game=csgo&goods_id=45261
M4A4 | Neo-Noir (Factory New),2026-02-21 12:00:00,1199.49,1199.49,311,https://buff.163.com/market/goods?game=csgo&goods_id=45261
M4A4 | Neo-Noir (Factory New),2026-02-27 12:00:00,1169.5,1169.5,313,https://buff.163.com/market/goods?game=csgo&goods_id=45261
M4A4 | Neo-Noir (Factory New),2026-03-04 12:00:00,1217.5,1217.5,291,https://buff.163.com/market/goods?game=csgo&goods_id=45261
M4A4 | Neo-Noir (Factory New),2026-03-06 12:00:00,1219.5,1219.5,291,https://buff.163.com/market/goods?game=csgo&goods_id=45261
M4A4 | Neo-Noir (Factory New),2026-03-07 12:00:00,1267.48,1267.48,269,https://buff.163.com/market/goods?game=csgo&goods_id=45261
M4A4 | Neo-Noir (Factory New),2026-03-10 12:00:00,1228.0,1228.0,299,https://buff.163.com/market/goods?game=csgo&goods_id=45261
M4A4 | Neo-Noir (Factory New),2026-03-12 12:00:00,1234.0,1234.0,297,https://buff.163.com/market/goods?game=csgo&goods_id=45261
M4A4 | Neo-Noir (Factory New),2026-03-13 12:00:00,1234.5,1234.5,284,https://buff.163.com/market/goods?game=csgo&goods_id=45261
M4A4 | Neo-Noir (Factory New),2026-03-16 12:00:00,1509.0,1509.0,234,https://buff.163.com/market/goods?game=csgo&goods_id=45261
M4A4 | Neo-Noir (Factory New),2026-03-18 12:00:00,1514.9,1514.9,225,https://buff.163.com/market/goods?game=csgo&goods_id=45261
M4A4 | Neo-Noir (Factory New),2026-03-19 12:00:00,1498.9,1498.9,231,https://buff.163.com/market/goods?game=csgo&goods_id=45261
M4A4 | Neo-Noir (Factory New),2026-03-22 12:00:00,1439.0,1439.0,233,https://buff.163.com/market/goods?game=csgo&goods_id=45261
M4A4 | Neo-Noir (Factory New),2026-03-24 12:00:00,1405.0,1405.0,237,https://buff.163.com/market/goods?game=csgo&goods_id=45261
M4A4 | Neo-Noir (Factory New),2026-03-25 12:00:00,1428.0,1428.0,244,https://buff.163.com/market/goods?game=csgo&goods_id=45261
M4A4 | Neo-Noir (Factory New),2026-03-28 12:00:00,1362.01,1362.01,253,https://buff.163.com/market/goods?game=csgo&goods_id=45261
M4A4 | Neo-Noir (Factory New),2026-03-30 12:00:00,1329.49,1329.49,266,https://buff.163.com/market/goods?game=csgo&goods_id=45261
M4A4 | Neo-Noir (Factory New),2026-03-31 12:00:00,1340.0,1340.0,252,https://buff.163.com/market/goods?game=csgo&goods_id=45261
M4A4 | Neo-Noir (Factory New),2026-04-03 12:00:00,1313.0,1313.0,279,https://buff.163.com/market/goods?game=csgo&goods_id=45261
M4A4 | Neo-Noir (Factory New),2026-04-05 12:00:00,1226.0,1226.0,286,https://buff.163.com/market/goods?game=csgo&goods_id=45261
M4A4 | Neo-Noir (Factory New),2026-04-06 12:00:00,1226.0,1226.0,286,https://buff.163.com/market/goods?game=csgo&goods_id=45261
M4A4 | Neo-Noir (Factory New),2026-04-09 12:00:00,1222.0,1222.0,281,https://buff.163.com/market/goods?game=csgo&goods_id=45261
M4A4 | Neo-Noir (Factory New),2026-04-11 12:00:00,1234.5,1234.5,300,https://buff.163.com/market/goods?game=csgo&goods_id=45261
M4A4 | Neo-Noir (Factory New),2026-04-12 12:00:00,1235.0,1235.0,300,https://buff.163.com/market/goods?game=csgo&goods_id=45261
M4A4 | Neo-Noir (Factory New),2026-04-15 12:00:00,1164.0,1164.0,283,https://buff.163.com/market/goods?game=csgo&goods_id=45261
M4A4 | Neo-Noir (Factory New),2026-04-17 12:00:00,1070.0,1070.0,289,https://buff.163.com/market/goods?game=csgo&goods_id=45261
M4A4 | Neo-Noir (Factory New),2026-04-18 12:00:00,1100.0,1100.0,290,https://buff.163.com/market/goods?game=csgo&goods_id=45261
M4A4 | Neo-Noir (Factory New),2026-04-21 12:00:00,1043.5,1043.5,302,https://buff.163.com/market/goods?game=csgo&goods_id=45261
M4A4 | Neo-Noir (Factory New),2026-04-23 12:00:00,998.5,998.5,306,https://buff.163.com/market/goods?game=csgo&goods_id=45261
M4A4 | Neo-Noir (Factory New),2026-04-24 12:00:00,1087.5,1087.5,295,https://buff.163.com/market/goods?game=csgo&goods_id=45261
M4A4 | Neo-Noir (Factory New),2026-04-27 12:00:00,1003.0,1003.0,305,https://buff.163.com/market/goods?game=csgo&goods_id=45261
M4A4 | Neo-Noir (Factory New),2026-04-29 12:00:00,1039.99,1039.99,314,https://buff.163.com/market/goods?game=csgo&goods_id=45261
M4A4 | Neo-Noir (Factory New),2026-04-30 12:00:00,1040.0,1040.0,300,https://buff.163.com/market/goods?game=csgo&goods_id=45261
M4A4 | Neo-Noir (Factory New),2026-05-03 12:00:00,1029.99,1029.99,309,https://buff.163.com/market/goods?game=csgo&goods_id=45261
M4A4 | Neo-Noir (Factory New),2026-05-05 12:00:00,969.5,969.5,325,https://buff.163.com/market/goods?game=csgo&goods_id=45261
M4A4 | Neo-Noir (Factory New),2026-05-06 12:00:00,974.48,974.48,326,https://buff.163.com/market/goods?game=csgo&goods_id=45261
M4A4 | Neo-Noir (Factory New),2026-05-09 12:00:00,934.5,934.5,317,https://buff.163.com/market/goods?game=csgo&goods_id=45261
M4A4 | Neo-Noir (Factory New),2026-05-11 12:00:00,845.0,845.0,322,https://buff.163.com/market/goods?game=csgo&goods_id=45261
M4A4 | Neo-Noir (Factory New),2026-05-12 12:00:00,886.0,886.0,306,https://buff.163.com/market/goods?game=csgo&goods_id=45261
M4A4 | Neo-Noir (Factory New),2026-05-15 12:00:00,849.0,849.0,319,https://buff.163.com/market/goods?game=csgo&goods_id=45261
M4A4 | Neo-Noir (Factory New),2026-05-18 12:00:00,858.0,860.0,320,https://buff.163.com/market/goods?game=csgo&goods_id=45261
M4A4 | Neo-Noir (Factory New),2026-05-21 12:00:00,817.0,817.0,312,https://buff.163.com/market/goods?game=csgo&goods_id=45261
M4A4 | Neo-Noir (Factory New),2026-05-24 12:00:00,744.0,710.0,297,https://buff.163.com/market/goods?game=csgo&goods_id=45261
M4A4 | Neo-Noir (Factory New),2026-05-27 12:00:00,745.5,745.5,295,https://buff.163.com/market/goods?game=csgo&goods_id=45261
M4A4 | Neo-Noir (Factory New),2026-05-30 12:00:00,775.0,775.0,307,https://buff.163.com/market/goods?game=csgo&goods_id=45261
M4A4 | Neo-Noir (Factory New),2026-06-02 12:00:00,775.0,775.0,298,https://buff.163.com/market/goods?game=csgo&goods_id=45261
M4A4 | Neo-Noir (Factory New),2026-06-03 12:00:00,992.0,992.0,286,https://buff.163.com/market/goods?game=csgo&goods_id=45261
M4A4 | Neo-Noir (Factory New),2026-06-04 12:00:00,977.0,977.0,283,https://buff.163.com/market/goods?game=csgo&goods_id=45261
M4A4 | Neo-Noir (Factory New),2026-06-05 12:00:00,999.0,990.0,277,https://buff.163.com/market/goods?game=csgo&goods_id=45261
M4A4 | Neo-Noir (Factory New),2026-06-06 12:00:00,999.5,999.5,283,https://buff.163.com/market/goods?game=csgo&goods_id=45261
M4A4 | Neo-Noir (Factory New),2026-06-07 12:00:00,979.49,979.49,280,https://buff.163.com/market/goods?game=csgo&goods_id=45261
M4A4 | Neo-Noir (Factory New),2026-06-08 12:00:00,1165.0,1165.0,258,https://buff.163.com/market/goods?game=csgo&goods_id=45261
M4A4 | Neo-Noir (Factory New),2026-06-09 12:00:00,1165.0,1165.0,258,https://buff.163.com/market/goods?game=csgo&goods_id=45261
M4A4 | Neo-Noir (Factory New),2026-06-10 12:00:00,1130.0,1130.0,258,https://buff.163.com/market/goods?game=csgo&goods_id=45261
M4A4 | Neo-Noir (Factory New),2026-06-11 12:00:00,1077.27,1077.77,271,https://buff.163.com/market/goods?game=csgo&goods_id=45261
M4A4 | Neo-Noir (Factory New),2026-06-12 12:00:00,1077.77,1077.77,271,https://buff.163.com/market/goods?game=csgo&goods_id=45261
M4A4 | Neo-Noir (Factory New),2026-06-13 12:00:00,1030.0,1030.0,285,https://buff.163.com/market/goods?game=csgo&goods_id=45261
M4A4 | Neo-Noir (Factory New),2026-06-14 12:00:00,984.0,984.0,281,https://buff.163.com/market/goods?game=csgo&goods_id=45261
M4A4 | Neo-Noir (Factory New),2026-06-15 12:00:00,980.0,980.0,288,https://buff.163.com/market/goods?game=csgo&goods_id=45261
M4A4 | Neo-Noir (Factory New),2026-06-16 12:00:00,1000.0,1000.0,285,https://buff.163.com/market/goods?game=csgo&goods_id=45261
M4A4 | Neo-Noir (Factory New),2026-06-17 12:00:00,936.94,990.0,293,https://buff.163.com/market/goods?game=csgo&goods_id=45261
M4A4 | Neo-Noir (Factory New),2026-06-18 12:00:00,939.99,939.99,289,https://buff.163.com/market/goods?game=csgo&goods_id=45261
M4A4 | Neo-Noir (Factory New),2026-06-19 12:00:00,869.5,869.5,292,https://buff.163.com/market/goods?game=csgo&goods_id=45261
M4A4 | Neo-Noir (Factory New),2026-06-20 12:00:00,869.5,869.5,288,https://buff.163.com/market/goods?game=csgo&goods_id=45261
M4A4 | Neo-Noir (Factory New),2026-06-21 12:00:00,865.65,865.65,286,https://buff.163.com/market/goods?game=csgo&goods_id=45261
M4A4 | Neo-Noir (Factory New),2026-06-22 12:00:00,950.0,950.0,287,https://buff.163.com/market/goods?game=csgo&goods_id=45261
M4A4 | Neo-Noir (Factory New),2026-06-23 12:00:00,947.99,941.0,285,https://buff.163.com/market/goods?game=csgo&goods_id=45261
M4A4 | Neo-Noir (Factory New),2026-06-24 12:00:00,947.99,947.99,285,https://buff.163.com/market/goods?game=csgo&goods_id=45261
M4A4 | Neo-Noir (Factory New),2026-06-25 12:00:00,936.0,936.0,287,https://buff.163.com/market/goods?game=csgo&goods_id=45261
M4A4 | Neo-Noir (Factory New),2026-06-26 12:00:00,906.0,906.0,297,https://buff.163.com/market/goods?game=csgo&goods_id=45261
M4A4 | Neo-Noir (Factory New),2026-06-27 12:00:00,901.49,901.49,302,https://buff.163.com/market/goods?game=csgo&goods_id=45261
M4A4 | Neo-Noir (Factory New),2026-06-28 12:00:00,896.98,896.98,306,https://buff.163.com/market/goods?game=csgo&goods_id=45261
M4A4 | Neo-Noir (Factory New),2026-06-29 12:00:00,875.8,857.0,311,https://buff.163.com/market/goods?game=csgo&goods_id=45261
M4A4 | Neo-Noir (Factory New),2026-06-30 12:00:00,869.13,869.13,317,https://buff.163.com/market/goods?game=csgo&goods_id=45261
M4A4 | Neo-Noir (Factory New),2026-07-01 12:00:00,844.1,844.1,321,https://buff.163.com/market/goods?game=csgo&goods_id=45261
M4A4 | Neo-Noir (Factory New),2026-07-02 12:00:00,834.5,834.5,330,https://buff.163.com/market/goods?game=csgo&goods_id=45261
M4A4 | Neo-Noir (Factory New),2026-07-03 12:00:00,832.0,832.0,337,https://buff.163.com/market/goods?game=csgo&goods_id=45261
M4A4 | Neo-Noir (Factory New),2026-07-04 12:00:00,830.0,830.0,330,https://buff.163.com/market/goods?game=csgo&goods_id=45261
M4A4 | Neo-Noir (Factory New),2026-07-05 12:00:00,820.0,827.5,338,https://buff.163.com/market/goods?game=csgo&goods_id=45261
M4A4 | Neo-Noir (Factory New),2026-07-06 12:00:00,815.0,815.0,338,https://buff.163.com/market/goods?game=csgo&goods_id=45261
M4A4 | Neo-Noir (Factory New),2026-07-07 12:00:00,787.0,787.0,343,https://buff.163.com/market/goods?game=csgo&goods_id=45261
M4A4 | Neo-Noir (Factory New),2026-07-08 12:00:00,829.5,829.5,326,https://buff.163.com/market/goods?game=csgo&goods_id=45261
M4A4 | Neo-Noir (Factory New),2026-07-09 12:00:00,829.5,829.5,322,https://buff.163.com/market/goods?game=csgo&goods_id=45261
M4A4 | Neo-Noir (Factory New),2026-07-10 12:00:00,824.5,824.5,335,https://buff.163.com/market/goods?game=csgo&goods_id=45261
M4A4 | Neo-Noir (Factory New),2026-07-11 12:00:00,839.99,804.0,328,https://buff.163.com/market/goods?game=csgo&goods_id=45261
M4A4 | Neo-Noir (Factory New),2026-07-12 12:00:00,819.0,819.0,330,https://buff.163.com/market/goods?game=csgo&goods_id=45261
M4A4 | Neo-Noir (Factory New),2026-07-13 12:00:00,797.9,797.9,350,https://buff.163.com/market/goods?game=csgo&goods_id=45261
M4A4 | Neo-Noir (Factory New),2026-07-14 12:00:00,797.9,797.9,350,https://buff.163.com/market/goods?game=csgo&goods_id=45261
M4A4 | Neo-Noir (Factory New),2026-07-15 12:00:00,769.0,769.0,353,https://buff.163.com/market/goods?game=csgo&goods_id=45261
M4A4 | Neo-Noir (Factory New),2026-07-16 12:00:00,780.0,780.0,337,https://buff.163.com/market/goods?game=csgo&goods_id=45261
M4A4 | Neo-Noir (Factory New),2026-07-17 12:00:00,774.5,775.0,345,https://buff.163.com/market/goods?game=csgo&goods_id=45261
M4A4 | Neo-Noir (Factory New),2026-07-18 12:00:00,774.5,774.5,347,https://buff.163.com/market/goods?game=csgo&goods_id=45261
M4A4 | Neo-Noir (Factory New),2026-07-19 12:00:00,777.0,777.0,345,https://buff.163.com/market/goods?game=csgo&goods_id=45261
M4A4 | Neo-Noir (Factory New),2026-07-20 12:00:00,767.5,767.5,354,https://buff.163.com/market/goods?game=csgo&goods_id=45261
M4A4 | Neo-Noir (Factory New),2026-07-21 12:00:00,757.98,757.98,353,https://buff.163.com/market/goods?game=csgo&goods_id=45261
M4A4 | Neo-Noir (Factory New),2026-07-22 12:00:00,750.0,750.0,357,https://buff.163.com/market/goods?game=csgo&goods_id=45261
M4A4 | Neo-Noir (Factory New),2026-07-23 12:00:00,757.0,750.0,338,https://buff.163.com/market/goods?game=csgo&goods_id=45261
M4A4 | Neo-Noir (Factory New),2026-07-24 12:00:00,757.88,757.88,341,https://buff.163.com/market/goods?game=csgo&goods_id=45261
M4A4 | Neo-Noir (Factory New),2026-07-25 12:00:00,750.0,750.0,338,https://buff.163.com/market/goods?game=csgo&goods_id=45261
M4A4 | Neo-Noir (Factory New),2026-07-26 12:00:00,749.5,749.5,332,https://buff.163.com/market/goods?game=csgo&goods_id=45261
M4A4 | Neo-Noir (Factory New),2026-07-27 12:00:00,747.9,747.9,336,https://buff.163.com/market/goods?game=csgo&goods_id=45261
M4A4 | Neo-Noir (Factory New),2026-07-28 12:00:00,740.0,740.0,336,https://buff.163.com/market/goods?game=csgo&goods_id=45261
M4A4 | Neo-Noir (Factory New),2026-07-29 12:00:00,739.4,739.4,342,https://buff.163.com/market/goods?game=csgo&goods_id=45261
M4A4 | Neo-Noir (Factory New),2026-07-30 12:00:00,730.0,728.0,352,https://buff.163.com/market/goods?game=csgo&goods_id=45261
M4A4 | Neo-Noir (Factory New),2026-07-31 12:00:00,731.5,731.5,353,https://buff.163.com/market/goods?game=csgo&goods_id=45261
M4A4 | Neo-Noir (Factory New),2026-08-01 12:00:00,731.5,729.5,353,https://buff.163.com/market/goods?game=csgo&goods_id=45261
M4A4 | Neo-Noir (Factory New),2026-08-02 12:00:00,729.0,725.0,349,https://buff.163.com/market/goods?game=csgo&goods_id=45261
M4A4 | Neo-Noir (Factory New),2026-08-03 12:00:00,725.0,698.0,350,https://buff.163.com/market/goods?game=csgo&goods_id=45261
M4A4 | Neo-Noir (Factory New),2026-08-04 12:00:00,699.0,696.47,357,https://buff.163.com/market/goods?game=csgo&goods_id=45261
M4A4 | Neo-Noir (Factory New),2026-08-05 12:00:00,725.5,690.0,341,https://buff.163.com/market/goods?game=csgo&goods_id=45261
M4A4 | Neo-Noir (Factory New),2026-08-06 12:00:00,698.5,726.5,349,https://buff.163.com/market/goods?game=csgo&goods_id=45261
M4A4 | Neo-Noir (Factory New),2026-08-07 12:00:00,725.5,734.0,341,https://buff.163.com/market/goods?game=csgo&goods_id=45261
M4A4 | Neo-Noir (Factory New),2026-08-08 12:00:00,734.49,734.49,343,https://buff.163.com/market/goods?game=csgo&goods_id=45261
M4A4 | Neo-Noir (Factory New),2026-08-09 12:00:00,732.99,723.0,348,https://buff.163.com/market/goods?game=csgo&goods_id=45261
M4A4 | Neo-Noir (Factory New),2026-08-10 12:00:00,721.75,719.5,350,https://buff.163.com/market/goods?game=csgo&goods_id=45261
M4A4 | Neo-Noir (Factory New),2026-08-11 12:00:00,719.0,710.0,352,https://buff.163.com/market/goods?game=csgo&goods_id=45261
M4A4 | Neo-Noir (Factory New),2026-08-12 12:00:00,710.0,708.49,347,https://buff.163.com/market/goods?game=csgo&goods_id=45261
M4A4 | Neo-Noir (Factory New),2026-08-13 12:00:00,708.99,706.99,351,https://buff.163.com/market/goods?game=csgo&goods_id=45261
M4A4 | Neo-Noir (Factory New),2026-08-14 12:00:00,694.0,693.0,353,https://buff.163.com/market/goods?game=csgo&goods_id=45261
M4A4 | Neo-Noir (Factory New),2026-08-15 12:00:00,693.0,688.0,354,https://buff.163.com/market/goods?game=csgo&goods_id=45261
M4A4 | Neo-Noir (Factory New),2026-08-16 12:00:00,690.0,675.0,355,https://buff.163.com/market/goods?game=csgo&goods_id=45261
M4A4 | Neo-Noir (Factory New),2026-08-17 12:00:00,672.0,658.0,365,https://buff.163.com/market/goods?game=csgo&goods_id=45261
M4A4 | Neo-Noir (Factory New),2026-08-18 12:00:00,650.0,670.0,366,https://buff.163.com/market/goods?game=csgo&goods_id=45261
M4A4 | Neo-Noir (Factory New),2026-08-19 12:00:00,670.0,663.0,356,https://buff.163.com/market/goods?game=csgo&goods_id=45261
M4A4 | Neo-Noir (Factory New),2026-08-20 12:00:00,663.0,650.0,361,https://buff.163.com/market/goods?game=csgo&goods_id=45261
M4A4 | Neo-Noir (Factory New),2026-08-21 12:00:00,658.49,670.0,365,https://buff.163.com/market/goods?game=csgo&goods_id=45261
M4A4 | Neo-Noir (Factory New),2026-08-22 12:00:00,648.0,683.5,359,https://buff.163.com/market/goods?game=csgo&goods_id=45261
M4A4 | Neo-Noir (Factory New),2026-08-23 12:00:00,688.0,728.0,344,https://buff.163.com/market/goods?game=csgo&goods_id=45261
M4A4 | Neo-Noir (Factory New),2026-08-24 12:00:00,726.5,707.5,336,https://buff.163.com/market/goods?game=csgo&goods_id=45261
M4A4 | Neo-Noir (Factory New),2026-08-25 12:00:00,707.5,703.0,341,https://buff.163.com/market/goods?game=csgo&goods_id=45261
M4A4 | Neo-Noir (Factory New),2026-08-26 12:00:00,699.49,699.49,345,https://buff.163.com/market/goods?game=csgo&goods_id=45261
M4A4 | Neo-Noir (Factory New),2026-08-27 12:00:00,720.0,724.0,327,https://buff.163.com/market/goods?game=csgo&goods_id=45261
M4A4 | Neo-Noir (Factory New),2026-08-28 12:00:00,724.0,739.0,327,https://buff.163.com/market/goods?game=csgo&goods_id=45261
M4A4 | Neo-Noir (Factory New),2026-08-29 12:00:00,785.0,750.0,311,https://buff.163.com/market/goods?game=csgo&goods_id=45261
M4A4 | Neo-Noir (Factory New),2026-08-30 12:00:00,750.0,750.0,316,https://buff.163.com/market/goods?game=csgo&goods_id=45261
M4A4 | Neo-Noir (Factory New),2026-08-31 12:00:00,750.0,750.0,313,https://buff.163.com/market/goods?game=csgo&goods_id=45261
Operation Wildfire Case,2025-08-31 12:00:00,24.46,24.46,856,https://buff.163.com/market/goods?game=csgo&goods_id=35895
Operation Wildfire Case,2025-09-04 12:00:00,27.6,27.6,631,https://buff.163.com/market/goods?game=csgo&goods_id=35895
Operation Wildfire Case,2025-09-10 12:00:00,28.5,28.5,315,https://buff.163.com/market/goods?game=csgo&goods_id=35895
Operation Wildfire Case,2025-09-16 12:00:00,26.99,26.99,983,https://buff.163.com/market/goods?game=csgo&goods_id=35895
Operation Wildfire Case,2025-09-22 12:00:00,25.05,25.05,1019,https://buff.163.com/market/goods?game=csgo&goods_id=35895
Operation Wildfire Case,2025-09-28 12:00:00,26.34,26.34,1001,https://buff.163.com/market/goods?game=csgo&goods_id=35895
Operation Wildfire Case,2025-10-04 12:00:00,26.4,26.4,999,https://buff.163.com/market/goods?game=csgo&goods_id=35895
Operation Wildfire Case,2025-10-11 12:00:00,26.9,26.9,1234,https://buff.163.com/market/goods?game=csgo&goods_id=35895
Operation Wildfire Case,2025-10-17 12:00:00,28.2,28.2,1164,https://buff.163.com/market/goods?game=csgo&goods_id=35895
Operation Wildfire Case,2025-10-23 12:00:00,17.95,17.95,1141,https://buff.163.com/market/goods?game=csgo&goods_id=35895
Operation Wildfire Case,2025-10-29 12:00:00,18.0,18.0,955,https://buff.163.com/market/goods?game=csgo&goods_id=35895
Operation Wildfire Case,2025-11-04 12:00:00,20.8,20.8,933,https://buff.163.com/market/goods?game=csgo&goods_id=35895
Operation Wildfire Case,2025-11-10 12:00:00,19.0,19.0,1258,https://buff.163.com/market/goods?game=csgo&goods_id=35895
Operation Wildfire Case,2025-11-16 12:00:00,18.6,18.6,1340,https://buff.163.com/market/goods?game=csgo&goods_id=35895
Operation Wildfire Case,2025-11-22 12:00:00,18.0,18.0,1423,https://buff.163.com/market/goods?game=csgo&goods_id=35895
Operation Wildfire Case,2025-11-28 12:00:00,22.2,22.2,1348,https://buff.163.com/market/goods?game=csgo&goods_id=35895
Operation Wildfire Case,2025-12-04 12:00:00,20.17,20.17,1243,https://buff.163.com/market/goods?game=csgo&goods_id=35895
Operation Wildfire Case,2025-12-10 12:00:00,20.0,20.0,1405,https://buff.163.com/market/goods?game=csgo&goods_id=35895
Operation Wildfire Case,2025-12-16 12:00:00,20.59,20.59,1255,https://buff.163.com/market/goods?game=csgo&goods_id=35895
Operation Wildfire Case,2025-12-23 12:00:00,23.3,23.3,1509,https://buff.163.com/market/goods?game=csgo&goods_id=35895
Operation Wildfire Case,2025-12-29 12:00:00,23.39,23.39,1503,https://buff.163.com/market/goods?game=csgo&goods_id=35895
Operation Wildfire Case,2026-01-04 12:00:00,22.46,22.46,1408,https://buff.163.com/market/goods?game=csgo&goods_id=35895
Operation Wildfire Case,2026-01-10 12:00:00,22.0,22.0,1278,https://buff.163.com/market/goods?game=csgo&goods_id=35895
Operation Wildfire Case,2026-01-16 12:00:00,22.1,22.1,1299,https://buff.163.com/market/goods?game=csgo&goods_id=35895
Operation Wildfire Case,2026-01-22 12:00:00,22.49,22.49,1243,https://buff.163.com/market/goods?game=csgo&goods_id=35895
Operation Wildfire Case,2026-01-28 12:00:00,23.99,23.99,981,https://buff.163.com/market/goods?game=csgo&goods_id=35895
Operation Wildfire Case,2026-02-03 12:00:00,24.7,24.7,1092,https://buff.163.com/market/goods?game=csgo&goods_id=35895
Operation Wildfire Case,2026-02-09 12:00:00,24.65,24.65,1108,https://buff.163.com/market/goods?game=csgo&goods_id=35895
Operation Wildfire Case,2026-02-15 12:00:00,25.45,25.45,1102,https://buff.163.com/market/goods?game=csgo&goods_id=35895
Operation Wildfire Case,2026-02-21 12:00:00,27.9,27.9,731,https://buff.163.com/market/goods?game=csgo&goods_id=35895
Operation Wildfire Case,2026-02-27 12:00:00,26.81,26.81,1003,https://buff.163.com/market/goods?game=csgo&goods_id=35895
Operation Wildfire Case,2026-03-04 12:00:00,27.3,27.3,988,https://buff.163.com/market/goods?game=csgo&goods_id=35895
Operation Wildfire Case,2026-03-06 12:00:00,27.59,27.59,834,https://buff.163.com/market/goods?game=csgo&goods_id=35895
Operation Wildfire Case,2026-03-07 12:00:00,27.69,27.69,809,https://buff.163.com/market/goods?game=csgo&goods_id=35895
Operation Wildfire Case,2026-03-10 12:00:00,27.98,27.98,810,https://buff.163.com/market/goods?game=csgo&goods_id=35895
Operation Wildfire Case,2026-03-12 12:00:00,30.0,30.0,555,https://buff.163.com/market/goods?game=csgo&goods_id=35895
Operation Wildfire Case,2026-03-13 12:00:00,30.2,30.2,533,https://buff.163.com/market/goods?game=csgo&goods_id=35895
Operation Wildfire Case,2026-03-16 12:00:00,34.5,34.5,697,https://buff.163.com/market/goods?game=csgo&goods_id=35895
Operation Wildfire Case,2026-03-18 12:00:00,32.39,32.39,893,https://buff.163.com/market/goods?game=csgo&goods_id=35895
Operation Wildfire Case,2026-03-19 12:00:00,32.28,32.28,915,https://buff.163.com/market/goods?game=csgo&goods_id=35895
Operation Wildfire Case,2026-03-22 12:00:00,29.0,29.0,700,https://buff.163.com/market/goods?game=csgo&goods_id=35895
Operation Wildfire Case,2026-03-24 12:00:00,28.55,28.55,624,https://buff.163.com/market/goods?game=csgo&goods_id=35895
Operation Wildfire Case,2026-03-25 12:00:00,28.4,28.4,674,https://buff.163.com/market/goods?game=csgo&goods_id=35895
Operation Wildfire Case,2026-03-28 12:00:00,28.99,28.99,740,https://buff.163.com/market/goods?game=csgo&goods_id=35895
Operation Wildfire Case,2026-03-30 12:00:00,29.0,29.0,749,https://buff.163.com/market/goods?game=csgo&goods_id=35895
Operation Wildfire Case,2026-03-31 12:00:00,28.73,28.73,750,https://buff.163.com/market/goods?game=csgo&goods_id=35895
Operation Wildfire Case,2026-04-03 12:00:00,29.6,29.6,746,https://buff.163.com/market/goods?game=csgo&goods_id=35895
Operation Wildfire Case,2026-04-05 12:00:00,30.1,30.1,668,https://buff.163.com/market/goods?game=csgo&goods_id=35895
Operation Wildfire Case,2026-04-06 12:00:00,30.5,30.5,651,https://buff.163.com/market/goods?game=csgo&goods_id=35895
Operation Wildfire Case,2026-04-09 12:00:00,30.1,30.1,668,https://buff.163.com/market/goods?game=csgo&goods_id=35895
Operation Wildfire Case,2026-04-11 12:00:00,29.9,29.9,1011,https://buff.163.com/market/goods?game=csgo&goods_id=35895
Operation Wildfire Case,2026-04-12 12:00:00,29.9,29.9,1011,https://buff.163.com/market/goods?game=csgo&goods_id=35895
Operation Wildfire Case,2026-04-15 12:00:00,29.0,29.0,721,https://buff.163.com/market/goods?game=csgo&goods_id=35895
Operation Wildfire Case,2026-04-17 12:00:00,28.36,28.36,804,https://buff.163.com/market/goods?game=csgo&goods_id=35895
Operation Wildfire Case,2026-04-18 12:00:00,28.45,28.45,759,https://buff.163.com/market/goods?game=csgo&goods_id=35895
Operation Wildfire Case,2026-04-21 12:00:00,28.1,28.1,802,https://buff.163.com/market/goods?game=csgo&goods_id=35895
Operation Wildfire Case,2026-04-23 12:00:00,27.49,27.49,882,https://buff.163.com/market/goods?game=csgo&goods_id=35895
Operation Wildfire Case,2026-04-24 12:00:00,27.63,27.63,896,https://buff.163.com/market/goods?game=csgo&goods_id=35895
Operation Wildfire Case,2026-04-27 12:00:00,27.19,27.19,848,https://buff.163.com/market/goods?game=csgo&goods_id=35895
Operation Wildfire Case,2026-04-29 12:00:00,27.27,27.27,799,https://buff.163.com/market/goods?game=csgo&goods_id=35895
Operation Wildfire Case,2026-04-30 12:00:00,27.9,27.9,704,https://buff.163.com/market/goods?game=csgo&goods_id=35895
Operation Wildfire Case,2026-05-03 12:00:00,27.19,27.19,713,https://buff.163.com/market/goods?game=csgo&goods_id=35895
Operation Wildfire Case,2026-05-05 12:00:00,26.7,26.7,711,https://buff.163.com/market/goods?game=csgo&goods_id=35895
Operation Wildfire Case,2026-05-06 12:00:00,27.49,27.49,773,https://buff.163.com/market/goods?game=csgo&goods_id=35895
Operation Wildfire Case,2026-05-09 12:00:00,26.0,26.0,859,https://buff.163.com/market/goods?game=csgo&goods_id=35895
Operation Wildfire Case,2026-05-11 12:00:00,24.58,24.58,1030,https://buff.163.com/market/goods?game=csgo&goods_id=35895
Operation Wildfire Case,2026-05-12 12:00:00,25.06,25.06,951,https://buff.163.com/market/goods?game=csgo&goods_id=35895
Operation Wildfire Case,2026-05-15 12:00:00,24.28,24.28,930,https://buff.163.com/market/goods?game=csgo&goods_id=35895
Operation Wildfire Case,2026-05-18 12:00:00,24.08,24.4,1046,https://buff.163.com/market/goods?game=csgo&goods_id=35895
Operation Wildfire Case,2026-05-21 12:00:00,23.55,23.55,1014,https://buff.163.com/market/goods?game=csgo&goods_id=35895
Operation Wildfire Case,2026-05-24 12:00:00,21.01,21.45,994,https://buff.163.com/market/goods?game=csgo&goods_id=35895
Operation Wildfire Case,2026-05-27 12:00:00,20.59,20.59,974,https://buff.163.com/market/goods?game=csgo&goods_id=35895
Operation Wildfire Case,2026-05-30 12:00:00,22.0,23.16,1126,https://buff.163.com/market/goods?game=csgo&goods_id=35895
Operation Wildfire Case,2026-06-02 12:00:00,21.97,21.97,1353,https://buff.163.com/market/goods?game=csgo&goods_id=35895
Operation Wildfire Case,2026-06-03 12:00:00,21.54,21.54,1071,https://buff.163.com/market/goods?game=csgo&goods_id=35895
Operation Wildfire Case,2026-06-04 12:00:00,21.68,21.68,1021,https://buff.163.com/market/goods?game=csgo&goods_id=35895
Operation Wildfire Case,2026-06-05 12:00:00,21.91,22.74,1032,https://buff.163.com/market/goods?game=csgo&goods_id=35895
Operation Wildfire Case,2026-06-06 12:00:00,22.94,22.94,1029,https://buff.163.com/market/goods?game=csgo&goods_id=35895
Operation Wildfire Case,2026-06-07 12:00:00,22.11,22.11,1018,https://buff.163.com/market/goods?game=csgo&goods_id=35895
Operation Wildfire Case,2026-06-08 12:00:00,22.12,22.12,1004,https://buff.163.com/market/goods?game=csgo&goods_id=35895
Operation Wildfire Case,2026-06-09 12:00:00,23.79,23.79,974,https://buff.163.com/market/goods?game=csgo&goods_id=35895
Operation Wildfire Case,2026-06-10 12:00:00,23.19,23.19,1080,https://buff.163.com/market/goods?game=csgo&goods_id=35895
Operation Wildfire Case,2026-06-11 12:00:00,23.09,23.07,1155,https://buff.163.com/market/goods?game=csgo&goods_id=35895
Operation Wildfire Case,2026-06-12 12:00:00,23.07,23.07,1110,https://buff.163.com/market/goods?game=csgo&goods_id=35895
Operation Wildfire Case,2026-06-13 12:00:00,23.05,23.05,1065,https://buff.163.com/market/goods?game=csgo&goods_id=35895
Operation Wildfire Case,2026-06-14 12:00:00,23.13,23.13,1118,https://buff.163.com/market/goods?game=csgo&goods_id=35895
Operation Wildfire Case,2026-06-15 12:00:00,23.19,23.19,1070,https://buff.163.com/market/goods?game=csgo&goods_id=35895
Operation Wildfire Case,2026-06-16 12:00:00,23.32,23.32,1056,https://buff.163.com/market/goods?game=csgo&goods_id=35895
Operation Wildfire Case,2026-06-17 12:00:00,23.32,22.9,1056,https://buff.163.com/market/goods?game=csgo&goods_id=35895
Operation Wildfire Case,2026-06-18 12:00:00,22.79,22.79,1148,https://buff.163.com/market/goods?game=csgo&goods_id=35895
Operation Wildfire Case,2026-06-19 12:00:00,23.0,23.0,1129,https://buff.163.com/market/goods?game=csgo&goods_id=35895
Operation Wildfire Case,2026-06-20 12:00:00,23.18,23.18,1036,https://buff.163.com/market/goods?game=csgo&goods_id=35895
Operation Wildfire Case,2026-06-21 12:00:00,23.38,23.38,1034,https://buff.163.com/market/goods?game=csgo&goods_id=35895
Operation Wildfire Case,2026-06-22 12:00:00,23.0,23.0,1134,https://buff.163.com/market/goods?game=csgo&goods_id=35895
Operation Wildfire Case,2026-06-23 12:00:00,22.85,22.87,1060,https://buff.163.com/market/goods?game=csgo&goods_id=35895
Operation Wildfire Case,2026-06-24 12:00:00,22.87,22.87,1098,https://buff.163.com/market/goods?game=csgo&goods_id=35895
Operation Wildfire Case,2026-06-25 12:00:00,23.5,23.5,1091,https://buff.163.com/market/goods?game=csgo&goods_id=35895
Operation Wildfire Case,2026-06-26 12:00:00,23.5,23.5,1091,https://buff.163.com/market/goods?game=csgo&goods_id=35895
Operation Wildfire Case,2026-06-27 12:00:00,23.69,23.69,1010,https://buff.163.com/market/goods?game=csgo&goods_id=35895
Operation Wildfire Case,2026-06-28 12:00:00,23.85,23.85,1220,https://buff.163.com/market/goods?game=csgo&goods_id=35895
Operation Wildfire Case,2026-06-29 12:00:00,23.68,23.6,1070,https://buff.163.com/market/goods?game=csgo&goods_id=35895
Operation Wildfire Case,2026-06-30 12:00:00,23.68,23.68,1070,https://buff.163.com/market/goods?game=csgo&goods_id=35895
Operation Wildfire Case,2026-07-01 12:00:00,23.35,23.35,1350,https://buff.163.com/market/goods?game=csgo&goods_id=35895
Operation Wildfire Case,2026-07-02 12:00:00,22.79,22.79,1257,https://buff.163.com/market/goods?game=csgo&goods_id=35895
Operation Wildfire Case,2026-07-03 12:00:00,22.79,22.79,1257,https://buff.163.com/market/goods?game=csgo&goods_id=35895
Operation Wildfire Case,2026-07-04 12:00:00,22.47,22.47,1144,https://buff.163.com/market/goods?game=csgo&goods_id=35895
Operation Wildfire Case,2026-07-05 12:00:00,22.59,22.7,1080,https://buff.163.com/market/goods?game=csgo&goods_id=35895
Operation Wildfire Case,2026-07-06 12:00:00,22.59,22.59,1080,https://buff.163.com/market/goods?game=csgo&goods_id=35895
Operation Wildfire Case,2026-07-07 12:00:00,23.1,23.1,1014,https://buff.163.com/market/goods?game=csgo&goods_id=35895
Operation Wildfire Case,2026-07-08 12:00:00,23.1,23.1,1014,https://buff.163.com/market/goods?game=csgo&goods_id=35895
Operation Wildfire Case,2026-07-09 12:00:00,23.1,23.1,928,https://buff.163.com/market/goods?game=csgo&goods_id=35895
Operation Wildfire Case,2026-07-10 12:00:00,23.03,23.03,991,https://buff.163.com/market/goods?game=csgo&goods_id=35895
Operation Wildfire Case,2026-07-11 12:00:00,22.9,22.71,963,https://buff.163.com/market/goods?game=csgo&goods_id=35895
Operation Wildfire Case,2026-07-12 12:00:00,22.79,22.79,1063,https://buff.163.com/market/goods?game=csgo&goods_id=35895
Operation Wildfire Case,2026-07-13 12:00:00,22.45,22.45,974,https://buff.163.com/market/goods?game=csgo&goods_id=35895
Operation Wildfire Case,2026-07-14 12:00:00,22.33,22.33,1043,https://buff.163.com/market/goods?game=csgo&goods_id=35895
Operation Wildfire Case,2026-07-15 12:00:00,22.25,22.25,971,https://buff.163.com/market/goods?game=csgo&goods_id=35895
Operation Wildfire Case,2026-07-16 12:00:00,22.09,22.09,1080,https://buff.163.com/market/goods?game=csgo&goods_id=35895
Operation Wildfire Case,2026-07-17 12:00:00,21.94,21.88,1111,https://buff.163.com/market/goods?game=csgo&goods_id=35895
Operation Wildfire Case,2026-07-18 12:00:00,22.48,22.48,1027,https://buff.163.com/market/goods?game=csgo&goods_id=35895
Operation Wildfire Case,2026-07-19 12:00:00,21.89,21.89,1301,https://buff.163.com/market/goods?game=csgo&goods_id=35895
Operation Wildfire Case,2026-07-20 12:00:00,21.89,21.89,1301,https://buff.163.com/market/goods?game=csgo&goods_id=35895
Operation Wildfire Case,2026-07-21 12:00:00,21.69,21.69,1377,https://buff.163.com/market/goods?game=csgo&goods_id=35895
Operation Wildfire Case,2026-07-22 12:00:00,22.09,22.09,1102,https://buff.163.com/market/goods?game=csgo&goods_id=35895
Operation Wildfire Case,2026-07-23 12:00:00,22.09,22.09,1067,https://buff.163.com/market/goods?game=csgo&goods_id=35895
Operation Wildfire Case,2026-07-24 12:00:00,21.99,21.99,1075,https://buff.163.com/market/goods?game=csgo&goods_id=35895
Operation Wildfire Case,2026-07-25 12:00:00,22.66,22.66,987,https://buff.163.com/market/goods?game=csgo&goods_id=35895
Operation Wildfire Case,2026-07-26 12:00:00,22.63,22.63,1080,https://buff.163.com/market/goods?game=csgo&goods_id=35895
Operation Wildfire Case,2026-07-27 12:00:00,22.5,22.5,1047,https://buff.163.com/market/goods?game=csgo&goods_id=35895
Operation Wildfire Case,2026-07-28 12:00:00,22.53,22.53,992,https://buff.163.com/market/goods?game=csgo&goods_id=35895
Operation Wildfire Case,2026-07-29 12:00:00,22.3,22.3,1002,https://buff.163.com/market/goods?game=csgo&goods_id=35895
Operation Wildfire Case,2026-07-30 12:00:00,22.53,22.21,992,https://buff.163.com/market/goods?game=csgo&goods_id=35895
Operation Wildfire Case,2026-07-31 12:00:00,22.53,22.53,1190,https://buff.163.com/market/goods?game=csgo&goods_id=35895
Operation Wildfire Case,2026-08-01 12:00:00,22.64,22.1,1051,https://buff.163.com/market/goods?game=csgo&goods_id=35895
Operation Wildfire Case,2026-08-02 12:00:00,22.43,22.0,1192,https://buff.163.com/market/goods?game=csgo&goods_id=35895
Operation Wildfire Case,2026-08-03 12:00:00,21.9,21.9,1190,https://buff.163.com/market/goods?game=csgo&goods_id=35895
Operation Wildfire Case,2026-08-04 12:00:00,21.78,21.55,1169,https://buff.163.com/market/goods?game=csgo&goods_id=35895
Operation Wildfire Case,2026-08-05 12:00:00,22.28,22.48,1192,https://buff.163.com/market/goods?game=csgo&goods_id=35895
Operation Wildfire Case,2026-08-06 12:00:00,22.18,22.39,1074,https://buff.163.com/market/goods?game=csgo&goods_id=35895
Operation Wildfire Case,2026-08-07 12:00:00,22.38,22.39,1209,https://buff.163.com/market/goods?game=csgo&goods_id=35895
Operation Wildfire Case,2026-08-08 12:00:00,22.28,22.29,1236,https://buff.163.com/market/goods?game=csgo&goods_id=35895
Operation Wildfire Case,2026-08-09 12:00:00,22.27,22.17,1232,https://buff.163.com/market/goods?game=csgo&goods_id=35895
Operation Wildfire Case,2026-08-10 12:00:00,22.17,22.0,1300,https://buff.163.com/market/goods?game=csgo&goods_id=35895
Operation Wildfire Case,2026-08-11 12:00:00,21.92,22.18,1256,https://buff.163.com/market/goods?game=csgo&goods_id=35895
Operation Wildfire Case,2026-08-12 12:00:00,21.9,22.25,1262,https://buff.163.com/market/goods?game=csgo&goods_id=35895
Operation Wildfire Case,2026-08-13 12:00:00,22.25,21.96,1189,https://buff.163.com/market/goods?game=csgo&goods_id=35895
Operation Wildfire Case,2026-08-14 12:00:00,22.06,22.35,1099,https://buff.163.com/market/goods?game=csgo&goods_id=35895
Operation Wildfire Case,2026-08-15 12:00:00,22.24,21.95,1314,https://buff.163.com/market/goods?game=csgo&goods_id=35895
Operation Wildfire Case,2026-08-16 12:00:00,22.11,21.61,1519,https://buff.163.com/market/goods?game=csgo&goods_id=35895
Operation Wildfire Case,2026-08-17 12:00:00,21.64,21.4,1520,https://buff.163.com/market/goods?game=csgo&goods_id=35895
Operation Wildfire Case,2026-08-18 12:00:00,21.84,21.3,1375,https://buff.163.com/market/goods?game=csgo&goods_id=35895
Operation Wildfire Case,2026-08-19 12:00:00,21.4,21.6,1578,https://buff.163.com/market/goods?game=csgo&goods_id=35895
Operation Wildfire Case,2026-08-20 12:00:00,21.58,21.77,1434,https://buff.163.com/market/goods?game=csgo&goods_id=35895
Operation Wildfire Case,2026-08-21 12:00:00,21.75,21.48,1485,https://buff.163.com/market/goods?game=csgo&goods_id=35895
Operation Wildfire Case,2026-08-22 12:00:00,21.49,21.26,1717,https://buff.163.com/market/goods?game=csgo&goods_id=35895
Operation Wildfire Case,2026-08-23 12:00:00,21.25,21.09,1663,https://buff.163.com/market/goods?game=csgo&goods_id=35895
Operation Wildfire Case,2026-08-24 12:00:00,21.08,20.99,1770,https://buff.163.com/market/goods?game=csgo&goods_id=35895
Operation Wildfire Case,2026-08-25 12:00:00,21.0,20.78,1772,https://buff.163.com/market/goods?game=csgo&goods_id=35895
Operation Wildfire Case,2026-08-26 12:00:00,20.6,20.6,1495,https://buff.163.com/market/goods?game=csgo&goods_id=35895
Operation Wildfire Case,2026-08-27 12:00:00,20.7,20.79,1530,https://buff.163.com/market/goods?game=csgo&goods_id=35895
Operation Wildfire Case,2026-08-28 12:00:00,20.8,20.79,1479,https://buff.163.com/market/goods?game=csgo&goods_id=35895
Operation Wildfire Case,2026-08-29 12:00:00,20.65,20.69,1511,https://buff.163.com/market/goods?game=csgo&goods_id=35895
Operation Wildfire Case,2026-08-30 12:00:00,20.69,20.69,1415,https://buff.163.com/market/goods?game=csgo&goods_id=35895
Operation Wildfire Case,2026-08-31 12:00:00,21.48,21.48,1555,https://buff.163.com/market/goods?game=csgo&goods_id=35895
Desert Eagle | Printstream (Factory New),2025-08-31 12:00:00,608.49,608.49,1424,https://buff.163.com/market/goods?game=csgo&goods_id=781660
Desert Eagle | Printstream (Factory New),2025-09-04 12:00:00,622.0,622.0,1375,https://buff.163.com/market/goods?game=csgo&goods_id=781660
Desert Eagle | Printstream (Factory New),2025-09-10 12:00:00,644.0,644.0,1308,https://buff.163.com/market/goods?game=csgo&goods_id=781660
Desert Eagle | Printstream (Factory New),2025-09-16 12:00:00,719.9,719.9,906,https://buff.163.com/market/goods?game=csgo&goods_id=781660
Desert Eagle | Printstream (Factory New),2025-09-22 12:00:00,704.0,704.0,968,https://buff.163.com/market/goods?game=csgo&goods_id=781660
Desert Eagle | Printstream (Factory New),2025-09-28 12:00:00,728.0,728.0,942,https://buff.163.com/market/goods?game=csgo&goods_id=781660
Desert Eagle | Printstream (Factory New),2025-10-04 12:00:00,750.0,750.0,925,https://buff.163.com/market/goods?game=csgo&goods_id=781660
Desert Eagle | Printstream (Factory New),2025-10-11 12:00:00,823.0,823.0,728,https://buff.163.com/market/goods?game=csgo&goods_id=781660
Desert Eagle | Printstream (Factory New),2025-10-17 12:00:00,779.0,779.0,831,https://buff.163.com/market/goods?game=csgo&goods_id=781660
Desert Eagle | Printstream (Factory New),2025-10-23 12:00:00,549.5,549.5,940,https://buff.163.com/market/goods?game=csgo&goods_id=781660
Desert Eagle | Printstream (Factory New),2025-10-29 12:00:00,595.0,595.0,893,https://buff.163.com/market/goods?game=csgo&goods_id=781660
Desert Eagle | Printstream (Factory New),2025-11-04 12:00:00,629.4,629.4,938,https://buff.163.com/market/goods?game=csgo&goods_id=781660
Desert Eagle | Printstream (Factory New),2025-11-10 12:00:00,617.0,617.0,1003,https://buff.163.com/market/goods?game=csgo&goods_id=781660
Desert Eagle | Printstream (Factory New),2025-11-16 12:00:00,616.0,616.0,1041,https://buff.163.com/market/goods?game=csgo&goods_id=781660
Desert Eagle | Printstream (Factory New),2025-11-22 12:00:00,601.0,601.0,1024,https://buff.163.com/market/goods?game=csgo&goods_id=781660
Desert Eagle | Printstream (Factory New),2025-11-28 12:00:00,616.5,616.5,968,https://buff.163.com/market/goods?game=csgo&goods_id=781660
Desert Eagle | Printstream (Factory New),2025-12-04 12:00:00,612.5,612.5,992,https://buff.163.com/market/goods?game=csgo&goods_id=781660
Desert Eagle | Printstream (Factory New),2025-12-10 12:00:00,606.0,606.0,1028,https://buff.163.com/market/goods?game=csgo&goods_id=781660
Desert Eagle | Printstream (Factory New),2025-12-16 12:00:00,600.0,600.0,1018,https://buff.163.com/market/goods?game=csgo&goods_id=781660
Desert Eagle | Printstream (Factory New),2025-12-23 12:00:00,600.0,600.0,987,https://buff.163.com/market/goods?game=csgo&goods_id=781660
Desert Eagle | Printstream (Factory New),2025-12-29 12:00:00,604.0,604.0,1022,https://buff.163.com/market/goods?game=csgo&goods_id=781660
Desert Eagle | Printstream (Factory New),2026-01-04 12:00:00,608.99,608.99,990,https://buff.163.com/market/goods?game=csgo&goods_id=781660
Desert Eagle | Printstream (Factory New),2026-01-10 12:00:00,600.0,600.0,1025,https://buff.163.com/market/goods?game=csgo&goods_id=781660
Desert Eagle | Printstream (Factory New),2026-01-16 12:00:00,596.6,596.6,1045,https://buff.163.com/market/goods?game=csgo&goods_id=781660
Desert Eagle | Printstream (Factory New),2026-01-22 12:00:00,585.0,585.0,1061,https://buff.163.com/market/goods?game=csgo&goods_id=781660
Desert Eagle | Printstream (Factory New),2026-01-28 12:00:00,594.5,594.5,1016,https://buff.163.com/market/goods?game=csgo&goods_id=781660
Desert Eagle | Printstream (Factory New),2026-02-03 12:00:00,589.5,589.5,1032,https://buff.163.com/market/goods?game=csgo&goods_id=781660
Desert Eagle | Printstream (Factory New),2026-02-09 12:00:00,587.7,587.7,1056,https://buff.163.com/market/goods?game=csgo&goods_id=781660
Desert Eagle | Printstream (Factory New),2026-02-15 12:00:00,598.0,598.0,1051,https://buff.163.com/market/goods?game=csgo&goods_id=781660
Desert Eagle | Printstream (Factory New),2026-02-21 12:00:00,597.0,597.0,1037,https://buff.163.com/market/goods?game=csgo&goods_id=781660
Desert Eagle | Printstream (Factory New),2026-02-27 12:00:00,599.0,599.0,997,https://buff.163.com/market/goods?game=csgo&goods_id=781660
Desert Eagle | Printstream (Factory New),2026-03-04 12:00:00,608.0,608.0,942,https://buff.163.com/market/goods?game=csgo&goods_id=781660
Desert Eagle | Printstream (Factory New),2026-03-06 12:00:00,610.0,610.0,895,https://buff.163.com/market/goods?game=csgo&goods_id=781660
Desert Eagle | Printstream (Factory New),2026-03-07 12:00:00,615.0,615.0,885,https://buff.163.com/market/goods?game=csgo&goods_id=781660
Desert Eagle | Printstream (Factory New),2026-03-10 12:00:00,616.5,616.5,875,https://buff.163.com/market/goods?game=csgo&goods_id=781660
Desert Eagle | Printstream (Factory New),2026-03-12 12:00:00,625.0,625.0,836,https://buff.163.com/market/goods?game=csgo&goods_id=781660
Desert Eagle | Printstream (Factory New),2026-03-13 12:00:00,626.0,626.0,844,https://buff.163.com/market/goods?game=csgo&goods_id=781660
Desert Eagle | Printstream (Factory New),2026-03-16 12:00:00,672.5,672.5,811,https://buff.163.com/market/goods?game=csgo&goods_id=781660
Desert Eagle | Printstream (Factory New),2026-03-18 12:00:00,644.0,644.0,856,https://buff.163.com/market/goods?game=csgo&goods_id=781660
Desert Eagle | Printstream (Factory New),2026-03-19 12:00:00,637.5,637.5,843,https://buff.163.com/market/goods?game=csgo&goods_id=781660
Desert Eagle | Printstream (Factory New),2026-03-22 12:00:00,639.5,639.5,845,https://buff.163.com/market/goods?game=csgo&goods_id=781660
Desert Eagle | Printstream (Factory New),2026-03-24 12:00:00,634.88,634.88,882,https://buff.163.com/market/goods?game=csgo&goods_id=781660
Desert Eagle | Printstream (Factory New),2026-03-25 12:00:00,631.5,631.5,880,https://buff.163.com/market/goods?game=csgo&goods_id=781660
Desert Eagle | Printstream (Factory New),2026-03-28 12:00:00,630.4,630.4,877,https://buff.163.com/market/goods?game=csgo&goods_id=781660
Desert Eagle | Printstream (Factory New),2026-03-30 12:00:00,638.5,638.5,857,https://buff.163.com/market/goods?game=csgo&goods_id=781660
Desert Eagle | Printstream (Factory New),2026-03-31 12:00:00,637.5,637.5,860,https://buff.163.com/market/goods?game=csgo&goods_id=781660
Desert Eagle | Printstream (Factory New),2026-04-03 12:00:00,655.4,655.4,854,https://buff.163.com/market/goods?game=csgo&goods_id=781660
Desert Eagle | Printstream (Factory New),2026-04-05 12:00:00,643.99,643.99,890,https://buff.163.com/market/goods?game=csgo&goods_id=781660
Desert Eagle | Printstream (Factory New),2026-04-06 12:00:00,643.99,643.99,890,https://buff.163.com/market/goods?game=csgo&goods_id=781660
Desert Eagle | Printstream (Factory New),2026-04-09 12:00:00,628.5,628.5,903,https://buff.163.com/market/goods?game=csgo&goods_id=781660
Desert Eagle | Printstream (Factory New),2026-04-11 12:00:00,627.5,627.5,902,https://buff.163.com/market/goods?game=csgo&goods_id=781660
Desert Eagle | Printstream (Factory New),2026-04-12 12:00:00,629.0,629.0,898,https://buff.163.com/market/goods?game=csgo&goods_id=781660
Desert Eagle | Printstream (Factory New),2026-04-15 12:00:00,609.5,609.5,943,https://buff.163.com/market/goods?game=csgo&goods_id=781660
Desert Eagle | Printstream (Factory New),2026-04-17 12:00:00,593.0,593.0,924,https://buff.163.com/market/goods?game=csgo&goods_id=781660
Desert Eagle | Printstream (Factory New),2026-04-18 12:00:00,593.0,593.0,926,https://buff.163.com/market/goods?game=csgo&goods_id=781660
Desert Eagle | Printstream (Factory New),2026-04-21 12:00:00,602.0,602.0,928,https://buff.163.com/market/goods?game=csgo&goods_id=781660
Desert Eagle | Printstream (Factory New),2026-04-23 12:00:00,600.0,600.0,949,https://buff.163.com/market/goods?game=csgo&goods_id=781660
Desert Eagle | Printstream (Factory New),2026-04-24 12:00:00,595.0,595.0,949,https://buff.163.com/market/goods?game=csgo&goods_id=781660
Desert Eagle | Printstream (Factory New),2026-04-27 12:00:00,598.5,598.5,962,https://buff.163.com/market/goods?game=csgo&goods_id=781660
Desert Eagle | Printstream (Factory New),2026-04-29 12:00:00,597.0,597.0,981,https://buff.163.com/market/goods?game=csgo&goods_id=781660
Desert Eagle | Printstream (Factory New),2026-04-30 12:00:00,595.0,595.0,968,https://buff.163.com/market/goods?game=csgo&goods_id=781660
Desert Eagle | Printstream (Factory New),2026-05-03 12:00:00,590.0,590.0,986,https://buff.163.com/market/goods?game=csgo&goods_id=781660
Desert Eagle | Printstream (Factory New),2026-05-05 12:00:00,586.0,586.0,1004,https://buff.163.com/market/goods?game=csgo&goods_id=781660
Desert Eagle | Printstream (Factory New),2026-05-06 12:00:00,587.5,587.5,998,https://buff.163.com/market/goods?game=csgo&goods_id=781660
Desert Eagle | Printstream (Factory New),2026-05-09 12:00:00,579.0,579.0,1005,https://buff.163.com/market/goods?game=csgo&goods_id=781660
Desert Eagle | Printstream (Factory New),2026-05-11 12:00:00,546.0,546.0,1034,https://buff.163.com/market/goods?game=csgo&goods_id=781660
Desert Eagle | Printstream (Factory New),2026-05-12 12:00:00,543.5,543.5,1020,https://buff.163.com/market/goods?game=csgo&goods_id=781660
Desert Eagle | Printstream (Factory New),2026-05-15 12:00:00,537.5,537.5,1021,https://buff.163.com/market/goods?game=csgo&goods_id=781660
Desert Eagle | Printstream (Factory New),2026-05-18 12:00:00,553.5,560.0,1037,https://buff.163.com/market/goods?game=csgo&goods_id=781660
Desert Eagle | Printstream (Factory New),2026-05-21 12:00:00,529.5,529.5,1067,https://buff.163.com/market/goods?game=csgo&goods_id=781660
Desert Eagle | Printstream (Factory New),2026-05-24 12:00:00,506.5,505.0,1045,https://buff.163.com/market/goods?game=csgo&goods_id=781660
Desert Eagle | Printstream (Factory New),2026-05-27 12:00:00,510.0,510.0,1003,https://buff.163.com/market/goods?game=csgo&goods_id=781660
Desert Eagle | Printstream (Factory New),2026-05-30 12:00:00,510.0,509.5,998,https://buff.163.com/market/goods?game=csgo&goods_id=781660
Desert Eagle | Printstream (Factory New),2026-06-02 12:00:00,505.0,505.0,1010,https://buff.163.com/market/goods?game=csgo&goods_id=781660
Desert Eagle | Printstream (Factory New),2026-06-03 12:00:00,535.0,535.0,975,https://buff.163.com/market/goods?game=csgo&goods_id=781660
Desert Eagle | Printstream (Factory New),2026-06-04 12:00:00,536.0,536.0,988,https://buff.163.com/market/goods?game=csgo&goods_id=781660
Desert Eagle | Printstream (Factory New),2026-06-05 12:00:00,538.0,540.0,987,https://buff.163.com/market/goods?game=csgo&goods_id=781660
Desert Eagle | Printstream (Factory New),2026-06-06 12:00:00,541.17,541.17,977,https://buff.163.com/market/goods?game=csgo&goods_id=781660
Desert Eagle | Printstream (Factory New),2026-06-07 12:00:00,532.0,532.0,988,https://buff.163.com/market/goods?game=csgo&goods_id=781660
Desert Eagle | Printstream (Factory New),2026-06-08 12:00:00,532.0,532.0,971,https://buff.163.com/market/goods?game=csgo&goods_id=781660
Desert Eagle | Printstream (Factory New),2026-06-09 12:00:00,535.3,535.3,976,https://buff.163.com/market/goods?game=csgo&goods_id=781660
Desert Eagle | Printstream (Factory New),2026-06-10 12:00:00,529.35,529.35,976,https://buff.163.com/market/goods?game=csgo&goods_id=781660
Desert Eagle | Printstream (Factory New),2026-06-11 12:00:00,528.32,525.0,971,https://buff.163.com/market/goods?game=csgo&goods_id=781660
Desert Eagle | Printstream (Factory New),2026-06-12 12:00:00,523.5,523.5,974,https://buff.163.com/market/goods?game=csgo&goods_id=781660
Desert Eagle | Printstream (Factory New),2026-06-13 12:00:00,530.0,530.0,960,https://buff.163.com/market/goods?game=csgo&goods_id=781660
Desert Eagle | Printstream (Factory New),2026-06-14 12:00:00,530.0,530.0,968,https://buff.163.com/market/goods?game=csgo&goods_id=781660
Desert Eagle | Printstream (Factory New),2026-06-15 12:00:00,529.0,529.0,978,https://buff.163.com/market/goods?game=csgo&goods_id=781660
Desert Eagle | Printstream (Factory New),2026-06-16 12:00:00,525.0,525.0,969,https://buff.163.com/market/goods?game=csgo&goods_id=781660
Desert Eagle | Printstream (Factory New),2026-06-17 12:00:00,532.0,532.0,974,https://buff.163.com/market/goods?game=csgo&goods_id=781660
Desert Eagle | Printstream (Factory New),2026-06-18 12:00:00,532.99,532.99,979,https://buff.163.com/market/goods?game=csgo&goods_id=781660
Desert Eagle | Printstream (Factory New),2026-06-19 12:00:00,531.0,531.0,970,https://buff.163.com/market/goods?game=csgo&goods_id=781660
Desert Eagle | Printstream (Factory New),2026-06-20 12:00:00,533.0,533.0,965,https://buff.163.com/market/goods?game=csgo&goods_id=781660
Desert Eagle | Printstream (Factory New),2026-06-21 12:00:00,533.9,533.9,975,https://buff.163.com/market/goods?game=csgo&goods_id=781660
Desert Eagle | Printstream (Factory New),2026-06-22 12:00:00,550.0,550.0,957,https://buff.163.com/market/goods?game=csgo&goods_id=781660
Desert Eagle | Printstream (Factory New),2026-06-23 12:00:00,557.5,555.0,948,https://buff.163.com/market/goods?game=csgo&goods_id=781660
Desert Eagle | Printstream (Factory New),2026-06-24 12:00:00,557.5,557.5,948,https://buff.163.com/market/goods?game=csgo&goods_id=781660
Desert Eagle | Printstream (Factory New),2026-06-25 12:00:00,560.0,560.0,941,https://buff.163.com/market/goods?game=csgo&goods_id=781660
Desert Eagle | Printstream (Factory New),2026-06-26 12:00:00,564.0,564.0,933,https://buff.163.com/market/goods?game=csgo&goods_id=781660
Desert Eagle | Printstream (Factory New),2026-06-27 12:00:00,578.0,578.0,930,https://buff.163.com/market/goods?game=csgo&goods_id=781660
Desert Eagle | Printstream (Factory New),2026-06-28 12:00:00,571.0,571.0,933,https://buff.163.com/market/goods?game=csgo&goods_id=781660
Desert Eagle | Printstream (Factory New),2026-06-29 12:00:00,561.98,558.0,944,https://buff.163.com/market/goods?game=csgo&goods_id=781660
Desert Eagle | Printstream (Factory New),2026-06-30 12:00:00,561.98,561.98,944,https://buff.163.com/market/goods?game=csgo&goods_id=781660
Desert Eagle | Printstream (Factory New),2026-07-01 12:00:00,555.5,555.5,957,https://buff.163.com/market/goods?game=csgo&goods_id=781660
Desert Eagle | Printstream (Factory New),2026-07-02 12:00:00,552.5,552.5,963,https://buff.163.com/market/goods?game=csgo&goods_id=781660
Desert Eagle | Printstream (Factory New),2026-07-03 12:00:00,556.5,556.5,966,https://buff.163.com/market/goods?game=csgo&goods_id=781660
Desert Eagle | Printstream (Factory New),2026-07-04 12:00:00,559.5,559.5,963,https://buff.163.com/market/goods?game=csgo&goods_id=781660
Desert Eagle | Printstream (Factory New),2026-07-05 12:00:00,559.5,560.0,963,https://buff.163.com/market/goods?game=csgo&goods_id=781660
Desert Eagle | Printstream (Factory New),2026-07-06 12:00:00,567.5,567.5,971,https://buff.163.com/market/goods?game=csgo&goods_id=781660
Desert Eagle | Printstream (Factory New),2026-07-07 12:00:00,552.0,552.0,985,https://buff.163.com/market/goods?game=csgo&goods_id=781660
Desert Eagle | Printstream (Factory New),2026-07-08 12:00:00,553.49,553.49,982,https://buff.163.com/market/goods?game=csgo&goods_id=781660
Desert Eagle | Printstream (Factory New),2026-07-09 12:00:00,553.49,553.49,982,https://buff.163.com/market/goods?game=csgo&goods_id=781660
Desert Eagle | Printstream (Factory New),2026-07-10 12:00:00,547.0,547.0,1015,https://buff.163.com/market/goods?game=csgo&goods_id=781660
Desert Eagle | Printstream (Factory New),2026-07-11 12:00:00,544.6,541.5,1011,https://buff.163.com/market/goods?game=csgo&goods_id=781660
Desert Eagle | Printstream (Factory New),2026-07-12 12:00:00,542.0,542.0,1016,https://buff.163.com/market/goods?game=csgo&goods_id=781660
Desert Eagle | Printstream (Factory New),2026-07-13 12:00:00,541.0,541.0,1004,https://buff.163.com/market/goods?game=csgo&goods_id=781660
Desert Eagle | Printstream (Factory New),2026-07-14 12:00:00,540.48,540.48,1005,https://buff.163.com/market/goods?game=csgo&goods_id=781660
Desert Eagle | Printstream (Factory New),2026-07-15 12:00:00,541.5,541.5,1001,https://buff.163.com/market/goods?game=csgo&goods_id=781660
Desert Eagle | Printstream (Factory New),2026-07-16 12:00:00,536.0,536.0,1000,https://buff.163.com/market/goods?game=csgo&goods_id=781660
Desert Eagle | Printstream (Factory New),2026-07-17 12:00:00,536.0,542.5,1000,https://buff.163.com/market/goods?game=csgo&goods_id=781660
Desert Eagle | Printstream (Factory New),2026-07-18 12:00:00,540.0,540.0,1002,https://buff.163.com/market/goods?game=csgo&goods_id=781660
Desert Eagle | Printstream (Factory New),2026-07-19 12:00:00,543.0,543.0,1001,https://buff.163.com/market/goods?game=csgo&goods_id=781660
Desert Eagle | Printstream (Factory New),2026-07-20 12:00:00,544.0,544.0,1003,https://buff.163.com/market/goods?game=csgo&goods_id=781660
Desert Eagle | Printstream (Factory New),2026-07-21 12:00:00,536.5,536.5,1014,https://buff.163.com/market/goods?game=csgo&goods_id=781660
Desert Eagle | Printstream (Factory New),2026-07-22 12:00:00,529.5,529.5,1034,https://buff.163.com/market/goods?game=csgo&goods_id=781660
Desert Eagle | Printstream (Factory New),2026-07-23 12:00:00,537.0,533.0,1026,https://buff.163.com/market/goods?game=csgo&goods_id=781660
Desert Eagle | Printstream (Factory New),2026-07-24 12:00:00,537.0,537.0,1026,https://buff.163.com/market/goods?game=csgo&goods_id=781660
Desert Eagle | Printstream (Factory New),2026-07-25 12:00:00,529.5,529.5,1048,https://buff.163.com/market/goods?game=csgo&goods_id=781660
Desert Eagle | Printstream (Factory New),2026-07-26 12:00:00,529.5,529.5,1048,https://buff.163.com/market/goods?game=csgo&goods_id=781660
Desert Eagle | Printstream (Factory New),2026-07-27 12:00:00,533.0,533.0,1061,https://buff.163.com/market/goods?game=csgo&goods_id=781660
Desert Eagle | Printstream (Factory New),2026-07-28 12:00:00,529.5,529.5,1059,https://buff.163.com/market/goods?game=csgo&goods_id=781660
Desert Eagle | Printstream (Factory New),2026-07-29 12:00:00,528.0,528.0,1067,https://buff.163.com/market/goods?game=csgo&goods_id=781660
Desert Eagle | Printstream (Factory New),2026-07-30 12:00:00,514.9,518.0,1060,https://buff.163.com/market/goods?game=csgo&goods_id=781660
Desert Eagle | Printstream (Factory New),2026-07-31 12:00:00,511.0,511.0,1067,https://buff.163.com/market/goods?game=csgo&goods_id=781660
Desert Eagle | Printstream (Factory New),2026-08-01 12:00:00,511.0,514.0,1067,https://buff.163.com/market/goods?game=csgo&goods_id=781660
Desert Eagle | Printstream (Factory New),2026-08-02 12:00:00,509.5,504.98,1080,https://buff.163.com/market/goods?game=csgo&goods_id=781660
Desert Eagle | Printstream (Factory New),2026-08-03 12:00:00,503.98,503.0,1079,https://buff.163.com/market/goods?game=csgo&goods_id=781660
Desert Eagle | Printstream (Factory New),2026-08-04 12:00:00,506.0,500.5,1080,https://buff.163.com/market/goods?game=csgo&goods_id=781660
Desert Eagle | Printstream (Factory New),2026-08-05 12:00:00,508.0,497.5,1077,https://buff.163.com/market/goods?game=csgo&goods_id=781660
Desert Eagle | Printstream (Factory New),2026-08-06 12:00:00,499.0,505.0,1088,https://buff.163.com/market/goods?game=csgo&goods_id=781660
Desert Eagle | Printstream (Factory New),2026-08-07 12:00:00,507.0,503.0,1092,https://buff.163.com/market/goods?game=csgo&goods_id=781660
Desert Eagle | Printstream (Factory New),2026-08-08 12:00:00,502.5,507.0,1091,https://buff.163.com/market/goods?game=csgo&goods_id=781660
Desert Eagle | Printstream (Factory New),2026-08-09 12:00:00,513.0,508.74,1077,https://buff.163.com/market/goods?game=csgo&goods_id=781660
Desert Eagle | Printstream (Factory New),2026-08-10 12:00:00,504.5,508.0,1093,https://buff.163.com/market/goods?game=csgo&goods_id=781660
Desert Eagle | Printstream (Factory New),2026-08-11 12:00:00,509.5,503.0,1082,https://buff.163.com/market/goods?game=csgo&goods_id=781660
Desert Eagle | Printstream (Factory New),2026-08-12 12:00:00,502.0,500.0,1085,https://buff.163.com/market/goods?game=csgo&goods_id=781660
Desert Eagle | Printstream (Factory New),2026-08-13 12:00:00,501.0,500.0,1064,https://buff.163.com/market/goods?game=csgo&goods_id=781660
Desert Eagle | Printstream (Factory New),2026-08-14 12:00:00,499.5,495.0,1068,https://buff.163.com/market/goods?game=csgo&goods_id=781660
Desert Eagle | Printstream (Factory New),2026-08-15 12:00:00,497.0,488.5,1079,https://buff.163.com/market/goods?game=csgo&goods_id=781660
Desert Eagle | Printstream (Factory New),2026-08-16 12:00:00,488.5,495.5,1093,https://buff.163.com/market/goods?game=csgo&goods_id=781660
Desert Eagle | Printstream (Factory New),2026-08-17 12:00:00,494.5,482.5,1095,https://buff.163.com/market/goods?game=csgo&goods_id=781660
Desert Eagle | Printstream (Factory New),2026-08-18 12:00:00,478.0,480.38,1105,https://buff.163.com/market/goods?game=csgo&goods_id=781660
Desert Eagle | Printstream (Factory New),2026-08-19 12:00:00,481.0,478.5,1100,https://buff.163.com/market/goods?game=csgo&goods_id=781660
Desert Eagle | Printstream (Factory New),2026-08-20 12:00:00,479.0,471.5,1112,https://buff.163.com/market/goods?game=csgo&goods_id=781660
Desert Eagle | Printstream (Factory New),2026-08-21 12:00:00,475.0,477.5,1119,https://buff.163.com/market/goods?game=csgo&goods_id=781660
Desert Eagle | Printstream (Factory New),2026-08-22 12:00:00,478.0,479.0,1109,https://buff.163.com/market/goods?game=csgo&goods_id=781660
Desert Eagle | Printstream (Factory New),2026-08-23 12:00:00,489.5,495.0,1105,https://buff.163.com/market/goods?game=csgo&goods_id=781660
Desert Eagle | Printstream (Factory New),2026-08-24 12:00:00,498.99,486.0,1107,https://buff.163.com/market/goods?game=csgo&goods_id=781660
Desert Eagle | Printstream (Factory New),2026-08-25 12:00:00,487.5,484.0,1181,https://buff.163.com/market/goods?game=csgo&goods_id=781660
Desert Eagle | Printstream (Factory New),2026-08-26 12:00:00,483.0,483.0,1151,https://buff.163.com/market/goods?game=csgo&goods_id=781660
Desert Eagle | Printstream (Factory New),2026-08-27 12:00:00,482.5,489.49,1125,https://buff.163.com/market/goods?game=csgo&goods_id=781660
Desert Eagle | Printstream (Factory New),2026-08-28 12:00:00,490.0,495.0,1059,https://buff.163.com/market/goods?game=csgo&goods_id=781660
Desert Eagle | Printstream (Factory New),2026-08-29 12:00:00,496.83,508.5,1056,https://buff.163.com/market/goods?game=csgo&goods_id=781660
Desert Eagle | Printstream (Factory New),2026-08-30 12:00:00,499.5,499.5,1038,https://buff.163.com/market/goods?game=csgo&goods_id=781660
Desert Eagle | Printstream (Factory New),2026-08-31 12:00:00,500.0,500.0,1028,https://buff.163.com/market/goods?game=csgo&goods_id=781660
Sticker | Bolt Energy (Foil),2025-08-31 12:00:00,10.88,10.88,211,https://buff.163.com/market/goods?game=csgo&goods_id=968070
Sticker | Bolt Energy (Foil),2025-09-04 12:00:00,11.64,11.64,205,https://buff.163.com/market/goods?game=csgo&goods_id=968070
Sticker | Bolt Energy (Foil),2025-09-10 12:00:00,14.3,14.3,227,https://buff.163.com/market/goods?game=csgo&goods_id=968070
Sticker | Bolt Energy (Foil),2025-09-16 12:00:00,14.08,14.08,220,https://buff.163.com/market/goods?game=csgo&goods_id=968070
Sticker | Bolt Energy (Foil),2025-09-22 12:00:00,14.7,14.7,252,https://buff.163.com/market/goods?game=csgo&goods_id=968070
Sticker | Bolt Energy (Foil),2025-09-28 12:00:00,17.0,17.0,232,https://buff.163.com/market/goods?game=csgo&goods_id=968070
Sticker | Bolt Energy (Foil),2025-10-04 12:00:00,22.09,22.09,304,https://buff.163.com/market/goods?game=csgo&goods_id=968070
Sticker | Bolt Energy (Foil),2025-10-11 12:00:00,21.0,21.0,319,https://buff.163.com/market/goods?game=csgo&goods_id=968070
Sticker | Bolt Energy (Foil),2025-10-17 12:00:00,14.5,14.5,310,https://buff.163.com/market/goods?game=csgo&goods_id=968070
Sticker | Bolt Energy (Foil),2025-10-23 12:00:00,10.7,10.7,279,https://buff.163.com/market/goods?game=csgo&goods_id=968070
Sticker | Bolt Energy (Foil),2025-10-29 12:00:00,11.1,11.1,312,https://buff.163.com/market/goods?game=csgo&goods_id=968070
Sticker | Bolt Energy (Foil),2025-11-04 12:00:00,12.69,12.69,561,https://buff.163.com/market/goods?game=csgo&goods_id=968070
Sticker | Bolt Energy (Foil),2025-11-10 12:00:00,12.15,12.15,753,https://buff.163.com/market/goods?game=csgo&goods_id=968070
Sticker | Bolt Energy (Foil),2025-11-16 12:00:00,10.9,10.9,853,https://buff.163.com/market/goods?game=csgo&goods_id=968070
Sticker | Bolt Energy (Foil),2025-11-22 12:00:00,9.86,9.86,895,https://buff.163.com/market/goods?game=csgo&goods_id=968070
Sticker | Bolt Energy (Foil),2025-11-28 12:00:00,9.54,9.54,659,https://buff.163.com/market/goods?game=csgo&goods_id=968070
Sticker | Bolt Energy (Foil),2025-12-04 12:00:00,9.78,9.78,752,https://buff.163.com/market/goods?game=csgo&goods_id=968070
Sticker | Bolt Energy (Foil),2025-12-10 12:00:00,11.24,11.24,766,https://buff.163.com/market/goods?game=csgo&goods_id=968070
Sticker | Bolt Energy (Foil),2025-12-16 12:00:00,11.3,11.3,652,https://buff.163.com/market/goods?game=csgo&goods_id=968070
Sticker | Bolt Energy (Foil),2025-12-23 12:00:00,11.0,11.0,515,https://buff.163.com/market/goods?game=csgo&goods_id=968070
Sticker | Bolt Energy (Foil),2025-12-29 12:00:00,10.55,10.55,590,https://buff.163.com/market/goods?game=csgo&goods_id=968070
Sticker | Bolt Energy (Foil),2026-01-04 12:00:00,11.2,11.2,633,https://buff.163.com/market/goods?game=csgo&goods_id=968070
Sticker | Bolt Energy (Foil),2026-01-10 12:00:00,11.38,11.38,706,https://buff.163.com/market/goods?game=csgo&goods_id=968070
Sticker | Bolt Energy (Foil),2026-01-16 12:00:00,11.28,11.28,616,https://buff.163.com/market/goods?game=csgo&goods_id=968070
Sticker | Bolt Energy (Foil),2026-01-22 12:00:00,10.6,10.6,702,https://buff.163.com/market/goods?game=csgo&goods_id=968070
Sticker | Bolt Energy (Foil),2026-01-28 12:00:00,9.82,9.82,681,https://buff.163.com/market/goods?game=csgo&goods_id=968070
Sticker | Bolt Energy (Foil),2026-02-03 12:00:00,9.64,9.64,754,https://buff.163.com/market/goods?game=csgo&goods_id=968070
Sticker | Bolt Energy (Foil),2026-02-09 12:00:00,9.78,9.78,925,https://buff.163.com/market/goods?game=csgo&goods_id=968070
Sticker | Bolt Energy (Foil),2026-02-15 12:00:00,10.87,10.87,667,https://buff.163.com/market/goods?game=csgo&goods_id=968070
Sticker | Bolt Energy (Foil),2026-02-21 12:00:00,10.91,10.91,551,https://buff.163.com/market/goods?game=csgo&goods_id=968070
Sticker | Bolt Energy (Foil),2026-02-27 12:00:00,12.8,12.8,526,https://buff.163.com/market/goods?game=csgo&goods_id=968070
Sticker | Bolt Energy (Foil),2026-03-04 12:00:00,12.2,12.2,540,https://buff.163.com/market/goods?game=csgo&goods_id=968070
Sticker | Bolt Energy (Foil),2026-03-06 12:00:00,11.7,11.7,738,https://buff.163.com/market/goods?game=csgo&goods_id=968070
Sticker | Bolt Energy (Foil),2026-03-07 12:00:00,11.5,11.5,635,https://buff.163.com/market/goods?game=csgo&goods_id=968070
Sticker | Bolt Energy (Foil),2026-03-10 12:00:00,11.3,11.3,696,https://buff.163.com/market/goods?game=csgo&goods_id=968070
Sticker | Bolt Energy (Foil),2026-03-12 12:00:00,11.3,11.3,641,https://buff.163.com/market/goods?game=csgo&goods_id=968070
Sticker | Bolt Energy (Foil),2026-03-13 12:00:00,11.2,11.2,551,https://buff.163.com/market/goods?game=csgo&goods_id=968070
Sticker | Bolt Energy (Foil),2026-03-16 12:00:00,11.87,11.87,601,https://buff.163.com/market/goods?game=csgo&goods_id=968070
Sticker | Bolt Energy (Foil),2026-03-18 12:00:00,10.76,10.76,584,https://buff.163.com/market/goods?game=csgo&goods_id=968070
Sticker | Bolt Energy (Foil),2026-03-19 12:00:00,10.99,10.99,603,https://buff.163.com/market/goods?game=csgo&goods_id=968070
Sticker | Bolt Energy (Foil),2026-03-22 12:00:00,10.88,10.88,583,https://buff.163.com/market/goods?game=csgo&goods_id=968070
Sticker | Bolt Energy (Foil),2026-03-24 12:00:00,10.84,10.84,751,https://buff.163.com/market/goods?game=csgo&goods_id=968070
Sticker | Bolt Energy (Foil),2026-03-25 12:00:00,10.96,10.96,800,https://buff.163.com/market/goods?game=csgo&goods_id=968070
Sticker | Bolt Energy (Foil),2026-03-28 12:00:00,10.81,10.81,677,https://buff.163.com/market/goods?game=csgo&goods_id=968070
Sticker | Bolt Energy (Foil),2026-03-30 12:00:00,11.0,11.0,710,https://buff.163.com/market/goods?game=csgo&goods_id=968070
Sticker | Bolt Energy (Foil),2026-03-31 12:00:00,11.17,11.17,662,https://buff.163.com/market/goods?game=csgo&goods_id=968070
Sticker | Bolt Energy (Foil),2026-04-03 12:00:00,11.0,11.0,710,https://buff.163.com/market/goods?game=csgo&goods_id=968070
Sticker | Bolt Energy (Foil),2026-04-05 12:00:00,10.7,10.7,629,https://buff.163.com/market/goods?game=csgo&goods_id=968070
Sticker | Bolt Energy (Foil),2026-04-06 12:00:00,10.76,10.76,625,https://buff.163.com/market/goods?game=csgo&goods_id=968070
Sticker | Bolt Energy (Foil),2026-04-09 12:00:00,10.0,10.0,635,https://buff.163.com/market/goods?game=csgo&goods_id=968070
Sticker | Bolt Energy (Foil),2026-04-11 12:00:00,9.88,9.88,677,https://buff.163.com/market/goods?game=csgo&goods_id=968070
Sticker | Bolt Energy (Foil),2026-04-12 12:00:00,9.9,9.9,680,https://buff.163.com/market/goods?game=csgo&goods_id=968070
Sticker | Bolt Energy (Foil),2026-04-15 12:00:00,9.74,9.74,754,https://buff.163.com/market/goods?game=csgo&goods_id=968070
Sticker | Bolt Energy (Foil),2026-04-17 12:00:00,8.9,8.9,836,https://buff.163.com/market/goods?game=csgo&goods_id=968070
Sticker | Bolt Energy (Foil),2026-04-18 12:00:00,8.9,8.9,845,https://buff.163.com/market/goods?game=csgo&goods_id=968070
Sticker | Bolt Energy (Foil),2026-04-21 12:00:00,8.58,8.58,1709,https://buff.163.com/market/goods?game=csgo&goods_id=968070
Sticker | Bolt Energy (Foil),2026-04-23 12:00:00,8.45,8.45,1676,https://buff.163.com/market/goods?game=csgo&goods_id=968070
Sticker | Bolt Energy (Foil),2026-04-24 12:00:00,8.57,8.57,1529,https://buff.163.com/market/goods?game=csgo&goods_id=968070
Sticker | Bolt Energy (Foil),2026-04-27 12:00:00,8.35,8.35,1713,https://buff.163.com/market/goods?game=csgo&goods_id=968070
Sticker | Bolt Energy (Foil),2026-04-29 12:00:00,7.68,7.68,1785,https://buff.163.com/market/goods?game=csgo&goods_id=968070
Sticker | Bolt Energy (Foil),2026-04-30 12:00:00,7.54,7.54,1729,https://buff.163.com/market/goods?game=csgo&goods_id=968070
Sticker | Bolt Energy (Foil),2026-05-03 12:00:00,7.44,7.44,1654,https://buff.163.com/market/goods?game=csgo&goods_id=968070
Sticker | Bolt Energy (Foil),2026-05-05 12:00:00,7.41,7.41,1552,https://buff.163.com/market/goods?game=csgo&goods_id=968070
Sticker | Bolt Energy (Foil),2026-05-06 12:00:00,7.44,7.44,1440,https://buff.163.com/market/goods?game=csgo&goods_id=968070
Sticker | Bolt Energy (Foil),2026-05-09 12:00:00,7.09,7.09,1678,https://buff.163.com/market/goods?game=csgo&goods_id=968070
Sticker | Bolt Energy (Foil),2026-05-11 12:00:00,6.94,6.94,1687,https://buff.163.com/market/goods?game=csgo&goods_id=968070
Sticker | Bolt Energy (Foil),2026-05-12 12:00:00,7.0,7.0,1596,https://buff.163.com/market/goods?game=csgo&goods_id=968070
Sticker | Bolt Energy (Foil),2026-05-15 12:00:00,6.81,6.81,1398,https://buff.163.com/market/goods?game=csgo&goods_id=968070
Sticker | Bolt Energy (Foil),2026-05-18 12:00:00,7.13,7.12,1490,https://buff.163.com/market/goods?game=csgo&goods_id=968070
Sticker | Bolt Energy (Foil),2026-05-21 12:00:00,7.57,7.57,1531,https://buff.163.com/market/goods?game=csgo&goods_id=968070
Sticker | Bolt Energy (Foil),2026-05-24 12:00:00,6.33,6.5,2006,https://buff.163.com/market/goods?game=csgo&goods_id=968070
Sticker | Bolt Energy (Foil),2026-05-27 12:00:00,5.84,5.84,1606,https://buff.163.com/market/goods?game=csgo&goods_id=968070
Sticker | Bolt Energy (Foil),2026-05-30 12:00:00,6.14,6.05,1394,https://buff.163.com/market/goods?game=csgo&goods_id=968070
Sticker | Bolt Energy (Foil),2026-06-02 12:00:00,6.15,6.15,1679,https://buff.163.com/market/goods?game=csgo&goods_id=968070
Sticker | Bolt Energy (Foil),2026-06-03 12:00:00,5.99,5.99,1478,https://buff.163.com/market/goods?game=csgo&goods_id=968070
Sticker | Bolt Energy (Foil),2026-06-04 12:00:00,5.94,5.94,1389,https://buff.163.com/market/goods?game=csgo&goods_id=968070
Sticker | Bolt Energy (Foil),2026-06-05 12:00:00,5.98,5.94,1239,https://buff.163.com/market/goods?game=csgo&goods_id=968070
Sticker | Bolt Energy (Foil),2026-06-06 12:00:00,5.94,5.94,1328,https://buff.163.com/market/goods?game=csgo&goods_id=968070
Sticker | Bolt Energy (Foil),2026-06-07 12:00:00,5.96,5.96,1261,https://buff.163.com/market/goods?game=csgo&goods_id=968070
Sticker | Bolt Energy (Foil),2026-06-08 12:00:00,5.97,5.97,1150,https://buff.163.com/market/goods?game=csgo&goods_id=968070
Sticker | Bolt Energy (Foil),2026-06-09 12:00:00,5.97,5.97,1150,https://buff.163.com/market/goods?game=csgo&goods_id=968070
Sticker | Bolt Energy (Foil),2026-06-10 12:00:00,6.25,6.25,1238,https://buff.163.com/market/goods?game=csgo&goods_id=968070
Sticker | Bolt Energy (Foil),2026-06-11 12:00:00,6.16,6.23,1190,https://buff.163.com/market/goods?game=csgo&goods_id=968070
Sticker | Bolt Energy (Foil),2026-06-12 12:00:00,6.17,6.17,1223,https://buff.163.com/market/goods?game=csgo&goods_id=968070
Sticker | Bolt Energy (Foil),2026-06-13 12:00:00,6.1,6.1,1200,https://buff.163.com/market/goods?game=csgo&goods_id=968070
Sticker | Bolt Energy (Foil),2026-06-14 12:00:00,6.16,6.16,1182,https://buff.163.com/market/goods?game=csgo&goods_id=968070
Sticker | Bolt Energy (Foil),2026-06-15 12:00:00,6.16,6.16,1182,https://buff.163.com/market/goods?game=csgo&goods_id=968070
Sticker | Bolt Energy (Foil),2026-06-16 12:00:00,6.28,6.28,1076,https://buff.163.com/market/goods?game=csgo&goods_id=968070
Sticker | Bolt Energy (Foil),2026-06-17 12:00:00,6.21,6.21,1084,https://buff.163.com/market/goods?game=csgo&goods_id=968070
Sticker | Bolt Energy (Foil),2026-06-18 12:00:00,6.21,6.21,1121,https://buff.163.com/market/goods?game=csgo&goods_id=968070
Sticker | Bolt Energy (Foil),2026-06-19 12:00:00,6.21,6.21,1068,https://buff.163.com/market/goods?game=csgo&goods_id=968070
Sticker | Bolt Energy (Foil),2026-06-20 12:00:00,6.21,6.21,1061,https://buff.163.com/market/goods?game=csgo&goods_id=968070
Sticker | Bolt Energy (Foil),2026-06-21 12:00:00,6.21,6.21,1071,https://buff.163.com/market/goods?game=csgo&goods_id=968070
Sticker | Bolt Energy (Foil),2026-06-22 12:00:00,6.15,6.15,1148,https://buff.163.com/market/goods?game=csgo&goods_id=968070
Sticker | Bolt Energy (Foil),2026-06-23 12:00:00,6.14,6.13,1145,https://buff.163.com/market/goods?game=csgo&goods_id=968070
Sticker | Bolt Energy (Foil),2026-06-24 12:00:00,6.14,6.14,1129,https://buff.163.com/market/goods?game=csgo&goods_id=968070
Sticker | Bolt Energy (Foil),2026-06-25 12:00:00,6.1,6.1,1055,https://buff.163.com/market/goods?game=csgo&goods_id=968070
Sticker | Bolt Energy (Foil),2026-06-26 12:00:00,6.14,6.14,1034,https://buff.163.com/market/goods?game=csgo&goods_id=968070
Sticker | Bolt Energy (Foil),2026-06-27 12:00:00,6.16,6.16,1030,https://buff.163.com/market/goods?game=csgo&goods_id=968070
Sticker | Bolt Energy (Foil),2026-06-28 12:00:00,6.16,6.16,1025,https://buff.163.com/market/goods?game=csgo&goods_id=968070
Sticker | Bolt Energy (Foil),2026-06-29 12:00:00,6.18,6.18,1085,https://buff.163.com/market/goods?game=csgo&goods_id=968070
Sticker | Bolt Energy (Foil),2026-06-30 12:00:00,6.18,6.18,1085,https://buff.163.com/market/goods?game=csgo&goods_id=968070
Sticker | Bolt Energy (Foil),2026-07-01 12:00:00,6.12,6.12,1270,https://buff.163.com/market/goods?game=csgo&goods_id=968070
Sticker | Bolt Energy (Foil),2026-07-02 12:00:00,6.13,6.13,1261,https://buff.163.com/market/goods?game=csgo&goods_id=968070
Sticker | Bolt Energy (Foil),2026-07-03 12:00:00,6.1,6.1,1273,https://buff.163.com/market/goods?game=csgo&goods_id=968070
Sticker | Bolt Energy (Foil),2026-07-04 12:00:00,6.13,6.13,1250,https://buff.163.com/market/goods?game=csgo&goods_id=968070
Sticker | Bolt Energy (Foil),2026-07-05 12:00:00,6.12,6.09,1255,https://buff.163.com/market/goods?game=csgo&goods_id=968070
Sticker | Bolt Energy (Foil),2026-07-06 12:00:00,6.1,6.1,1262,https://buff.163.com/market/goods?game=csgo&goods_id=968070
Sticker | Bolt Energy (Foil),2026-07-07 12:00:00,6.08,6.08,1265,https://buff.163.com/market/goods?game=csgo&goods_id=968070
Sticker | Bolt Energy (Foil),2026-07-08 12:00:00,6.09,6.09,1250,https://buff.163.com/market/goods?game=csgo&goods_id=968070
Sticker | Bolt Energy (Foil),2026-07-09 12:00:00,5.65,5.65,1417,https://buff.163.com/market/goods?game=csgo&goods_id=968070
Sticker | Bolt Energy (Foil),2026-07-10 12:00:00,5.18,5.18,1490,https://buff.163.com/market/goods?game=csgo&goods_id=968070
Sticker | Bolt Energy (Foil),2026-07-11 12:00:00,5.16,4.75,1490,https://buff.163.com/market/goods?game=csgo&goods_id=968070
Sticker | Bolt Energy (Foil),2026-07-12 12:00:00,4.98,4.98,1688,https://buff.163.com/market/goods?game=csgo&goods_id=968070
Sticker | Bolt Energy (Foil),2026-07-13 12:00:00,4.74,4.74,1625,https://buff.163.com/market/goods?game=csgo&goods_id=968070
Sticker | Bolt Energy (Foil),2026-07-14 12:00:00,4.6,4.6,1597,https://buff.163.com/market/goods?game=csgo&goods_id=968070
Sticker | Bolt Energy (Foil),2026-07-15 12:00:00,4.39,4.39,1827,https://buff.163.com/market/goods?game=csgo&goods_id=968070
Sticker | Bolt Energy (Foil),2026-07-16 12:00:00,4.25,4.25,1727,https://buff.163.com/market/goods?game=csgo&goods_id=968070
Sticker | Bolt Energy (Foil),2026-07-17 12:00:00,4.24,4.24,1672,https://buff.163.com/market/goods?game=csgo&goods_id=968070
Sticker | Bolt Energy (Foil),2026-07-18 12:00:00,4.24,4.24,1672,https://buff.163.com/market/goods?game=csgo&goods_id=968070
Sticker | Bolt Energy (Foil),2026-07-19 12:00:00,4.27,4.27,1535,https://buff.163.com/market/goods?game=csgo&goods_id=968070
Sticker | Bolt Energy (Foil),2026-07-20 12:00:00,4.28,4.28,1348,https://buff.163.com/market/goods?game=csgo&goods_id=968070
Sticker | Bolt Energy (Foil),2026-07-21 12:00:00,4.28,4.28,1348,https://buff.163.com/market/goods?game=csgo&goods_id=968070
Sticker | Bolt Energy (Foil),2026-07-22 12:00:00,4.26,4.26,1051,https://buff.163.com/market/goods?game=csgo&goods_id=968070
Sticker | Bolt Energy (Foil),2026-07-23 12:00:00,4.22,3.99,1044,https://buff.163.com/market/goods?game=csgo&goods_id=968070
Sticker | Bolt Energy (Foil),2026-07-24 12:00:00,4.11,4.11,1051,https://buff.163.com/market/goods?game=csgo&goods_id=968070
Sticker | Bolt Energy (Foil),2026-07-25 12:00:00,3.99,3.99,1023,https://buff.163.com/market/goods?game=csgo&goods_id=968070
Sticker | Bolt Energy (Foil),2026-07-26 12:00:00,3.97,3.97,912,https://buff.163.com/market/goods?game=csgo&goods_id=968070
Sticker | Bolt Energy (Foil),2026-07-27 12:00:00,3.97,3.97,920,https://buff.163.com/market/goods?game=csgo&goods_id=968070
Sticker | Bolt Energy (Foil),2026-07-28 12:00:00,3.95,3.95,912,https://buff.163.com/market/goods?game=csgo&goods_id=968070
Sticker | Bolt Energy (Foil),2026-07-29 12:00:00,3.92,3.92,1034,https://buff.163.com/market/goods?game=csgo&goods_id=968070
Sticker | Bolt Energy (Foil),2026-07-30 12:00:00,3.7,3.83,1404,https://buff.163.com/market/goods?game=csgo&goods_id=968070
Sticker | Bolt Energy (Foil),2026-07-31 12:00:00,3.67,3.67,1383,https://buff.163.com/market/goods?game=csgo&goods_id=968070
Sticker | Bolt Energy (Foil),2026-08-01 12:00:00,3.67,3.67,1383,https://buff.163.com/market/goods?game=csgo&goods_id=968070
Sticker | Bolt Energy (Foil),2026-08-02 12:00:00,3.49,3.42,1422,https://buff.163.com/market/goods?game=csgo&goods_id=968070
Sticker | Bolt Energy (Foil),2026-08-03 12:00:00,3.43,3.36,1466,https://buff.163.com/market/goods?game=csgo&goods_id=968070
Sticker | Bolt Energy (Foil),2026-08-04 12:00:00,3.37,3.31,1396,https://buff.163.com/market/goods?game=csgo&goods_id=968070
Sticker | Bolt Energy (Foil),2026-08-05 12:00:00,3.28,3.1,1255,https://buff.163.com/market/goods?game=csgo&goods_id=968070
Sticker | Bolt Energy (Foil),2026-08-06 12:00:00,3.29,3.28,1258,https://buff.163.com/market/goods?game=csgo&goods_id=968070
Sticker | Bolt Energy (Foil),2026-08-07 12:00:00,3.28,3.25,1257,https://buff.163.com/market/goods?game=csgo&goods_id=968070
Sticker | Bolt Energy (Foil),2026-08-08 12:00:00,3.28,3.28,1239,https://buff.163.com/market/goods?game=csgo&goods_id=968070
Sticker | Bolt Energy (Foil),2026-08-09 12:00:00,3.27,3.29,1234,https://buff.163.com/market/goods?game=csgo&goods_id=968070
Sticker | Bolt Energy (Foil),2026-08-10 12:00:00,3.29,3.28,1205,https://buff.163.com/market/goods?game=csgo&goods_id=968070
Sticker | Bolt Energy (Foil),2026-08-11 12:00:00,3.19,3.18,1303,https://buff.163.com/market/goods?game=csgo&goods_id=968070
Sticker | Bolt Energy (Foil),2026-08-12 12:00:00,3.19,3.19,1252,https://buff.163.com/market/goods?game=csgo&goods_id=968070
Sticker | Bolt Energy (Foil),2026-08-13 12:00:00,3.2,3.19,1231,https://buff.163.com/market/goods?game=csgo&goods_id=968070
Sticker | Bolt Energy (Foil),2026-08-14 12:00:00,3.72,3.7,1195,https://buff.163.com/market/goods?game=csgo&goods_id=968070
Sticker | Bolt Energy (Foil),2026-08-15 12:00:00,3.49,3.44,1319,https://buff.163.com/market/goods?game=csgo&goods_id=968070
Sticker | Bolt Energy (Foil),2026-08-16 12:00:00,3.45,3.4,1246,https://buff.163.com/market/goods?game=csgo&goods_id=968070
Sticker | Bolt Energy (Foil),2026-08-17 12:00:00,3.3,3.36,1170,https://buff.163.com/market/goods?game=csgo&goods_id=968070
Sticker | Bolt Energy (Foil),2026-08-18 12:00:00,3.34,3.34,1218,https://buff.163.com/market/goods?game=csgo&goods_id=968070
Sticker | Bolt Energy (Foil),2026-08-19 12:00:00,3.35,3.31,1202,https://buff.163.com/market/goods?game=csgo&goods_id=968070
Sticker | Bolt Energy (Foil),2026-08-20 12:00:00,3.34,3.32,1206,https://buff.163.com/market/goods?game=csgo&goods_id=968070
Sticker | Bolt Energy (Foil),2026-08-21 12:00:00,3.35,3.29,1282,https://buff.163.com/market/goods?game=csgo&goods_id=968070
Sticker | Bolt Energy (Foil),2026-08-22 12:00:00,3.29,3.25,1320,https://buff.163.com/market/goods?game=csgo&goods_id=968070
Sticker | Bolt Energy (Foil),2026-08-23 12:00:00,3.24,3.22,1469,https://buff.163.com/market/goods?game=csgo&goods_id=968070
Sticker | Bolt Energy (Foil),2026-08-24 12:00:00,3.19,3.1,1364,https://buff.163.com/market/goods?game=csgo&goods_id=968070
Sticker | Bolt Energy (Foil),2026-08-25 12:00:00,3.1,3.0,1394,https://buff.163.com/market/goods?game=csgo&goods_id=968070
Sticker | Bolt Energy (Foil),2026-08-26 12:00:00,2.99,2.99,1339,https://buff.163.com/market/goods?game=csgo&goods_id=968070
Sticker | Bolt Energy (Foil),2026-08-27 12:00:00,3.13,3.38,1102,https://buff.163.com/market/goods?game=csgo&goods_id=968070
Sticker | Bolt Energy (Foil),2026-08-28 12:00:00,3.38,3.44,1148,https://buff.163.com/market/goods?game=csgo&goods_id=968070
Sticker | Bolt Energy (Foil),2026-08-29 12:00:00,3.4,3.45,1194,https://buff.163.com/market/goods?game=csgo&goods_id=968070
Sticker | Bolt Energy (Foil),2026-08-30 12:00:00,3.39,3.39,1201,https://buff.163.com/market/goods?game=csgo&goods_id=968070
Sticker | Bolt Energy (Foil),2026-08-31 12:00:00,3.37,3.37,1238,https://buff.163.com/market/goods?game=csgo&goods_id=968070
M4A1-S | Leaded Glass (Factory New),2025-08-31 12:00:00,650.0,650.0,99,https://buff.163.com/market/goods?game=csgo&goods_id=35228
M4A1-S | Leaded Glass (Factory New),2025-09-04 12:00:00,1145.0,1145.0,21,https://buff.163.com/market/goods?game=csgo&goods_id=35228
M4A1-S | Leaded Glass (Factory New),2025-09-10 12:00:00,2350.0,2350.0,76,https://buff.163.com/market/goods?game=csgo&goods_id=35228
M4A1-S | Leaded Glass (Factory New),2025-09-16 12:00:00,1600.0,1600.0,86,https://buff.163.com/market/goods?game=csgo&goods_id=35228
M4A1-S | Leaded Glass (Factory New),2025-09-22 12:00:00,1330.0,1330.0,114,https://buff.163.com/market/goods?game=csgo&goods_id=35228
M4A1-S | Leaded Glass (Factory New),2025-09-28 12:00:00,1410.0,1410.0,129,https://buff.163.com/market/goods?game=csgo&goods_id=35228
M4A1-S | Leaded Glass (Factory New),2025-10-04 12:00:00,1100.0,1100.0,153,https://buff.163.com/market/goods?game=csgo&goods_id=35228
M4A1-S | Leaded Glass (Factory New),2025-10-11 12:00:00,923.5,923.5,154,https://buff.163.com/market/goods?game=csgo&goods_id=35228
M4A1-S | Leaded Glass (Factory New),2025-10-17 12:00:00,596.47,596.47,163,https://buff.163.com/market/goods?game=csgo&goods_id=35228
M4A1-S | Leaded Glass (Factory New),2025-10-23 12:00:00,339.99,339.99,183,https://buff.163.com/market/goods?game=csgo&goods_id=35228
M4A1-S | Leaded Glass (Factory New),2025-10-29 12:00:00,350.0,350.0,190,https://buff.163.com/market/goods?game=csgo&goods_id=35228
M4A1-S | Leaded Glass (Factory New),2025-11-04 12:00:00,375.0,375.0,213,https://buff.163.com/market/goods?game=csgo&goods_id=35228
M4A1-S | Leaded Glass (Factory New),2025-11-10 12:00:00,344.49,344.49,259,https://buff.163.com/market/goods?game=csgo&goods_id=35228
M4A1-S | Leaded Glass (Factory New),2025-11-16 12:00:00,322.0,322.0,260,https://buff.163.com/market/goods?game=csgo&goods_id=35228
M4A1-S | Leaded Glass (Factory New),2025-11-22 12:00:00,305.0,305.0,287,https://buff.163.com/market/goods?game=csgo&goods_id=35228
M4A1-S | Leaded Glass (Factory New),2025-11-28 12:00:00,350.0,350.0,261,https://buff.163.com/market/goods?game=csgo&goods_id=35228
M4A1-S | Leaded Glass (Factory New),2025-12-04 12:00:00,314.99,314.99,297,https://buff.163.com/market/goods?game=csgo&goods_id=35228
M4A1-S | Leaded Glass (Factory New),2025-12-10 12:00:00,293.48,293.48,326,https://buff.163.com/market/goods?game=csgo&goods_id=35228
M4A1-S | Leaded Glass (Factory New),2025-12-16 12:00:00,289.99,289.99,360,https://buff.163.com/market/goods?game=csgo&goods_id=35228
M4A1-S | Leaded Glass (Factory New),2025-12-23 12:00:00,318.0,318.0,358,https://buff.163.com/market/goods?game=csgo&goods_id=35228
M4A1-S | Leaded Glass (Factory New),2025-12-29 12:00:00,378.0,378.0,264,https://buff.163.com/market/goods?game=csgo&goods_id=35228
M4A1-S | Leaded Glass (Factory New),2026-01-04 12:00:00,388.0,388.0,281,https://buff.163.com/market/goods?game=csgo&goods_id=35228
M4A1-S | Leaded Glass (Factory New),2026-01-10 12:00:00,338.0,338.0,333,https://buff.163.com/market/goods?game=csgo&goods_id=35228
M4A1-S | Leaded Glass (Factory New),2026-01-16 12:00:00,321.5,321.5,319,https://buff.163.com/market/goods?game=csgo&goods_id=35228
M4A1-S | Leaded Glass (Factory New),2026-01-22 12:00:00,309.9,309.9,316,https://buff.163.com/market/goods?game=csgo&goods_id=35228
M4A1-S | Leaded Glass (Factory New),2026-01-28 12:00:00,375.0,375.0,271,https://buff.163.com/market/goods?game=csgo&goods_id=35228
M4A1-S | Leaded Glass (Factory New),2026-02-03 12:00:00,346.0,346.0,297,https://buff.163.com/market/goods?game=csgo&goods_id=35228
M4A1-S | Leaded Glass (Factory New),2026-02-09 12:00:00,362.17,362.17,289,https://buff.163.com/market/goods?game=csgo&goods_id=35228
M4A1-S | Leaded Glass (Factory New),2026-02-15 12:00:00,388.0,388.0,260,https://buff.163.com/market/goods?game=csgo&goods_id=35228
M4A1-S | Leaded Glass (Factory New),2026-02-21 12:00:00,414.5,414.5,227,https://buff.163.com/market/goods?game=csgo&goods_id=35228
M4A1-S | Leaded Glass (Factory New),2026-02-27 12:00:00,386.0,386.0,244,https://buff.163.com/market/goods?game=csgo&goods_id=35228
M4A1-S | Leaded Glass (Factory New),2026-03-04 12:00:00,405.0,405.0,239,https://buff.163.com/market/goods?game=csgo&goods_id=35228
M4A1-S | Leaded Glass (Factory New),2026-03-06 12:00:00,424.99,424.99,273,https://buff.163.com/market/goods?game=csgo&goods_id=35228
M4A1-S | Leaded Glass (Factory New),2026-03-07 12:00:00,428.99,428.99,227,https://buff.163.com/market/goods?game=csgo&goods_id=35228
M4A1-S | Leaded Glass (Factory New),2026-03-10 12:00:00,422.78,422.78,268,https://buff.163.com/market/goods?game=csgo&goods_id=35228
M4A1-S | Leaded Glass (Factory New),2026-03-12 12:00:00,419.9,419.9,271,https://buff.163.com/market/goods?game=csgo&goods_id=35228
M4A1-S | Leaded Glass (Factory New),2026-03-13 12:00:00,413.0,413.0,278,https://buff.163.com/market/goods?game=csgo&goods_id=35228
M4A1-S | Leaded Glass (Factory New),2026-03-16 12:00:00,484.0,484.0,211,https://buff.163.com/market/goods?game=csgo&goods_id=35228
M4A1-S | Leaded Glass (Factory New),2026-03-18 12:00:00,438.44,438.44,229,https://buff.163.com/market/goods?game=csgo&goods_id=35228
M4A1-S | Leaded Glass (Factory New),2026-03-19 12:00:00,438.96,438.96,230,https://buff.163.com/market/goods?game=csgo&goods_id=35228
M4A1-S | Leaded Glass (Factory New),2026-03-22 12:00:00,428.5,428.5,260,https://buff.163.com/market/goods?game=csgo&goods_id=35228
M4A1-S | Leaded Glass (Factory New),2026-03-24 12:00:00,419.5,419.5,265,https://buff.163.com/market/goods?game=csgo&goods_id=35228
M4A1-S | Leaded Glass (Factory New),2026-03-25 12:00:00,425.5,425.5,261,https://buff.163.com/market/goods?game=csgo&goods_id=35228
M4A1-S | Leaded Glass (Factory New),2026-03-28 12:00:00,412.9,412.9,274,https://buff.163.com/market/goods?game=csgo&goods_id=35228
M4A1-S | Leaded Glass (Factory New),2026-03-30 12:00:00,400.0,400.0,280,https://buff.163.com/market/goods?game=csgo&goods_id=35228
M4A1-S | Leaded Glass (Factory New),2026-03-31 12:00:00,400.0,400.0,266,https://buff.163.com/market/goods?game=csgo&goods_id=35228
M4A1-S | Leaded Glass (Factory New),2026-04-03 12:00:00,413.99,413.99,264,https://buff.163.com/market/goods?game=csgo&goods_id=35228
M4A1-S | Leaded Glass (Factory New),2026-04-05 12:00:00,396.9,396.9,277,https://buff.163.com/market/goods?game=csgo&goods_id=35228
M4A1-S | Leaded Glass (Factory New),2026-04-06 12:00:00,396.9,396.9,277,https://buff.163.com/market/goods?game=csgo&goods_id=35228
M4A1-S | Leaded Glass (Factory New),2026-04-09 12:00:00,378.5,378.5,278,https://buff.163.com/market/goods?game=csgo&goods_id=35228
M4A1-S | Leaded Glass (Factory New),2026-04-11 12:00:00,360.99,360.99,293,https://buff.163.com/market/goods?game=csgo&goods_id=35228
M4A1-S | Leaded Glass (Factory New),2026-04-12 12:00:00,362.0,362.0,287,https://buff.163.com/market/goods?game=csgo&goods_id=35228
M4A1-S | Leaded Glass (Factory New),2026-04-15 12:00:00,349.99,349.99,289,https://buff.163.com/market/goods?game=csgo&goods_id=35228
M4A1-S | Leaded Glass (Factory New),2026-04-17 12:00:00,333.0,333.0,303,https://buff.163.com/market/goods?game=csgo&goods_id=35228
M4A1-S | Leaded Glass (Factory New),2026-04-18 12:00:00,336.9,336.9,279,https://buff.163.com/market/goods?game=csgo&goods_id=35228
M4A1-S | Leaded Glass (Factory New),2026-04-21 12:00:00,320.0,320.0,278,https://buff.163.com/market/goods?game=csgo&goods_id=35228
M4A1-S | Leaded Glass (Factory New),2026-04-23 12:00:00,324.5,324.5,297,https://buff.163.com/market/goods?game=csgo&goods_id=35228
M4A1-S | Leaded Glass (Factory New),2026-04-24 12:00:00,337.3,337.3,248,https://buff.163.com/market/goods?game=csgo&goods_id=35228
M4A1-S | Leaded Glass (Factory New),2026-04-27 12:00:00,320.0,320.0,288,https://buff.163.com/market/goods?game=csgo&goods_id=35228
M4A1-S | Leaded Glass (Factory New),2026-04-29 12:00:00,319.4,319.4,299,https://buff.163.com/market/goods?game=csgo&goods_id=35228
M4A1-S | Leaded Glass (Factory New),2026-04-30 12:00:00,323.0,323.0,297,https://buff.163.com/market/goods?game=csgo&goods_id=35228
M4A1-S | Leaded Glass (Factory New),2026-05-03 12:00:00,314.0,314.0,306,https://buff.163.com/market/goods?game=csgo&goods_id=35228
M4A1-S | Leaded Glass (Factory New),2026-05-05 12:00:00,296.74,296.74,344,https://buff.163.com/market/goods?game=csgo&goods_id=35228
M4A1-S | Leaded Glass (Factory New),2026-05-06 12:00:00,299.0,299.0,323,https://buff.163.com/market/goods?game=csgo&goods_id=35228
M4A1-S | Leaded Glass (Factory New),2026-05-09 12:00:00,293.5,293.5,338,https://buff.163.com/market/goods?game=csgo&goods_id=35228
M4A1-S | Leaded Glass (Factory New),2026-05-11 12:00:00,271.5,271.5,354,https://buff.163.com/market/goods?game=csgo&goods_id=35228
M4A1-S | Leaded Glass (Factory New),2026-05-12 12:00:00,279.5,279.5,317,https://buff.163.com/market/goods?game=csgo&goods_id=35228
M4A1-S | Leaded Glass (Factory New),2026-05-15 12:00:00,271.5,271.5,325,https://buff.163.com/market/goods?game=csgo&goods_id=35228
M4A1-S | Leaded Glass (Factory New),2026-05-18 12:00:00,275.98,280.0,317,https://buff.163.com/market/goods?game=csgo&goods_id=35228
M4A1-S | Leaded Glass (Factory New),2026-05-21 12:00:00,249.0,249.0,354,https://buff.163.com/market/goods?game=csgo&goods_id=35228
M4A1-S | Leaded Glass (Factory New),2026-05-24 12:00:00,231.0,223.9,356,https://buff.163.com/market/goods?game=csgo&goods_id=35228
M4A1-S | Leaded Glass (Factory New),2026-05-27 12:00:00,248.0,248.0,304,https://buff.163.com/market/goods?game=csgo&goods_id=35228
M4A1-S | Leaded Glass (Factory New),2026-05-30 12:00:00,253.48,252.0,307,https://buff.163.com/market/goods?game=csgo&goods_id=35228
M4A1-S | Leaded Glass (Factory New),2026-06-02 12:00:00,339.63,339.63,252,https://buff.163.com/market/goods?game=csgo&goods_id=35228
M4A1-S | Leaded Glass (Factory New),2026-06-03 12:00:00,343.5,343.5,268,https://buff.163.com/market/goods?game=csgo&goods_id=35228
M4A1-S | Leaded Glass (Factory New),2026-06-04 12:00:00,335.0,335.0,272,https://buff.163.com/market/goods?game=csgo&goods_id=35228
M4A1-S | Leaded Glass (Factory New),2026-06-05 12:00:00,335.5,334.9,275,https://buff.163.com/market/goods?game=csgo&goods_id=35228
M4A1-S | Leaded Glass (Factory New),2026-06-06 12:00:00,334.9,334.9,273,https://buff.163.com/market/goods?game=csgo&goods_id=35228
M4A1-S | Leaded Glass (Factory New),2026-06-07 12:00:00,360.0,360.0,254,https://buff.163.com/market/goods?game=csgo&goods_id=35228
M4A1-S | Leaded Glass (Factory New),2026-06-08 12:00:00,379.0,379.0,245,https://buff.163.com/market/goods?game=csgo&goods_id=35228
M4A1-S | Leaded Glass (Factory New),2026-06-09 12:00:00,386.0,386.0,248,https://buff.163.com/market/goods?game=csgo&goods_id=35228
M4A1-S | Leaded Glass (Factory New),2026-06-10 12:00:00,362.0,362.0,253,https://buff.163.com/market/goods?game=csgo&goods_id=35228
M4A1-S | Leaded Glass (Factory New),2026-06-11 12:00:00,359.98,358.0,260,https://buff.163.com/market/goods?game=csgo&goods_id=35228
M4A1-S | Leaded Glass (Factory New),2026-06-12 12:00:00,358.0,358.0,260,https://buff.163.com/market/goods?game=csgo&goods_id=35228
M4A1-S | Leaded Glass (Factory New),2026-06-13 12:00:00,352.98,352.98,266,https://buff.163.com/market/goods?game=csgo&goods_id=35228
M4A1-S | Leaded Glass (Factory New),2026-06-14 12:00:00,352.98,352.98,266,https://buff.163.com/market/goods?game=csgo&goods_id=35228
M4A1-S | Leaded Glass (Factory New),2026-06-15 12:00:00,340.0,340.0,280,https://buff.163.com/market/goods?game=csgo&goods_id=35228
M4A1-S | Leaded Glass (Factory New),2026-06-16 12:00:00,345.0,345.0,282,https://buff.163.com/market/goods?game=csgo&goods_id=35228
M4A1-S | Leaded Glass (Factory New),2026-06-17 12:00:00,347.9,334.0,285,https://buff.163.com/market/goods?game=csgo&goods_id=35228
M4A1-S | Leaded Glass (Factory New),2026-06-18 12:00:00,320.0,320.0,283,https://buff.163.com/market/goods?game=csgo&goods_id=35228
M4A1-S | Leaded Glass (Factory New),2026-06-19 12:00:00,319.0,319.0,285,https://buff.163.com/market/goods?game=csgo&goods_id=35228
M4A1-S | Leaded Glass (Factory New),2026-06-20 12:00:00,347.9,347.9,285,https://buff.163.com/market/goods?game=csgo&goods_id=35228
M4A1-S | Leaded Glass (Factory New),2026-06-21 12:00:00,348.48,348.48,270,https://buff.163.com/market/goods?game=csgo&goods_id=35228
M4A1-S | Leaded Glass (Factory New),2026-06-22 12:00:00,368.0,368.0,272,https://buff.163.com/market/goods?game=csgo&goods_id=35228
M4A1-S | Leaded Glass (Factory New),2026-06-23 12:00:00,388.0,409.0,250,https://buff.163.com/market/goods?game=csgo&goods_id=35228
M4A1-S | Leaded Glass (Factory New),2026-06-24 12:00:00,417.77,417.77,255,https://buff.163.com/market/goods?game=csgo&goods_id=35228
M4A1-S | Leaded Glass (Factory New),2026-06-25 12:00:00,440.0,440.0,211,https://buff.163.com/market/goods?game=csgo&goods_id=35228
M4A1-S | Leaded Glass (Factory New),2026-06-26 12:00:00,440.0,440.0,211,https://buff.163.com/market/goods?game=csgo&goods_id=35228
M4A1-S | Leaded Glass (Factory New),2026-06-27 12:00:00,439.99,439.99,226,https://buff.163.com/market/goods?game=csgo&goods_id=35228
M4A1-S | Leaded Glass (Factory New),2026-06-28 12:00:00,468.9,468.9,191,https://buff.163.com/market/goods?game=csgo&goods_id=35228
M4A1-S | Leaded Glass (Factory New),2026-06-29 12:00:00,435.0,459.4,237,https://buff.163.com/market/goods?game=csgo&goods_id=35228
M4A1-S | Leaded Glass (Factory New),2026-06-30 12:00:00,435.0,435.0,237,https://buff.163.com/market/goods?game=csgo&goods_id=35228
M4A1-S | Leaded Glass (Factory New),2026-07-01 12:00:00,432.0,432.0,208,https://buff.163.com/market/goods?game=csgo&goods_id=35228
M4A1-S | Leaded Glass (Factory New),2026-07-02 12:00:00,447.0,447.0,206,https://buff.163.com/market/goods?game=csgo&goods_id=35228
M4A1-S | Leaded Glass (Factory New),2026-07-03 12:00:00,450.0,450.0,200,https://buff.163.com/market/goods?game=csgo&goods_id=35228
M4A1-S | Leaded Glass (Factory New),2026-07-04 12:00:00,453.88,453.88,205,https://buff.163.com/market/goods?game=csgo&goods_id=35228
M4A1-S | Leaded Glass (Factory New),2026-07-05 12:00:00,423.47,447.0,211,https://buff.163.com/market/goods?game=csgo&goods_id=35228
M4A1-S | Leaded Glass (Factory New),2026-07-06 12:00:00,410.0,410.0,216,https://buff.163.com/market/goods?game=csgo&goods_id=35228
M4A1-S | Leaded Glass (Factory New),2026-07-07 12:00:00,410.0,410.0,212,https://buff.163.com/market/goods?game=csgo&goods_id=35228
M4A1-S | Leaded Glass (Factory New),2026-07-08 12:00:00,437.0,437.0,224,https://buff.163.com/market/goods?game=csgo&goods_id=35228
M4A1-S | Leaded Glass (Factory New),2026-07-09 12:00:00,444.5,444.5,219,https://buff.163.com/market/goods?game=csgo&goods_id=35228
M4A1-S | Leaded Glass (Factory New),2026-07-10 12:00:00,435.0,435.0,225,https://buff.163.com/market/goods?game=csgo&goods_id=35228
M4A1-S | Leaded Glass (Factory New),2026-07-11 12:00:00,455.0,448.64,202,https://buff.163.com/market/goods?game=csgo&goods_id=35228
M4A1-S | Leaded Glass (Factory New),2026-07-12 12:00:00,458.0,458.0,207,https://buff.163.com/market/goods?game=csgo&goods_id=35228
M4A1-S | Leaded Glass (Factory New),2026-07-13 12:00:00,450.0,450.0,202,https://buff.163.com/market/goods?game=csgo&goods_id=35228
M4A1-S | Leaded Glass (Factory New),2026-07-14 12:00:00,446.0,446.0,202,https://buff.163.com/market/goods?game=csgo&goods_id=35228
M4A1-S | Leaded Glass (Factory New),2026-07-15 12:00:00,458.88,458.88,193,https://buff.163.com/market/goods?game=csgo&goods_id=35228
M4A1-S | Leaded Glass (Factory New),2026-07-16 12:00:00,444.0,444.0,194,https://buff.163.com/market/goods?game=csgo&goods_id=35228
M4A1-S | Leaded Glass (Factory New),2026-07-17 12:00:00,455.0,440.0,190,https://buff.163.com/market/goods?game=csgo&goods_id=35228
M4A1-S | Leaded Glass (Factory New),2026-07-18 12:00:00,458.0,458.0,194,https://buff.163.com/market/goods?game=csgo&goods_id=35228
M4A1-S | Leaded Glass (Factory New),2026-07-19 12:00:00,430.0,430.0,209,https://buff.163.com/market/goods?game=csgo&goods_id=35228
M4A1-S | Leaded Glass (Factory New),2026-07-20 12:00:00,416.48,416.48,207,https://buff.163.com/market/goods?game=csgo&goods_id=35228
M4A1-S | Leaded Glass (Factory New),2026-07-21 12:00:00,416.48,416.48,207,https://buff.163.com/market/goods?game=csgo&goods_id=35228
M4A1-S | Leaded Glass (Factory New),2026-07-22 12:00:00,424.0,424.0,207,https://buff.163.com/market/goods?game=csgo&goods_id=35228
M4A1-S | Leaded Glass (Factory New),2026-07-23 12:00:00,424.0,418.0,207,https://buff.163.com/market/goods?game=csgo&goods_id=35228
M4A1-S | Leaded Glass (Factory New),2026-07-24 12:00:00,420.0,420.0,214,https://buff.163.com/market/goods?game=csgo&goods_id=35228
M4A1-S | Leaded Glass (Factory New),2026-07-25 12:00:00,410.0,410.0,208,https://buff.163.com/market/goods?game=csgo&goods_id=35228
M4A1-S | Leaded Glass (Factory New),2026-07-26 12:00:00,409.59,409.59,202,https://buff.163.com/market/goods?game=csgo&goods_id=35228
M4A1-S | Leaded Glass (Factory New),2026-07-27 12:00:00,397.08,397.08,211,https://buff.163.com/market/goods?game=csgo&goods_id=35228
M4A1-S | Leaded Glass (Factory New),2026-07-28 12:00:00,419.36,419.36,207,https://buff.163.com/market/goods?game=csgo&goods_id=35228
M4A1-S | Leaded Glass (Factory New),2026-07-29 12:00:00,408.0,408.0,215,https://buff.163.com/market/goods?game=csgo&goods_id=35228
M4A1-S | Leaded Glass (Factory New),2026-07-30 12:00:00,387.04,402.5,234,https://buff.163.com/market/goods?game=csgo&goods_id=35228
M4A1-S | Leaded Glass (Factory New),2026-07-31 12:00:00,385.0,385.0,234,https://buff.163.com/market/goods?game=csgo&goods_id=35228
M4A1-S | Leaded Glass (Factory New),2026-08-01 12:00:00,385.0,383.35,234,https://buff.163.com/market/goods?game=csgo&goods_id=35228
M4A1-S | Leaded Glass (Factory New),2026-08-02 12:00:00,381.0,378.5,225,https://buff.163.com/market/goods?game=csgo&goods_id=35228
M4A1-S | Leaded Glass (Factory New),2026-08-03 12:00:00,357.4,345.0,227,https://buff.163.com/market/goods?game=csgo&goods_id=35228
M4A1-S | Leaded Glass (Factory New),2026-08-04 12:00:00,349.0,330.0,236,https://buff.163.com/market/goods?game=csgo&goods_id=35228
M4A1-S | Leaded Glass (Factory New),2026-08-05 12:00:00,347.0,343.69,231,https://buff.163.com/market/goods?game=csgo&goods_id=35228
M4A1-S | Leaded Glass (Factory New),2026-08-06 12:00:00,342.69,383.0,224,https://buff.163.com/market/goods?game=csgo&goods_id=35228
M4A1-S | Leaded Glass (Factory New),2026-08-07 12:00:00,396.08,388.0,214,https://buff.163.com/market/goods?game=csgo&goods_id=35228
M4A1-S | Leaded Glass (Factory New),2026-08-08 12:00:00,387.98,376.0,215,https://buff.163.com/market/goods?game=csgo&goods_id=35228
M4A1-S | Leaded Glass (Factory New),2026-08-09 12:00:00,347.0,344.48,229,https://buff.163.com/market/goods?game=csgo&goods_id=35228
M4A1-S | Leaded Glass (Factory New),2026-08-10 12:00:00,344.14,340.0,232,https://buff.163.com/market/goods?game=csgo&goods_id=35228
M4A1-S | Leaded Glass (Factory New),2026-08-11 12:00:00,337.14,324.1,236,https://buff.163.com/market/goods?game=csgo&goods_id=35228
M4A1-S | Leaded Glass (Factory New),2026-08-12 12:00:00,319.99,310.0,261,https://buff.163.com/market/goods?game=csgo&goods_id=35228
M4A1-S | Leaded Glass (Factory New),2026-08-13 12:00:00,314.97,305.0,253,https://buff.163.com/market/goods?game=csgo&goods_id=35228
M4A1-S | Leaded Glass (Factory New),2026-08-14 12:00:00,299.98,298.0,253,https://buff.163.com/market/goods?game=csgo&goods_id=35228
M4A1-S | Leaded Glass (Factory New),2026-08-15 12:00:00,295.48,281.85,251,https://buff.163.com/market/goods?game=csgo&goods_id=35228
M4A1-S | Leaded Glass (Factory New),2026-08-16 12:00:00,281.09,300.0,248,https://buff.163.com/market/goods?game=csgo&goods_id=35228
M4A1-S | Leaded Glass (Factory New),2026-08-17 12:00:00,291.1,301.84,257,https://buff.163.com/market/goods?game=csgo&goods_id=35228
M4A1-S | Leaded Glass (Factory New),2026-08-18 12:00:00,306.6,308.79,247,https://buff.163.com/market/goods?game=csgo&goods_id=35228
M4A1-S | Leaded Glass (Factory New),2026-08-19 12:00:00,310.0,300.0,253,https://buff.163.com/market/goods?game=csgo&goods_id=35228
M4A1-S | Leaded Glass (Factory New),2026-08-20 12:00:00,294.04,299.5,266,https://buff.163.com/market/goods?game=csgo&goods_id=35228
M4A1-S | Leaded Glass (Factory New),2026-08-21 12:00:00,295.0,319.83,259,https://buff.163.com/market/goods?game=csgo&goods_id=35228
M4A1-S | Leaded Glass (Factory New),2026-08-22 12:00:00,316.36,343.0,248,https://buff.163.com/market/goods?game=csgo&goods_id=35228
M4A1-S | Leaded Glass (Factory New),2026-08-23 12:00:00,342.0,339.0,238,https://buff.163.com/market/goods?game=csgo&goods_id=35228
M4A1-S | Leaded Glass (Factory New),2026-08-24 12:00:00,338.5,333.5,248,https://buff.163.com/market/goods?game=csgo&goods_id=35228
M4A1-S | Leaded Glass (Factory New),2026-08-25 12:00:00,333.5,314.0,257,https://buff.163.com/market/goods?game=csgo&goods_id=35228
M4A1-S | Leaded Glass (Factory New),2026-08-26 12:00:00,310.0,310.0,265,https://buff.163.com/market/goods?game=csgo&goods_id=35228
M4A1-S | Leaded Glass (Factory New),2026-08-27 12:00:00,325.0,324.45,248,https://buff.163.com/market/goods?game=csgo&goods_id=35228
M4A1-S | Leaded Glass (Factory New),2026-08-28 12:00:00,324.95,324.89,252,https://buff.163.com/market/goods?game=csgo&goods_id=35228
M4A1-S | Leaded Glass (Factory New),2026-08-29 12:00:00,339.5,330.0,235,https://buff.163.com/market/goods?game=csgo&goods_id=35228
M4A1-S | Leaded Glass (Factory New),2026-08-30 12:00:00,331.72,331.72,232,https://buff.163.com/market/goods?game=csgo&goods_id=35228
M4A1-S | Leaded Glass (Factory New),2026-08-31 12:00:00,339.06,339.06,226,https://buff.163.com/market/goods?game=csgo&goods_id=35228
Operation Riptide Case,2025-08-31 12:00:00,90.0,90.0,549,https://buff.163.com/market/goods?game=csgo&goods_id=871092
Operation Riptide Case,2025-09-04 12:00:00,91.0,91.0,535,https://buff.163.com/market/goods?game=csgo&goods_id=871092
Operation Riptide Case,2025-09-10 12:00:00,90.0,90.0,611,https://buff.163.com/market/goods?game=csgo&goods_id=871092
Operation Riptide Case,2025-09-16 12:00:00,90.8,90.8,611,https://buff.163.com/market/goods?game=csgo&goods_id=871092
Operation Riptide Case,2025-09-22 12:00:00,89.68,89.68,611,https://buff.163.com/market/goods?game=csgo&goods_id=871092
Operation Riptide Case,2025-09-28 12:00:00,88.0,88.0,610,https://buff.163.com/market/goods?game=csgo&goods_id=871092
Operation Riptide Case,2025-10-04 12:00:00,90.9,90.9,562,https://buff.163.com/market/goods?game=csgo&goods_id=871092
Operation Riptide Case,2025-10-11 12:00:00,91.9,91.9,556,https://buff.163.com/market/goods?game=csgo&goods_id=871092
Operation Riptide Case,2025-10-17 12:00:00,91.4,91.4,687,https://buff.163.com/market/goods?game=csgo&goods_id=871092
Operation Riptide Case,2025-10-23 12:00:00,65.7,65.7,773,https://buff.163.com/market/goods?game=csgo&goods_id=871092
Operation Riptide Case,2025-10-29 12:00:00,63.0,63.0,714,https://buff.163.com/market/goods?game=csgo&goods_id=871092
Operation Riptide Case,2025-11-04 12:00:00,74.9,74.9,654,https://buff.163.com/market/goods?game=csgo&goods_id=871092
Operation Riptide Case,2025-11-10 12:00:00,71.9,71.9,709,https://buff.163.com/market/goods?game=csgo&goods_id=871092
Operation Riptide Case,2025-11-16 12:00:00,72.7,72.7,703,https://buff.163.com/market/goods?game=csgo&goods_id=871092
Operation Riptide Case,2025-11-22 12:00:00,79.0,79.0,609,https://buff.163.com/market/goods?game=csgo&goods_id=871092
Operation Riptide Case,2025-11-28 12:00:00,139.49,139.49,181,https://buff.163.com/market/goods?game=csgo&goods_id=871092
Operation Riptide Case,2025-12-04 12:00:00,116.0,116.0,512,https://buff.163.com/market/goods?game=csgo&goods_id=871092
Operation Riptide Case,2025-12-10 12:00:00,110.48,110.48,639,https://buff.163.com/market/goods?game=csgo&goods_id=871092
Operation Riptide Case,2025-12-16 12:00:00,105.5,105.5,659,https://buff.163.com/market/goods?game=csgo&goods_id=871092
Operation Riptide Case,2025-12-23 12:00:00,103.0,103.0,684,https://buff.163.com/market/goods?game=csgo&goods_id=871092
Operation Riptide Case,2025-12-29 12:00:00,102.51,102.51,646,https://buff.163.com/market/goods?game=csgo&goods_id=871092
Operation Riptide Case,2026-01-04 12:00:00,100.89,100.89,679,https://buff.163.com/market/goods?game=csgo&goods_id=871092
Operation Riptide Case,2026-01-10 12:00:00,90.5,90.5,666,https://buff.163.com/market/goods?game=csgo&goods_id=871092
Operation Riptide Case,2026-01-16 12:00:00,92.98,92.98,679,https://buff.163.com/market/goods?game=csgo&goods_id=871092
Operation Riptide Case,2026-01-22 12:00:00,84.7,84.7,619,https://buff.163.com/market/goods?game=csgo&goods_id=871092
Operation Riptide Case,2026-01-28 12:00:00,82.0,82.0,637,https://buff.163.com/market/goods?game=csgo&goods_id=871092
Operation Riptide Case,2026-02-03 12:00:00,76.9,76.9,798,https://buff.163.com/market/goods?game=csgo&goods_id=871092
Operation Riptide Case,2026-02-09 12:00:00,81.5,81.5,584,https://buff.163.com/market/goods?game=csgo&goods_id=871092
Operation Riptide Case,2026-02-15 12:00:00,89.0,89.0,571,https://buff.163.com/market/goods?game=csgo&goods_id=871092
Operation Riptide Case,2026-02-21 12:00:00,87.5,87.5,584,https://buff.163.com/market/goods?game=csgo&goods_id=871092
Operation Riptide Case,2026-02-27 12:00:00,83.18,83.18,650,https://buff.163.com/market/goods?game=csgo&goods_id=871092
Operation Riptide Case,2026-03-04 12:00:00,83.91,83.91,685,https://buff.163.com/market/goods?game=csgo&goods_id=871092
Operation Riptide Case,2026-03-06 12:00:00,94.89,94.89,591,https://buff.163.com/market/goods?game=csgo&goods_id=871092
Operation Riptide Case,2026-03-07 12:00:00,94.9,94.9,592,https://buff.163.com/market/goods?game=csgo&goods_id=871092
Operation Riptide Case,2026-03-10 12:00:00,95.0,95.0,605,https://buff.163.com/market/goods?game=csgo&goods_id=871092
Operation Riptide Case,2026-03-12 12:00:00,92.0,92.0,585,https://buff.163.com/market/goods?game=csgo&goods_id=871092
Operation Riptide Case,2026-03-13 12:00:00,91.5,91.5,670,https://buff.163.com/market/goods?game=csgo&goods_id=871092
Operation Riptide Case,2026-03-16 12:00:00,86.75,86.75,700,https://buff.163.com/market/goods?game=csgo&goods_id=871092
Operation Riptide Case,2026-03-18 12:00:00,83.28,83.28,754,https://buff.163.com/market/goods?game=csgo&goods_id=871092
Operation Riptide Case,2026-03-19 12:00:00,82.0,82.0,691,https://buff.163.com/market/goods?game=csgo&goods_id=871092
Operation Riptide Case,2026-03-22 12:00:00,83.19,83.19,661,https://buff.163.com/market/goods?game=csgo&goods_id=871092
Operation Riptide Case,2026-03-24 12:00:00,83.19,83.19,651,https://buff.163.com/market/goods?game=csgo&goods_id=871092
Operation Riptide Case,2026-03-25 12:00:00,84.0,84.0,641,https://buff.163.com/market/goods?game=csgo&goods_id=871092
Operation Riptide Case,2026-03-28 12:00:00,81.54,81.54,709,https://buff.163.com/market/goods?game=csgo&goods_id=871092
Operation Riptide Case,2026-03-30 12:00:00,80.95,80.95,696,https://buff.163.com/market/goods?game=csgo&goods_id=871092
Operation Riptide Case,2026-03-31 12:00:00,80.7,80.7,729,https://buff.163.com/market/goods?game=csgo&goods_id=871092
Operation Riptide Case,2026-04-03 12:00:00,80.89,80.89,696,https://buff.163.com/market/goods?game=csgo&goods_id=871092
Operation Riptide Case,2026-04-05 12:00:00,80.82,80.82,762,https://buff.163.com/market/goods?game=csgo&goods_id=871092
Operation Riptide Case,2026-04-06 12:00:00,80.82,80.82,762,https://buff.163.com/market/goods?game=csgo&goods_id=871092
Operation Riptide Case,2026-04-09 12:00:00,78.5,78.5,818,https://buff.163.com/market/goods?game=csgo&goods_id=871092
Operation Riptide Case,2026-04-11 12:00:00,79.0,79.0,631,https://buff.163.com/market/goods?game=csgo&goods_id=871092
Operation Riptide Case,2026-04-12 12:00:00,79.37,79.37,736,https://buff.163.com/market/goods?game=csgo&goods_id=871092
Operation Riptide Case,2026-04-15 12:00:00,76.9,76.9,678,https://buff.163.com/market/goods?game=csgo&goods_id=871092
Operation Riptide Case,2026-04-17 12:00:00,74.9,74.9,682,https://buff.163.com/market/goods?game=csgo&goods_id=871092
Operation Riptide Case,2026-04-18 12:00:00,75.5,75.5,644,https://buff.163.com/market/goods?game=csgo&goods_id=871092
Operation Riptide Case,2026-04-21 12:00:00,72.3,72.3,705,https://buff.163.com/market/goods?game=csgo&goods_id=871092
Operation Riptide Case,2026-04-23 12:00:00,72.0,72.0,641,https://buff.163.com/market/goods?game=csgo&goods_id=871092
Operation Riptide Case,2026-04-24 12:00:00,72.0,72.0,614,https://buff.163.com/market/goods?game=csgo&goods_id=871092
Operation Riptide Case,2026-04-27 12:00:00,73.0,73.0,605,https://buff.163.com/market/goods?game=csgo&goods_id=871092
Operation Riptide Case,2026-04-29 12:00:00,74.0,74.0,619,https://buff.163.com/market/goods?game=csgo&goods_id=871092
Operation Riptide Case,2026-04-30 12:00:00,76.88,76.88,646,https://buff.163.com/market/goods?game=csgo&goods_id=871092
Operation Riptide Case,2026-05-03 12:00:00,73.75,73.75,650,https://buff.163.com/market/goods?game=csgo&goods_id=871092
Operation Riptide Case,2026-05-05 12:00:00,70.4,70.4,763,https://buff.163.com/market/goods?game=csgo&goods_id=871092
Operation Riptide Case,2026-05-06 12:00:00,71.0,71.0,720,https://buff.163.com/market/goods?game=csgo&goods_id=871092
Operation Riptide Case,2026-05-09 12:00:00,70.9,70.9,750,https://buff.163.com/market/goods?game=csgo&goods_id=871092
Operation Riptide Case,2026-05-11 12:00:00,68.5,68.5,699,https://buff.163.com/market/goods?game=csgo&goods_id=871092
Operation Riptide Case,2026-05-12 12:00:00,67.61,67.61,749,https://buff.163.com/market/goods?game=csgo&goods_id=871092
Operation Riptide Case,2026-05-15 12:00:00,68.88,68.88,685,https://buff.163.com/market/goods?game=csgo&goods_id=871092
Operation Riptide Case,2026-05-18 12:00:00,67.4,68.4,695,https://buff.163.com/market/goods?game=csgo&goods_id=871092
Operation Riptide Case,2026-05-21 12:00:00,64.0,64.0,702,https://buff.163.com/market/goods?game=csgo&goods_id=871092
Operation Riptide Case,2026-05-24 12:00:00,57.89,57.8,656,https://buff.163.com/market/goods?game=csgo&goods_id=871092
Operation Riptide Case,2026-05-27 12:00:00,59.0,59.0,658,https://buff.163.com/market/goods?game=csgo&goods_id=871092
Operation Riptide Case,2026-05-30 12:00:00,68.48,65.0,642,https://buff.163.com/market/goods?game=csgo&goods_id=871092
Operation Riptide Case,2026-06-02 12:00:00,68.9,68.9,624,https://buff.163.com/market/goods?game=csgo&goods_id=871092
Operation Riptide Case,2026-06-03 12:00:00,74.5,74.5,727,https://buff.163.com/market/goods?game=csgo&goods_id=871092
Operation Riptide Case,2026-06-04 12:00:00,76.0,76.0,736,https://buff.163.com/market/goods?game=csgo&goods_id=871092
Operation Riptide Case,2026-06-05 12:00:00,80.19,80.7,676,https://buff.163.com/market/goods?game=csgo&goods_id=871092
Operation Riptide Case,2026-06-06 12:00:00,82.91,82.91,660,https://buff.163.com/market/goods?game=csgo&goods_id=871092
Operation Riptide Case,2026-06-07 12:00:00,78.8,78.8,715,https://buff.163.com/market/goods?game=csgo&goods_id=871092
Operation Riptide Case,2026-06-08 12:00:00,82.8,82.8,765,https://buff.163.com/market/goods?game=csgo&goods_id=871092
Operation Riptide Case,2026-06-09 12:00:00,82.8,82.8,773,https://buff.163.com/market/goods?game=csgo&goods_id=871092
Operation Riptide Case,2026-06-10 12:00:00,77.5,77.5,810,https://buff.163.com/market/goods?game=csgo&goods_id=871092
Operation Riptide Case,2026-06-11 12:00:00,77.0,75.0,847,https://buff.163.com/market/goods?game=csgo&goods_id=871092
Operation Riptide Case,2026-06-12 12:00:00,75.0,75.0,848,https://buff.163.com/market/goods?game=csgo&goods_id=871092
Operation Riptide Case,2026-06-13 12:00:00,74.0,74.0,892,https://buff.163.com/market/goods?game=csgo&goods_id=871092
Operation Riptide Case,2026-06-14 12:00:00,74.0,74.0,892,https://buff.163.com/market/goods?game=csgo&goods_id=871092
Operation Riptide Case,2026-06-15 12:00:00,72.8,72.8,920,https://buff.163.com/market/goods?game=csgo&goods_id=871092
Operation Riptide Case,2026-06-16 12:00:00,77.28,77.28,918,https://buff.163.com/market/goods?game=csgo&goods_id=871092
Operation Riptide Case,2026-06-17 12:00:00,75.4,76.5,942,https://buff.163.com/market/goods?game=csgo&goods_id=871092
Operation Riptide Case,2026-06-18 12:00:00,75.4,75.4,942,https://buff.163.com/market/goods?game=csgo&goods_id=871092
Operation Riptide Case,2026-06-19 12:00:00,74.22,74.22,964,https://buff.163.com/market/goods?game=csgo&goods_id=871092
Operation Riptide Case,2026-06-20 12:00:00,73.38,73.38,981,https://buff.163.com/market/goods?game=csgo&goods_id=871092
Operation Riptide Case,2026-06-21 12:00:00,71.88,71.88,1043,https://buff.163.com/market/goods?game=csgo&goods_id=871092
Operation Riptide Case,2026-06-22 12:00:00,71.5,71.5,991,https://buff.163.com/market/goods?game=csgo&goods_id=871092
Operation Riptide Case,2026-06-23 12:00:00,71.5,71.49,942,https://buff.163.com/market/goods?game=csgo&goods_id=871092
Operation Riptide Case,2026-06-24 12:00:00,71.5,71.5,942,https://buff.163.com/market/goods?game=csgo&goods_id=871092
Operation Riptide Case,2026-06-25 12:00:00,71.4,71.4,941,https://buff.163.com/market/goods?game=csgo&goods_id=871092
Operation Riptide Case,2026-06-26 12:00:00,69.88,69.88,1059,https://buff.163.com/market/goods?game=csgo&goods_id=871092
Operation Riptide Case,2026-06-27 12:00:00,69.8,69.8,1060,https://buff.163.com/market/goods?game=csgo&goods_id=871092
Operation Riptide Case,2026-06-28 12:00:00,69.05,69.05,1115,https://buff.163.com/market/goods?game=csgo&goods_id=871092
Operation Riptide Case,2026-06-29 12:00:00,70.1,69.9,1022,https://buff.163.com/market/goods?game=csgo&goods_id=871092
Operation Riptide Case,2026-06-30 12:00:00,70.1,70.1,1022,https://buff.163.com/market/goods?game=csgo&goods_id=871092
Operation Riptide Case,2026-07-01 12:00:00,71.0,71.0,983,https://buff.163.com/market/goods?game=csgo&goods_id=871092
Operation Riptide Case,2026-07-02 12:00:00,71.0,71.0,927,https://buff.163.com/market/goods?game=csgo&goods_id=871092
Operation Riptide Case,2026-07-03 12:00:00,70.8,70.8,942,https://buff.163.com/market/goods?game=csgo&goods_id=871092
Operation Riptide Case,2026-07-04 12:00:00,70.16,70.16,1008,https://buff.163.com/market/goods?game=csgo&goods_id=871092
Operation Riptide Case,2026-07-05 12:00:00,69.0,68.6,1013,https://buff.163.com/market/goods?game=csgo&goods_id=871092
Operation Riptide Case,2026-07-06 12:00:00,68.5,68.5,1005,https://buff.163.com/market/goods?game=csgo&goods_id=871092
Operation Riptide Case,2026-07-07 12:00:00,70.13,70.13,939,https://buff.163.com/market/goods?game=csgo&goods_id=871092
Operation Riptide Case,2026-07-08 12:00:00,68.5,68.5,933,https://buff.163.com/market/goods?game=csgo&goods_id=871092
Operation Riptide Case,2026-07-09 12:00:00,68.5,68.5,951,https://buff.163.com/market/goods?game=csgo&goods_id=871092
Operation Riptide Case,2026-07-10 12:00:00,67.58,67.58,962,https://buff.163.com/market/goods?game=csgo&goods_id=871092
Operation Riptide Case,2026-07-11 12:00:00,66.9,64.48,996,https://buff.163.com/market/goods?game=csgo&goods_id=871092
Operation Riptide Case,2026-07-12 12:00:00,66.8,66.8,988,https://buff.163.com/market/goods?game=csgo&goods_id=871092
Operation Riptide Case,2026-07-13 12:00:00,63.95,63.95,1036,https://buff.163.com/market/goods?game=csgo&goods_id=871092
Operation Riptide Case,2026-07-14 12:00:00,64.1,64.1,980,https://buff.163.com/market/goods?game=csgo&goods_id=871092
Operation Riptide Case,2026-07-15 12:00:00,64.1,64.1,980,https://buff.163.com/market/goods?game=csgo&goods_id=871092
Operation Riptide Case,2026-07-16 12:00:00,63.0,63.0,1021,https://buff.163.com/market/goods?game=csgo&goods_id=871092
Operation Riptide Case,2026-07-17 12:00:00,62.9,62.0,1099,https://buff.163.com/market/goods?game=csgo&goods_id=871092
Operation Riptide Case,2026-07-18 12:00:00,62.75,62.75,1035,https://buff.163.com/market/goods?game=csgo&goods_id=871092
Operation Riptide Case,2026-07-19 12:00:00,62.0,62.0,1037,https://buff.163.com/market/goods?game=csgo&goods_id=871092
Operation Riptide Case,2026-07-20 12:00:00,61.7,61.7,1017,https://buff.163.com/market/goods?game=csgo&goods_id=871092
Operation Riptide Case,2026-07-21 12:00:00,61.45,61.45,965,https://buff.163.com/market/goods?game=csgo&goods_id=871092
Operation Riptide Case,2026-07-22 12:00:00,61.48,61.48,980,https://buff.163.com/market/goods?game=csgo&goods_id=871092
Operation Riptide Case,2026-07-23 12:00:00,62.0,61.5,938,https://buff.163.com/market/goods?game=csgo&goods_id=871092
Operation Riptide Case,2026-07-24 12:00:00,62.0,62.0,938,https://buff.163.com/market/goods?game=csgo&goods_id=871092
Operation Riptide Case,2026-07-25 12:00:00,61.7,61.7,953,https://buff.163.com/market/goods?game=csgo&goods_id=871092
Operation Riptide Case,2026-07-26 12:00:00,61.4,61.4,961,https://buff.163.com/market/goods?game=csgo&goods_id=871092
Operation Riptide Case,2026-07-27 12:00:00,61.5,61.5,1003,https://buff.163.com/market/goods?game=csgo&goods_id=871092
Operation Riptide Case,2026-07-28 12:00:00,59.88,59.88,997,https://buff.163.com/market/goods?game=csgo&goods_id=871092
Operation Riptide Case,2026-07-29 12:00:00,58.78,58.78,956,https://buff.163.com/market/goods?game=csgo&goods_id=871092
Operation Riptide Case,2026-07-30 12:00:00,58.65,58.77,870,https://buff.163.com/market/goods?game=csgo&goods_id=871092
Operation Riptide Case,2026-07-31 12:00:00,57.79,57.79,967,https://buff.163.com/market/goods?game=csgo&goods_id=871092
Operation Riptide Case,2026-08-01 12:00:00,57.79,58.2,964,https://buff.163.com/market/goods?game=csgo&goods_id=871092
Operation Riptide Case,2026-08-02 12:00:00,58.6,58.55,874,https://buff.163.com/market/goods?game=csgo&goods_id=871092
Operation Riptide Case,2026-08-03 12:00:00,58.65,58.0,868,https://buff.163.com/market/goods?game=csgo&goods_id=871092
Operation Riptide Case,2026-08-04 12:00:00,58.0,58.0,892,https://buff.163.com/market/goods?game=csgo&goods_id=871092
Operation Riptide Case,2026-08-05 12:00:00,61.49,61.59,861,https://buff.163.com/market/goods?game=csgo&goods_id=871092
Operation Riptide Case,2026-08-06 12:00:00,61.79,61.28,848,https://buff.163.com/market/goods?game=csgo&goods_id=871092
Operation Riptide Case,2026-08-07 12:00:00,61.49,60.04,861,https://buff.163.com/market/goods?game=csgo&goods_id=871092
Operation Riptide Case,2026-08-08 12:00:00,61.49,62.0,870,https://buff.163.com/market/goods?game=csgo&goods_id=871092
Operation Riptide Case,2026-08-09 12:00:00,62.46,60.9,835,https://buff.163.com/market/goods?game=csgo&goods_id=871092
Operation Riptide Case,2026-08-10 12:00:00,60.9,60.7,838,https://buff.163.com/market/goods?game=csgo&goods_id=871092
Operation Riptide Case,2026-08-11 12:00:00,59.46,59.8,842,https://buff.163.com/market/goods?game=csgo&goods_id=871092
Operation Riptide Case,2026-08-12 12:00:00,59.5,61.29,871,https://buff.163.com/market/goods?game=csgo&goods_id=871092
Operation Riptide Case,2026-08-13 12:00:00,61.75,59.89,876,https://buff.163.com/market/goods?game=csgo&goods_id=871092
Operation Riptide Case,2026-08-14 12:00:00,59.66,59.74,863,https://buff.163.com/market/goods?game=csgo&goods_id=871092
Operation Riptide Case,2026-08-15 12:00:00,58.96,60.5,859,https://buff.163.com/market/goods?game=csgo&goods_id=871092
Operation Riptide Case,2026-08-16 12:00:00,63.06,60.5,852,https://buff.163.com/market/goods?game=csgo&goods_id=871092
Operation Riptide Case,2026-08-17 12:00:00,59.0,58.0,873,https://buff.163.com/market/goods?game=csgo&goods_id=871092
Operation Riptide Case,2026-08-18 12:00:00,58.89,56.79,871,https://buff.163.com/market/goods?game=csgo&goods_id=871092
Operation Riptide Case,2026-08-19 12:00:00,56.79,56.0,887,https://buff.163.com/market/goods?game=csgo&goods_id=871092
Operation Riptide Case,2026-08-20 12:00:00,55.77,55.74,890,https://buff.163.com/market/goods?game=csgo&goods_id=871092
Operation Riptide Case,2026-08-21 12:00:00,58.8,56.78,890,https://buff.163.com/market/goods?game=csgo&goods_id=871092
Operation Riptide Case,2026-08-22 12:00:00,56.59,57.0,1012,https://buff.163.com/market/goods?game=csgo&goods_id=871092
Operation Riptide Case,2026-08-23 12:00:00,58.77,58.6,892,https://buff.163.com/market/goods?game=csgo&goods_id=871092
Operation Riptide Case,2026-08-24 12:00:00,58.5,57.78,924,https://buff.163.com/market/goods?game=csgo&goods_id=871092
Operation Riptide Case,2026-08-25 12:00:00,57.88,57.49,910,https://buff.163.com/market/goods?game=csgo&goods_id=871092
Operation Riptide Case,2026-08-26 12:00:00,57.49,57.49,966,https://buff.163.com/market/goods?game=csgo&goods_id=871092
Operation Riptide Case,2026-08-27 12:00:00,58.29,58.53,946,https://buff.163.com/market/goods?game=csgo&goods_id=871092
Operation Riptide Case,2026-08-28 12:00:00,58.53,60.0,917,https://buff.163.com/market/goods?game=csgo&goods_id=871092
Operation Riptide Case,2026-08-29 12:00:00,60.4,60.8,837,https://buff.163.com/market/goods?game=csgo&goods_id=871092
Operation Riptide Case,2026-08-30 12:00:00,60.5,60.5,839,https://buff.163.com/market/goods?game=csgo&goods_id=871092
Operation Riptide Case,2026-08-31 12:00:00,60.6,60.6,817,https://buff.163.com/market/goods?game=csgo&goods_id=871092
Sticker | Hypnoteyes (Holo),2025-08-31 12:00:00,5.02,5.02,364,https://buff.163.com/market/goods?game=csgo&goods_id=967986
Sticker | Hypnoteyes (Holo),2025-09-04 12:00:00,6.55,6.55,455,https://buff.163.com/market/goods?game=csgo&goods_id=967986
Sticker | Hypnoteyes (Holo),2025-09-10 12:00:00,12.0,12.0,430,https://buff.163.com/market/goods?game=csgo&goods_id=967986
Sticker | Hypnoteyes (Holo),2025-09-16 12:00:00,9.02,9.02,426,https://buff.163.com/market/goods?game=csgo&goods_id=967986
Sticker | Hypnoteyes (Holo),2025-09-22 12:00:00,7.99,7.99,703,https://buff.163.com/market/goods?game=csgo&goods_id=967986
Sticker | Hypnoteyes (Holo),2025-09-28 12:00:00,9.64,9.64,621,https://buff.163.com/market/goods?game=csgo&goods_id=967986
Sticker | Hypnoteyes (Holo),2025-10-04 12:00:00,9.71,9.71,993,https://buff.163.com/market/goods?game=csgo&goods_id=967986
Sticker | Hypnoteyes (Holo),2025-10-11 12:00:00,10.49,10.49,835,https://buff.163.com/market/goods?game=csgo&goods_id=967986
Sticker | Hypnoteyes (Holo),2025-10-17 12:00:00,9.97,9.97,953,https://buff.163.com/market/goods?game=csgo&goods_id=967986
Sticker | Hypnoteyes (Holo),2025-10-23 12:00:00,7.9,7.9,628,https://buff.163.com/market/goods?game=csgo&goods_id=967986
Sticker | Hypnoteyes (Holo),2025-10-29 12:00:00,7.87,7.87,617,https://buff.163.com/market/goods?game=csgo&goods_id=967986
Sticker | Hypnoteyes (Holo),2025-11-04 12:00:00,9.16,9.16,556,https://buff.163.com/market/goods?game=csgo&goods_id=967986
Sticker | Hypnoteyes (Holo),2025-11-10 12:00:00,9.18,9.18,511,https://buff.163.com/market/goods?game=csgo&goods_id=967986
Sticker | Hypnoteyes (Holo),2025-11-16 12:00:00,8.89,8.89,563,https://buff.163.com/market/goods?game=csgo&goods_id=967986
Sticker | Hypnoteyes (Holo),2025-11-22 12:00:00,8.49,8.49,624,https://buff.163.com/market/goods?game=csgo&goods_id=967986
Sticker | Hypnoteyes (Holo),2025-11-28 12:00:00,8.2,8.2,563,https://buff.163.com/market/goods?game=csgo&goods_id=967986
Sticker | Hypnoteyes (Holo),2025-12-04 12:00:00,8.69,8.69,632,https://buff.163.com/market/goods?game=csgo&goods_id=967986
Sticker | Hypnoteyes (Holo),2025-12-10 12:00:00,8.96,8.96,456,https://buff.163.com/market/goods?game=csgo&goods_id=967986
Sticker | Hypnoteyes (Holo),2025-12-16 12:00:00,9.47,9.47,520,https://buff.163.com/market/goods?game=csgo&goods_id=967986
Sticker | Hypnoteyes (Holo),2025-12-23 12:00:00,9.9,9.9,482,https://buff.163.com/market/goods?game=csgo&goods_id=967986
Sticker | Hypnoteyes (Holo),2025-12-29 12:00:00,10.0,10.0,416,https://buff.163.com/market/goods?game=csgo&goods_id=967986
Sticker | Hypnoteyes (Holo),2026-01-04 12:00:00,10.29,10.29,554,https://buff.163.com/market/goods?game=csgo&goods_id=967986
Sticker | Hypnoteyes (Holo),2026-01-10 12:00:00,10.18,10.18,590,https://buff.163.com/market/goods?game=csgo&goods_id=967986
Sticker | Hypnoteyes (Holo),2026-01-16 12:00:00,9.99,9.99,423,https://buff.163.com/market/goods?game=csgo&goods_id=967986
Sticker | Hypnoteyes (Holo),2026-01-22 12:00:00,10.5,10.5,511,https://buff.163.com/market/goods?game=csgo&goods_id=967986
Sticker | Hypnoteyes (Holo),2026-01-28 12:00:00,9.9,9.9,534,https://buff.163.com/market/goods?game=csgo&goods_id=967986
Sticker | Hypnoteyes (Holo),2026-02-03 12:00:00,9.61,9.61,613,https://buff.163.com/market/goods?game=csgo&goods_id=967986
Sticker | Hypnoteyes (Holo),2026-02-09 12:00:00,9.26,9.26,617,https://buff.163.com/market/goods?game=csgo&goods_id=967986
Sticker | Hypnoteyes (Holo),2026-02-15 12:00:00,9.71,9.71,509,https://buff.163.com/market/goods?game=csgo&goods_id=967986
Sticker | Hypnoteyes (Holo),2026-02-21 12:00:00,9.19,9.19,592,https://buff.163.com/market/goods?game=csgo&goods_id=967986
Sticker | Hypnoteyes (Holo),2026-02-27 12:00:00,8.72,8.72,614,https://buff.163.com/market/goods?game=csgo&goods_id=967986
Sticker | Hypnoteyes (Holo),2026-03-04 12:00:00,8.69,8.69,565,https://buff.163.com/market/goods?game=csgo&goods_id=967986
Sticker | Hypnoteyes (Holo),2026-03-06 12:00:00,9.04,9.04,576,https://buff.163.com/market/goods?game=csgo&goods_id=967986
Sticker | Hypnoteyes (Holo),2026-03-07 12:00:00,9.04,9.04,554,https://buff.163.com/market/goods?game=csgo&goods_id=967986
Sticker | Hypnoteyes (Holo),2026-03-10 12:00:00,8.88,8.88,581,https://buff.163.com/market/goods?game=csgo&goods_id=967986
Sticker | Hypnoteyes (Holo),2026-03-12 12:00:00,8.74,8.74,599,https://buff.163.com/market/goods?game=csgo&goods_id=967986
Sticker | Hypnoteyes (Holo),2026-03-13 12:00:00,8.74,8.74,598,https://buff.163.com/market/goods?game=csgo&goods_id=967986
Sticker | Hypnoteyes (Holo),2026-03-16 12:00:00,8.13,8.13,610,https://buff.163.com/market/goods?game=csgo&goods_id=967986
Sticker | Hypnoteyes (Holo),2026-03-18 12:00:00,8.25,8.25,578,https://buff.163.com/market/goods?game=csgo&goods_id=967986
Sticker | Hypnoteyes (Holo),2026-03-19 12:00:00,8.3,8.3,562,https://buff.163.com/market/goods?game=csgo&goods_id=967986
Sticker | Hypnoteyes (Holo),2026-03-22 12:00:00,8.23,8.23,587,https://buff.163.com/market/goods?game=csgo&goods_id=967986
Sticker | Hypnoteyes (Holo),2026-03-24 12:00:00,9.31,9.31,420,https://buff.163.com/market/goods?game=csgo&goods_id=967986
Sticker | Hypnoteyes (Holo),2026-03-25 12:00:00,9.35,9.35,421,https://buff.163.com/market/goods?game=csgo&goods_id=967986
Sticker | Hypnoteyes (Holo),2026-03-28 12:00:00,9.3,9.3,415,https://buff.163.com/market/goods?game=csgo&goods_id=967986
Sticker | Hypnoteyes (Holo),2026-03-30 12:00:00,9.78,9.78,461,https://buff.163.com/market/goods?game=csgo&goods_id=967986
Sticker | Hypnoteyes (Holo),2026-03-31 12:00:00,10.0,10.0,445,https://buff.163.com/market/goods?game=csgo&goods_id=967986
Sticker | Hypnoteyes (Holo),2026-04-03 12:00:00,9.89,9.89,440,https://buff.163.com/market/goods?game=csgo&goods_id=967986
Sticker | Hypnoteyes (Holo),2026-04-05 12:00:00,9.89,9.89,435,https://buff.163.com/market/goods?game=csgo&goods_id=967986
Sticker | Hypnoteyes (Holo),2026-04-06 12:00:00,9.95,9.95,529,https://buff.163.com/market/goods?game=csgo&goods_id=967986
Sticker | Hypnoteyes (Holo),2026-04-09 12:00:00,9.59,9.59,562,https://buff.163.com/market/goods?game=csgo&goods_id=967986
Sticker | Hypnoteyes (Holo),2026-04-11 12:00:00,9.88,9.88,540,https://buff.163.com/market/goods?game=csgo&goods_id=967986
Sticker | Hypnoteyes (Holo),2026-04-12 12:00:00,9.9,9.9,514,https://buff.163.com/market/goods?game=csgo&goods_id=967986
Sticker | Hypnoteyes (Holo),2026-04-15 12:00:00,9.49,9.49,552,https://buff.163.com/market/goods?game=csgo&goods_id=967986
Sticker | Hypnoteyes (Holo),2026-04-17 12:00:00,9.47,9.47,553,https://buff.163.com/market/goods?game=csgo&goods_id=967986
Sticker | Hypnoteyes (Holo),2026-04-18 12:00:00,9.46,9.46,534,https://buff.163.com/market/goods?game=csgo&goods_id=967986
Sticker | Hypnoteyes (Holo),2026-04-21 12:00:00,9.64,9.64,502,https://buff.163.com/market/goods?game=csgo&goods_id=967986
Sticker | Hypnoteyes (Holo),2026-04-23 12:00:00,9.45,9.45,555,https://buff.163.com/market/goods?game=csgo&goods_id=967986
Sticker | Hypnoteyes (Holo),2026-04-24 12:00:00,9.4,9.4,555,https://buff.163.com/market/goods?game=csgo&goods_id=967986
Sticker | Hypnoteyes (Holo),2026-04-27 12:00:00,9.32,9.32,551,https://buff.163.com/market/goods?game=csgo&goods_id=967986
Sticker | Hypnoteyes (Holo),2026-04-29 12:00:00,9.39,9.39,554,https://buff.163.com/market/goods?game=csgo&goods_id=967986
Sticker | Hypnoteyes (Holo),2026-04-30 12:00:00,9.43,9.43,553,https://buff.163.com/market/goods?game=csgo&goods_id=967986
Sticker | Hypnoteyes (Holo),2026-05-03 12:00:00,9.29,9.29,552,https://buff.163.com/market/goods?game=csgo&goods_id=967986
Sticker | Hypnoteyes (Holo),2026-05-05 12:00:00,8.89,8.89,567,https://buff.163.com/market/goods?game=csgo&goods_id=967986
Sticker | Hypnoteyes (Holo),2026-05-06 12:00:00,8.99,8.99,558,https://buff.163.com/market/goods?game=csgo&goods_id=967986
Sticker | Hypnoteyes (Holo),2026-05-09 12:00:00,8.77,8.77,571,https://buff.163.com/market/goods?game=csgo&goods_id=967986
Sticker | Hypnoteyes (Holo),2026-05-11 12:00:00,8.55,8.55,559,https://buff.163.com/market/goods?game=csgo&goods_id=967986
Sticker | Hypnoteyes (Holo),2026-05-12 12:00:00,8.49,8.49,586,https://buff.163.com/market/goods?game=csgo&goods_id=967986
Sticker | Hypnoteyes (Holo),2026-05-15 12:00:00,8.59,8.59,536,https://buff.163.com/market/goods?game=csgo&goods_id=967986
Sticker | Hypnoteyes (Holo),2026-05-18 12:00:00,8.99,8.94,543,https://buff.163.com/market/goods?game=csgo&goods_id=967986
Sticker | Hypnoteyes (Holo),2026-05-21 12:00:00,9.11,9.11,506,https://buff.163.com/market/goods?game=csgo&goods_id=967986
Sticker | Hypnoteyes (Holo),2026-05-24 12:00:00,8.68,8.77,561,https://buff.163.com/market/goods?game=csgo&goods_id=967986
Sticker | Hypnoteyes (Holo),2026-05-27 12:00:00,7.68,7.68,487,https://buff.163.com/market/goods?game=csgo&goods_id=967986
Sticker | Hypnoteyes (Holo),2026-05-30 12:00:00,8.26,8.1,443,https://buff.163.com/market/goods?game=csgo&goods_id=967986
Sticker | Hypnoteyes (Holo),2026-06-02 12:00:00,8.29,8.29,439,https://buff.163.com/market/goods?game=csgo&goods_id=967986
Sticker | Hypnoteyes (Holo),2026-06-03 12:00:00,8.84,8.84,441,https://buff.163.com/market/goods?game=csgo&goods_id=967986
Sticker | Hypnoteyes (Holo),2026-06-04 12:00:00,8.7,8.7,474,https://buff.163.com/market/goods?game=csgo&goods_id=967986
Sticker | Hypnoteyes (Holo),2026-06-05 12:00:00,8.44,8.48,467,https://buff.163.com/market/goods?game=csgo&goods_id=967986
Sticker | Hypnoteyes (Holo),2026-06-06 12:00:00,8.44,8.44,485,https://buff.163.com/market/goods?game=csgo&goods_id=967986
Sticker | Hypnoteyes (Holo),2026-06-07 12:00:00,8.26,8.26,487,https://buff.163.com/market/goods?game=csgo&goods_id=967986
Sticker | Hypnoteyes (Holo),2026-06-08 12:00:00,8.18,8.18,800,https://buff.163.com/market/goods?game=csgo&goods_id=967986
Sticker | Hypnoteyes (Holo),2026-06-09 12:00:00,8.14,8.14,844,https://buff.163.com/market/goods?game=csgo&goods_id=967986
Sticker | Hypnoteyes (Holo),2026-06-10 12:00:00,8.23,8.23,751,https://buff.163.com/market/goods?game=csgo&goods_id=967986
Sticker | Hypnoteyes (Holo),2026-06-11 12:00:00,8.17,8.22,507,https://buff.163.com/market/goods?game=csgo&goods_id=967986
Sticker | Hypnoteyes (Holo),2026-06-12 12:00:00,8.16,8.16,505,https://buff.163.com/market/goods?game=csgo&goods_id=967986
Sticker | Hypnoteyes (Holo),2026-06-13 12:00:00,8.06,8.06,504,https://buff.163.com/market/goods?game=csgo&goods_id=967986
Sticker | Hypnoteyes (Holo),2026-06-14 12:00:00,7.93,7.93,524,https://buff.163.com/market/goods?game=csgo&goods_id=967986
Sticker | Hypnoteyes (Holo),2026-06-15 12:00:00,7.91,7.91,492,https://buff.163.com/market/goods?game=csgo&goods_id=967986
Sticker | Hypnoteyes (Holo),2026-06-16 12:00:00,7.79,7.79,494,https://buff.163.com/market/goods?game=csgo&goods_id=967986
Sticker | Hypnoteyes (Holo),2026-06-17 12:00:00,7.57,7.62,492,https://buff.163.com/market/goods?game=csgo&goods_id=967986
Sticker | Hypnoteyes (Holo),2026-06-18 12:00:00,7.62,7.62,496,https://buff.163.com/market/goods?game=csgo&goods_id=967986
Sticker | Hypnoteyes (Holo),2026-06-19 12:00:00,7.5,7.5,484,https://buff.163.com/market/goods?game=csgo&goods_id=967986
Sticker | Hypnoteyes (Holo),2026-06-20 12:00:00,7.5,7.5,456,https://buff.163.com/market/goods?game=csgo&goods_id=967986
Sticker | Hypnoteyes (Holo),2026-06-21 12:00:00,7.5,7.5,456,https://buff.163.com/market/goods?game=csgo&goods_id=967986
Sticker | Hypnoteyes (Holo),2026-06-22 12:00:00,7.61,7.61,531,https://buff.163.com/market/goods?game=csgo&goods_id=967986
Sticker | Hypnoteyes (Holo),2026-06-23 12:00:00,7.59,7.61,517,https://buff.163.com/market/goods?game=csgo&goods_id=967986
Sticker | Hypnoteyes (Holo),2026-06-24 12:00:00,7.5,7.5,502,https://buff.163.com/market/goods?game=csgo&goods_id=967986
Sticker | Hypnoteyes (Holo),2026-06-25 12:00:00,7.56,7.56,541,https://buff.163.com/market/goods?game=csgo&goods_id=967986
Sticker | Hypnoteyes (Holo),2026-06-26 12:00:00,7.48,7.48,575,https://buff.163.com/market/goods?game=csgo&goods_id=967986
Sticker | Hypnoteyes (Holo),2026-06-27 12:00:00,7.47,7.47,581,https://buff.163.com/market/goods?game=csgo&goods_id=967986
Sticker | Hypnoteyes (Holo),2026-06-28 12:00:00,7.32,7.32,627,https://buff.163.com/market/goods?game=csgo&goods_id=967986
Sticker | Hypnoteyes (Holo),2026-06-29 12:00:00,7.17,6.9,648,https://buff.163.com/market/goods?game=csgo&goods_id=967986
Sticker | Hypnoteyes (Holo),2026-06-30 12:00:00,7.13,7.13,653,https://buff.163.com/market/goods?game=csgo&goods_id=967986
Sticker | Hypnoteyes (Holo),2026-07-01 12:00:00,6.9,6.9,668,https://buff.163.com/market/goods?game=csgo&goods_id=967986
Sticker | Hypnoteyes (Holo),2026-07-02 12:00:00,6.89,6.89,635,https://buff.163.com/market/goods?game=csgo&goods_id=967986
Sticker | Hypnoteyes (Holo),2026-07-03 12:00:00,6.75,6.75,571,https://buff.163.com/market/goods?game=csgo&goods_id=967986
Sticker | Hypnoteyes (Holo),2026-07-04 12:00:00,6.89,6.89,690,https://buff.163.com/market/goods?game=csgo&goods_id=967986
Sticker | Hypnoteyes (Holo),2026-07-05 12:00:00,7.04,6.9,594,https://buff.163.com/market/goods?game=csgo&goods_id=967986
Sticker | Hypnoteyes (Holo),2026-07-06 12:00:00,6.85,6.85,717,https://buff.163.com/market/goods?game=csgo&goods_id=967986
Sticker | Hypnoteyes (Holo),2026-07-07 12:00:00,6.77,6.77,743,https://buff.163.com/market/goods?game=csgo&goods_id=967986
Sticker | Hypnoteyes (Holo),2026-07-08 12:00:00,6.77,6.77,743,https://buff.163.com/market/goods?game=csgo&goods_id=967986
Sticker | Hypnoteyes (Holo),2026-07-09 12:00:00,7.1,7.1,536,https://buff.163.com/market/goods?game=csgo&goods_id=967986
Sticker | Hypnoteyes (Holo),2026-07-10 12:00:00,7.05,7.05,546,https://buff.163.com/market/goods?game=csgo&goods_id=967986
Sticker | Hypnoteyes (Holo),2026-07-11 12:00:00,7.0,6.97,545,https://buff.163.com/market/goods?game=csgo&goods_id=967986
Sticker | Hypnoteyes (Holo),2026-07-12 12:00:00,7.0,7.0,545,https://buff.163.com/market/goods?game=csgo&goods_id=967986
Sticker | Hypnoteyes (Holo),2026-07-13 12:00:00,6.95,6.95,642,https://buff.163.com/market/goods?game=csgo&goods_id=967986
Sticker | Hypnoteyes (Holo),2026-07-14 12:00:00,6.71,6.71,936,https://buff.163.com/market/goods?game=csgo&goods_id=967986
Sticker | Hypnoteyes (Holo),2026-07-15 12:00:00,6.6,6.6,686,https://buff.163.com/market/goods?game=csgo&goods_id=967986
Sticker | Hypnoteyes (Holo),2026-07-16 12:00:00,6.49,6.49,652,https://buff.163.com/market/goods?game=csgo&goods_id=967986
Sticker | Hypnoteyes (Holo),2026-07-17 12:00:00,6.39,6.14,601,https://buff.163.com/market/goods?game=csgo&goods_id=967986
Sticker | Hypnoteyes (Holo),2026-07-18 12:00:00,6.19,6.19,598,https://buff.163.com/market/goods?game=csgo&goods_id=967986
Sticker | Hypnoteyes (Holo),2026-07-19 12:00:00,6.12,6.12,780,https://buff.163.com/market/goods?game=csgo&goods_id=967986
Sticker | Hypnoteyes (Holo),2026-07-20 12:00:00,6.12,6.12,745,https://buff.163.com/market/goods?game=csgo&goods_id=967986
Sticker | Hypnoteyes (Holo),2026-07-21 12:00:00,6.12,6.12,745,https://buff.163.com/market/goods?game=csgo&goods_id=967986
Sticker | Hypnoteyes (Holo),2026-07-22 12:00:00,6.13,6.13,582,https://buff.163.com/market/goods?game=csgo&goods_id=967986
Sticker | Hypnoteyes (Holo),2026-07-23 12:00:00,6.13,5.99,582,https://buff.163.com/market/goods?game=csgo&goods_id=967986
Sticker | Hypnoteyes (Holo),2026-07-24 12:00:00,6.16,6.16,648,https://buff.163.com/market/goods?game=csgo&goods_id=967986
Sticker | Hypnoteyes (Holo),2026-07-25 12:00:00,5.98,5.98,743,https://buff.163.com/market/goods?game=csgo&goods_id=967986
Sticker | Hypnoteyes (Holo),2026-07-26 12:00:00,5.97,5.97,744,https://buff.163.com/market/goods?game=csgo&goods_id=967986
Sticker | Hypnoteyes (Holo),2026-07-27 12:00:00,5.94,5.94,793,https://buff.163.com/market/goods?game=csgo&goods_id=967986
Sticker | Hypnoteyes (Holo),2026-07-28 12:00:00,5.97,5.97,723,https://buff.163.com/market/goods?game=csgo&goods_id=967986
Sticker | Hypnoteyes (Holo),2026-07-29 12:00:00,5.95,5.95,750,https://buff.163.com/market/goods?game=csgo&goods_id=967986
Sticker | Hypnoteyes (Holo),2026-07-30 12:00:00,5.87,5.94,683,https://buff.163.com/market/goods?game=csgo&goods_id=967986
Sticker | Hypnoteyes (Holo),2026-07-31 12:00:00,5.93,5.93,608,https://buff.163.com/market/goods?game=csgo&goods_id=967986
Sticker | Hypnoteyes (Holo),2026-08-01 12:00:00,5.93,5.94,608,https://buff.163.com/market/goods?game=csgo&goods_id=967986
Sticker | Hypnoteyes (Holo),2026-08-02 12:00:00,5.9,5.8,647,https://buff.163.com/market/goods?game=csgo&goods_id=967986
Sticker | Hypnoteyes (Holo),2026-08-03 12:00:00,5.78,5.79,656,https://buff.163.com/market/goods?game=csgo&goods_id=967986
Sticker | Hypnoteyes (Holo),2026-08-04 12:00:00,5.8,5.78,609,https://buff.163.com/market/goods?game=csgo&goods_id=967986
Sticker | Hypnoteyes (Holo),2026-08-05 12:00:00,5.68,5.7,715,https://buff.163.com/market/goods?game=csgo&goods_id=967986
Sticker | Hypnoteyes (Holo),2026-08-06 12:00:00,5.7,5.68,623,https://buff.163.com/market/goods?game=csgo&goods_id=967986
Sticker | Hypnoteyes (Holo),2026-08-07 12:00:00,5.68,5.66,772,https://buff.163.com/market/goods?game=csgo&goods_id=967986
Sticker | Hypnoteyes (Holo),2026-08-08 12:00:00,5.64,5.58,718,https://buff.163.com/market/goods?game=csgo&goods_id=967986
Sticker | Hypnoteyes (Holo),2026-08-09 12:00:00,5.54,5.49,791,https://buff.163.com/market/goods?game=csgo&goods_id=967986
Sticker | Hypnoteyes (Holo),2026-08-10 12:00:00,5.49,5.64,771,https://buff.163.com/market/goods?game=csgo&goods_id=967986
Sticker | Hypnoteyes (Holo),2026-08-11 12:00:00,5.64,5.63,665,https://buff.163.com/market/goods?game=csgo&goods_id=967986
Sticker | Hypnoteyes (Holo),2026-08-12 12:00:00,5.59,5.4,634,https://buff.163.com/market/goods?game=csgo&goods_id=967986
Sticker | Hypnoteyes (Holo),2026-08-13 12:00:00,5.39,5.58,634,https://buff.163.com/market/goods?game=csgo&goods_id=967986
Sticker | Hypnoteyes (Holo),2026-08-14 12:00:00,5.55,5.44,623,https://buff.163.com/market/goods?game=csgo&goods_id=967986
Sticker | Hypnoteyes (Holo),2026-08-15 12:00:00,5.42,5.39,652,https://buff.163.com/market/goods?game=csgo&goods_id=967986
Sticker | Hypnoteyes (Holo),2026-08-16 12:00:00,5.37,5.36,719,https://buff.163.com/market/goods?game=csgo&goods_id=967986
Sticker | Hypnoteyes (Holo),2026-08-17 12:00:00,5.34,5.31,638,https://buff.163.com/market/goods?game=csgo&goods_id=967986
Sticker | Hypnoteyes (Holo),2026-08-18 12:00:00,5.29,5.13,642,https://buff.163.com/market/goods?game=csgo&goods_id=967986
Sticker | Hypnoteyes (Holo),2026-08-19 12:00:00,5.11,5.14,722,https://buff.163.com/market/goods?game=csgo&goods_id=967986
Sticker | Hypnoteyes (Holo),2026-08-20 12:00:00,5.14,5.14,642,https://buff.163.com/market/goods?game=csgo&goods_id=967986
Sticker | Hypnoteyes (Holo),2026-08-21 12:00:00,5.1,5.14,645,https://buff.163.com/market/goods?game=csgo&goods_id=967986
Sticker | Hypnoteyes (Holo),2026-08-22 12:00:00,5.14,5.14,650,https://buff.163.com/market/goods?game=csgo&goods_id=967986
Sticker | Hypnoteyes (Holo),2026-08-23 12:00:00,5.1,5.05,666,https://buff.163.com/market/goods?game=csgo&goods_id=967986
Sticker | Hypnoteyes (Holo),2026-08-24 12:00:00,5.03,4.99,666,https://buff.163.com/market/goods?game=csgo&goods_id=967986
Sticker | Hypnoteyes (Holo),2026-08-25 12:00:00,4.99,4.92,694,https://buff.163.com/market/goods?game=csgo&goods_id=967986
Sticker | Hypnoteyes (Holo),2026-08-26 12:00:00,4.89,4.89,646,https://buff.163.com/market/goods?game=csgo&goods_id=967986
Sticker | Hypnoteyes (Holo),2026-08-27 12:00:00,5.13,5.13,575,https://buff.163.com/market/goods?game=csgo&goods_id=967986
Sticker | Hypnoteyes (Holo),2026-08-28 12:00:00,5.13,5.13,549,https://buff.163.com/market/goods?game=csgo&goods_id=967986
Sticker | Hypnoteyes (Holo),2026-08-29 12:00:00,5.46,5.38,546,https://buff.163.com/market/goods?game=csgo&goods_id=967986
Sticker | Hypnoteyes (Holo),2026-08-30 12:00:00,5.36,5.34,601,https://buff.163.com/market/goods?game=csgo&goods_id=967986
Sticker | Hypnoteyes (Holo),2026-08-31 12:00:00,5.33,5.33,582,https://buff.163.com/market/goods?game=csgo&goods_id=967986
Glove Case,2025-08-31 12:00:00,91.56,91.56,2327,https://buff.163.com/market/goods?game=csgo&goods_id=35086
Glove Case,2025-09-04 12:00:00,93.0,93.0,2075,https://buff.163.com/market/goods?game=csgo&goods_id=35086
Glove Case,2025-09-10 12:00:00,94.7,94.7,2248,https://buff.163.com/market/goods?game=csgo&goods_id=35086
Glove Case,2025-09-16 12:00:00,93.5,93.5,2476,https://buff.163.com/market/goods?game=csgo&goods_id=35086
Glove Case,2025-09-22 12:00:00,90.35,90.35,2724,https://buff.163.com/market/goods?game=csgo&goods_id=35086
Glove Case,2025-09-28 12:00:00,88.78,88.78,2509,https://buff.163.com/market/goods?game=csgo&goods_id=35086
Glove Case,2025-10-04 12:00:00,89.3,89.3,2363,https://buff.163.com/market/goods?game=csgo&goods_id=35086
Glove Case,2025-10-11 12:00:00,89.0,89.0,2819,https://buff.163.com/market/goods?game=csgo&goods_id=35086
Glove Case,2025-10-17 12:00:00,89.0,89.0,2745,https://buff.163.com/market/goods?game=csgo&goods_id=35086
Glove Case,2025-10-23 12:00:00,77.9,77.9,1874,https://buff.163.com/market/goods?game=csgo&goods_id=35086
Glove Case,2025-10-29 12:00:00,73.5,73.5,2327,https://buff.163.com/market/goods?game=csgo&goods_id=35086
Glove Case,2025-11-04 12:00:00,83.0,83.0,3066,https://buff.163.com/market/goods?game=csgo&goods_id=35086
Glove Case,2025-11-10 12:00:00,99.8,99.8,1782,https://buff.163.com/market/goods?game=csgo&goods_id=35086
Glove Case,2025-11-16 12:00:00,106.2,106.2,1861,https://buff.163.com/market/goods?game=csgo&goods_id=35086
Glove Case,2025-11-22 12:00:00,138.0,138.0,853,https://buff.163.com/market/goods?game=csgo&goods_id=35086
Glove Case,2025-11-28 12:00:00,178.7,178.7,622,https://buff.163.com/market/goods?game=csgo&goods_id=35086
Glove Case,2025-12-04 12:00:00,215.0,215.0,1275,https://buff.163.com/market/goods?game=csgo&goods_id=35086
Glove Case,2025-12-10 12:00:00,193.0,193.0,1677,https://buff.163.com/market/goods?game=csgo&goods_id=35086
Glove Case,2025-12-16 12:00:00,177.0,177.0,2271,https://buff.163.com/market/goods?game=csgo&goods_id=35086
Glove Case,2025-12-23 12:00:00,167.0,167.0,2632,https://buff.163.com/market/goods?game=csgo&goods_id=35086
Glove Case,2025-12-29 12:00:00,156.0,156.0,2807,https://buff.163.com/market/goods?game=csgo&goods_id=35086
Glove Case,2026-01-04 12:00:00,160.03,160.03,2534,https://buff.163.com/market/goods?game=csgo&goods_id=35086
Glove Case,2026-01-10 12:00:00,125.5,125.5,3397,https://buff.163.com/market/goods?game=csgo&goods_id=35086
Glove Case,2026-01-16 12:00:00,134.9,134.9,3460,https://buff.163.com/market/goods?game=csgo&goods_id=35086
Glove Case,2026-01-22 12:00:00,117.8,117.8,3680,https://buff.163.com/market/goods?game=csgo&goods_id=35086
Glove Case,2026-01-28 12:00:00,115.9,115.9,3808,https://buff.163.com/market/goods?game=csgo&goods_id=35086
Glove Case,2026-02-03 12:00:00,102.5,102.5,3544,https://buff.163.com/market/goods?game=csgo&goods_id=35086
Glove Case,2026-02-09 12:00:00,111.7,111.7,3203,https://buff.163.com/market/goods?game=csgo&goods_id=35086
Glove Case,2026-02-15 12:00:00,126.5,126.5,3280,https://buff.163.com/market/goods?game=csgo&goods_id=35086
Glove Case,2026-02-21 12:00:00,118.49,118.49,3223,https://buff.163.com/market/goods?game=csgo&goods_id=35086
Glove Case,2026-02-27 12:00:00,120.5,120.5,3887,https://buff.163.com/market/goods?game=csgo&goods_id=35086
Glove Case,2026-03-04 12:00:00,123.0,123.0,3473,https://buff.163.com/market/goods?game=csgo&goods_id=35086
Glove Case,2026-03-06 12:00:00,130.0,130.0,2755,https://buff.163.com/market/goods?game=csgo&goods_id=35086
Glove Case,2026-03-07 12:00:00,130.0,130.0,2713,https://buff.163.com/market/goods?game=csgo&goods_id=35086
Glove Case,2026-03-10 12:00:00,129.0,129.0,2741,https://buff.163.com/market/goods?game=csgo&goods_id=35086
Glove Case,2026-03-12 12:00:00,119.66,119.66,2598,https://buff.163.com/market/goods?game=csgo&goods_id=35086
Glove Case,2026-03-13 12:00:00,122.2,122.2,2597,https://buff.163.com/market/goods?game=csgo&goods_id=35086
Glove Case,2026-03-16 12:00:00,117.0,117.0,2476,https://buff.163.com/market/goods?game=csgo&goods_id=35086
Glove Case,2026-03-18 12:00:00,111.41,111.41,2751,https://buff.163.com/market/goods?game=csgo&goods_id=35086
Glove Case,2026-03-19 12:00:00,111.37,111.37,2755,https://buff.163.com/market/goods?game=csgo&goods_id=35086
Glove Case,2026-03-22 12:00:00,105.99,105.99,2918,https://buff.163.com/market/goods?game=csgo&goods_id=35086
Glove Case,2026-03-24 12:00:00,104.0,104.0,3084,https://buff.163.com/market/goods?game=csgo&goods_id=35086
Glove Case,2026-03-25 12:00:00,104.4,104.4,3036,https://buff.163.com/market/goods?game=csgo&goods_id=35086
Glove Case,2026-03-28 12:00:00,101.8,101.8,3124,https://buff.163.com/market/goods?game=csgo&goods_id=35086
Glove Case,2026-03-30 12:00:00,100.95,100.95,3083,https://buff.163.com/market/goods?game=csgo&goods_id=35086
Glove Case,2026-03-31 12:00:00,100.49,100.49,3043,https://buff.163.com/market/goods?game=csgo&goods_id=35086
Glove Case,2026-04-03 12:00:00,99.9,99.9,3055,https://buff.163.com/market/goods?game=csgo&goods_id=35086
Glove Case,2026-04-05 12:00:00,98.67,98.67,3161,https://buff.163.com/market/goods?game=csgo&goods_id=35086
Glove Case,2026-04-06 12:00:00,97.88,97.88,3064,https://buff.163.com/market/goods?game=csgo&goods_id=35086
Glove Case,2026-04-09 12:00:00,98.67,98.67,3116,https://buff.163.com/market/goods?game=csgo&goods_id=35086
Glove Case,2026-04-11 12:00:00,97.0,97.0,3263,https://buff.163.com/market/goods?game=csgo&goods_id=35086
Glove Case,2026-04-12 12:00:00,96.7,96.7,3264,https://buff.163.com/market/goods?game=csgo&goods_id=35086
Glove Case,2026-04-15 12:00:00,94.28,94.28,3789,https://buff.163.com/market/goods?game=csgo&goods_id=35086
Glove Case,2026-04-17 12:00:00,91.28,91.28,3606,https://buff.163.com/market/goods?game=csgo&goods_id=35086
Glove Case,2026-04-18 12:00:00,96.0,96.0,3682,https://buff.163.com/market/goods?game=csgo&goods_id=35086
Glove Case,2026-04-21 12:00:00,91.3,91.3,3647,https://buff.163.com/market/goods?game=csgo&goods_id=35086
Glove Case,2026-04-23 12:00:00,91.0,91.0,3739,https://buff.163.com/market/goods?game=csgo&goods_id=35086
Glove Case,2026-04-24 12:00:00,93.0,93.0,3767,https://buff.163.com/market/goods?game=csgo&goods_id=35086
Glove Case,2026-04-27 12:00:00,91.27,91.27,3568,https://buff.163.com/market/goods?game=csgo&goods_id=35086
Glove Case,2026-04-29 12:00:00,91.74,91.74,3719,https://buff.163.com/market/goods?game=csgo&goods_id=35086
Glove Case,2026-04-30 12:00:00,93.09,93.09,3470,https://buff.163.com/market/goods?game=csgo&goods_id=35086
Glove Case,2026-05-03 12:00:00,92.5,92.5,3561,https://buff.163.com/market/goods?game=csgo&goods_id=35086
Glove Case,2026-05-05 12:00:00,86.9,86.9,3850,https://buff.163.com/market/goods?game=csgo&goods_id=35086
Glove Case,2026-05-06 12:00:00,87.9,87.9,3652,https://buff.163.com/market/goods?game=csgo&goods_id=35086
Glove Case,2026-05-09 12:00:00,82.99,82.99,4003,https://buff.163.com/market/goods?game=csgo&goods_id=35086
Glove Case,2026-05-11 12:00:00,76.99,76.99,4225,https://buff.163.com/market/goods?game=csgo&goods_id=35086
Glove Case,2026-05-12 12:00:00,77.87,77.87,4182,https://buff.163.com/market/goods?game=csgo&goods_id=35086
Glove Case,2026-05-15 12:00:00,75.8,75.8,4302,https://buff.163.com/market/goods?game=csgo&goods_id=35086
Glove Case,2026-05-18 12:00:00,74.58,75.25,4240,https://buff.163.com/market/goods?game=csgo&goods_id=35086
Glove Case,2026-05-21 12:00:00,69.3,69.3,4425,https://buff.163.com/market/goods?game=csgo&goods_id=35086
Glove Case,2026-05-24 12:00:00,68.5,61.49,4498,https://buff.163.com/market/goods?game=csgo&goods_id=35086
Glove Case,2026-05-27 12:00:00,74.0,74.0,3776,https://buff.163.com/market/goods?game=csgo&goods_id=35086
Glove Case,2026-05-30 12:00:00,82.9,81.8,3598,https://buff.163.com/market/goods?game=csgo&goods_id=35086
Glove Case,2026-06-02 12:00:00,85.5,85.5,2994,https://buff.163.com/market/goods?game=csgo&goods_id=35086
Glove Case,2026-06-03 12:00:00,98.79,98.79,2991,https://buff.163.com/market/goods?game=csgo&goods_id=35086
Glove Case,2026-06-04 12:00:00,106.4,106.4,2792,https://buff.163.com/market/goods?game=csgo&goods_id=35086
Glove Case,2026-06-05 12:00:00,118.3,116.03,3072,https://buff.163.com/market/goods?game=csgo&goods_id=35086
Glove Case,2026-06-06 12:00:00,116.03,116.03,2993,https://buff.163.com/market/goods?game=csgo&goods_id=35086
Glove Case,2026-06-07 12:00:00,124.0,124.0,2580,https://buff.163.com/market/goods?game=csgo&goods_id=35086
Glove Case,2026-06-08 12:00:00,132.0,132.0,2538,https://buff.163.com/market/goods?game=csgo&goods_id=35086
Glove Case,2026-06-09 12:00:00,134.8,134.8,2306,https://buff.163.com/market/goods?game=csgo&goods_id=35086
Glove Case,2026-06-10 12:00:00,127.0,127.0,3201,https://buff.163.com/market/goods?game=csgo&goods_id=35086
Glove Case,2026-06-11 12:00:00,125.45,124.95,2911,https://buff.163.com/market/goods?game=csgo&goods_id=35086
Glove Case,2026-06-12 12:00:00,124.0,124.0,2930,https://buff.163.com/market/goods?game=csgo&goods_id=35086
Glove Case,2026-06-13 12:00:00,119.0,119.0,3045,https://buff.163.com/market/goods?game=csgo&goods_id=35086
Glove Case,2026-06-14 12:00:00,119.0,119.0,3045,https://buff.163.com/market/goods?game=csgo&goods_id=35086
Glove Case,2026-06-15 12:00:00,117.47,117.47,3275,https://buff.163.com/market/goods?game=csgo&goods_id=35086
Glove Case,2026-06-16 12:00:00,120.0,120.0,3399,https://buff.163.com/market/goods?game=csgo&goods_id=35086
Glove Case,2026-06-17 12:00:00,108.5,119.5,3831,https://buff.163.com/market/goods?game=csgo&goods_id=35086
Glove Case,2026-06-18 12:00:00,114.0,114.0,3653,https://buff.163.com/market/goods?game=csgo&goods_id=35086
Glove Case,2026-06-19 12:00:00,111.4,111.4,3853,https://buff.163.com/market/goods?game=csgo&goods_id=35086
Glove Case,2026-06-20 12:00:00,112.99,112.99,3657,https://buff.163.com/market/goods?game=csgo&goods_id=35086
Glove Case,2026-06-21 12:00:00,108.88,108.88,3915,https://buff.163.com/market/goods?game=csgo&goods_id=35086
Glove Case,2026-06-22 12:00:00,116.48,116.48,3709,https://buff.163.com/market/goods?game=csgo&goods_id=35086
Glove Case,2026-06-23 12:00:00,118.0,116.39,3723,https://buff.163.com/market/goods?game=csgo&goods_id=35086
Glove Case,2026-06-24 12:00:00,120.5,120.5,3622,https://buff.163.com/market/goods?game=csgo&goods_id=35086
Glove Case,2026-06-25 12:00:00,115.88,115.88,3771,https://buff.163.com/market/goods?game=csgo&goods_id=35086
Glove Case,2026-06-26 12:00:00,112.39,112.39,4087,https://buff.163.com/market/goods?game=csgo&goods_id=35086
Glove Case,2026-06-27 12:00:00,108.47,108.47,4230,https://buff.163.com/market/goods?game=csgo&goods_id=35086
Glove Case,2026-06-28 12:00:00,108.9,108.9,4147,https://buff.163.com/market/goods?game=csgo&goods_id=35086
Glove Case,2026-06-29 12:00:00,106.97,105.89,4112,https://buff.163.com/market/goods?game=csgo&goods_id=35086
Glove Case,2026-06-30 12:00:00,105.5,105.5,4045,https://buff.163.com/market/goods?game=csgo&goods_id=35086
Glove Case,2026-07-01 12:00:00,103.48,103.48,4099,https://buff.163.com/market/goods?game=csgo&goods_id=35086
Glove Case,2026-07-02 12:00:00,104.99,104.99,3953,https://buff.163.com/market/goods?game=csgo&goods_id=35086
Glove Case,2026-07-03 12:00:00,106.37,106.37,3935,https://buff.163.com/market/goods?game=csgo&goods_id=35086
Glove Case,2026-07-04 12:00:00,102.99,102.99,4092,https://buff.163.com/market/goods?game=csgo&goods_id=35086
Glove Case,2026-07-05 12:00:00,101.99,103.47,4063,https://buff.163.com/market/goods?game=csgo&goods_id=35086
Glove Case,2026-07-06 12:00:00,100.97,100.97,4076,https://buff.163.com/market/goods?game=csgo&goods_id=35086
Glove Case,2026-07-07 12:00:00,96.9,96.9,4230,https://buff.163.com/market/goods?game=csgo&goods_id=35086
Glove Case,2026-07-08 12:00:00,99.2,99.2,4157,https://buff.163.com/market/goods?game=csgo&goods_id=35086
Glove Case,2026-07-09 12:00:00,100.4,100.4,4123,https://buff.163.com/market/goods?game=csgo&goods_id=35086
Glove Case,2026-07-10 12:00:00,96.7,96.7,4258,https://buff.163.com/market/goods?game=csgo&goods_id=35086
Glove Case,2026-07-11 12:00:00,95.6,91.9,4215,https://buff.163.com/market/goods?game=csgo&goods_id=35086
Glove Case,2026-07-12 12:00:00,96.5,96.5,4406,https://buff.163.com/market/goods?game=csgo&goods_id=35086
Glove Case,2026-07-13 12:00:00,88.9,88.9,4428,https://buff.163.com/market/goods?game=csgo&goods_id=35086
Glove Case,2026-07-14 12:00:00,88.9,88.9,4428,https://buff.163.com/market/goods?game=csgo&goods_id=35086
Glove Case,2026-07-15 12:00:00,89.9,89.9,4180,https://buff.163.com/market/goods?game=csgo&goods_id=35086
Glove Case,2026-07-16 12:00:00,89.09,89.09,4294,https://buff.163.com/market/goods?game=csgo&goods_id=35086
Glove Case,2026-07-17 12:00:00,88.0,86.0,4408,https://buff.163.com/market/goods?game=csgo&goods_id=35086
Glove Case,2026-07-18 12:00:00,88.0,88.0,4408,https://buff.163.com/market/goods?game=csgo&goods_id=35086
Glove Case,2026-07-19 12:00:00,84.7,84.7,4391,https://buff.163.com/market/goods?game=csgo&goods_id=35086
Glove Case,2026-07-20 12:00:00,84.0,84.0,4890,https://buff.163.com/market/goods?game=csgo&goods_id=35086
Glove Case,2026-07-21 12:00:00,84.0,84.0,4890,https://buff.163.com/market/goods?game=csgo&goods_id=35086
Glove Case,2026-07-22 12:00:00,86.7,86.7,4568,https://buff.163.com/market/goods?game=csgo&goods_id=35086
Glove Case,2026-07-23 12:00:00,87.5,87.08,4764,https://buff.163.com/market/goods?game=csgo&goods_id=35086
Glove Case,2026-07-24 12:00:00,90.0,90.0,4582,https://buff.163.com/market/goods?game=csgo&goods_id=35086
Glove Case,2026-07-25 12:00:00,87.08,87.08,4657,https://buff.163.com/market/goods?game=csgo&goods_id=35086
Glove Case,2026-07-26 12:00:00,87.3,87.3,4786,https://buff.163.com/market/goods?game=csgo&goods_id=35086
Glove Case,2026-07-27 12:00:00,86.87,86.87,4921,https://buff.163.com/market/goods?game=csgo&goods_id=35086
Glove Case,2026-07-28 12:00:00,87.48,87.48,4814,https://buff.163.com/market/goods?game=csgo&goods_id=35086
Glove Case,2026-07-29 12:00:00,85.28,85.28,4623,https://buff.163.com/market/goods?game=csgo&goods_id=35086
Glove Case,2026-07-30 12:00:00,82.87,83.29,4593,https://buff.163.com/market/goods?game=csgo&goods_id=35086
Glove Case,2026-07-31 12:00:00,83.38,83.38,4603,https://buff.163.com/market/goods?game=csgo&goods_id=35086
Glove Case,2026-08-01 12:00:00,83.5,83.9,4675,https://buff.163.com/market/goods?game=csgo&goods_id=35086
Glove Case,2026-08-02 12:00:00,83.45,82.0,4559,https://buff.163.com/market/goods?game=csgo&goods_id=35086
Glove Case,2026-08-03 12:00:00,80.32,78.5,5412,https://buff.163.com/market/goods?game=csgo&goods_id=35086
Glove Case,2026-08-04 12:00:00,78.5,79.97,5486,https://buff.163.com/market/goods?game=csgo&goods_id=35086
Glove Case,2026-08-05 12:00:00,83.0,82.87,4771,https://buff.163.com/market/goods?game=csgo&goods_id=35086
Glove Case,2026-08-06 12:00:00,82.8,84.28,4678,https://buff.163.com/market/goods?game=csgo&goods_id=35086
Glove Case,2026-08-07 12:00:00,84.74,84.28,4470,https://buff.163.com/market/goods?game=csgo&goods_id=35086
Glove Case,2026-08-08 12:00:00,84.9,82.99,4650,https://buff.163.com/market/goods?game=csgo&goods_id=35086
Glove Case,2026-08-09 12:00:00,83.0,81.88,4771,https://buff.163.com/market/goods?game=csgo&goods_id=35086
Glove Case,2026-08-10 12:00:00,81.81,81.5,4949,https://buff.163.com/market/goods?game=csgo&goods_id=35086
Glove Case,2026-08-11 12:00:00,81.0,79.0,4960,https://buff.163.com/market/goods?game=csgo&goods_id=35086
Glove Case,2026-08-12 12:00:00,78.69,77.0,5274,https://buff.163.com/market/goods?game=csgo&goods_id=35086
Glove Case,2026-08-13 12:00:00,78.08,76.49,5256,https://buff.163.com/market/goods?game=csgo&goods_id=35086
Glove Case,2026-08-14 12:00:00,76.26,77.59,5119,https://buff.163.com/market/goods?game=csgo&goods_id=35086
Glove Case,2026-08-15 12:00:00,77.0,74.74,5108,https://buff.163.com/market/goods?game=csgo&goods_id=35086
Glove Case,2026-08-16 12:00:00,75.77,73.75,5531,https://buff.163.com/market/goods?game=csgo&goods_id=35086
Glove Case,2026-08-17 12:00:00,72.68,72.34,5529,https://buff.163.com/market/goods?game=csgo&goods_id=35086
Glove Case,2026-08-18 12:00:00,75.7,73.27,4591,https://buff.163.com/market/goods?game=csgo&goods_id=35086
Glove Case,2026-08-19 12:00:00,73.9,72.75,4406,https://buff.163.com/market/goods?game=csgo&goods_id=35086
Glove Case,2026-08-20 12:00:00,72.66,73.9,5131,https://buff.163.com/market/goods?game=csgo&goods_id=35086
Glove Case,2026-08-21 12:00:00,73.5,78.0,4858,https://buff.163.com/market/goods?game=csgo&goods_id=35086
Glove Case,2026-08-22 12:00:00,75.99,79.0,4781,https://buff.163.com/market/goods?game=csgo&goods_id=35086
Glove Case,2026-08-23 12:00:00,87.0,83.2,4359,https://buff.163.com/market/goods?game=csgo&goods_id=35086
Glove Case,2026-08-24 12:00:00,82.0,78.69,4676,https://buff.163.com/market/goods?game=csgo&goods_id=35086
Glove Case,2026-08-25 12:00:00,78.69,74.98,4592,https://buff.163.com/market/goods?game=csgo&goods_id=35086
Glove Case,2026-08-26 12:00:00,76.64,76.64,4570,https://buff.163.com/market/goods?game=csgo&goods_id=35086
Glove Case,2026-08-27 12:00:00,78.0,78.99,4854,https://buff.163.com/market/goods?game=csgo&goods_id=35086
Glove Case,2026-08-28 12:00:00,79.79,78.99,4730,https://buff.163.com/market/goods?game=csgo&goods_id=35086
Glove Case,2026-08-29 12:00:00,81.6,80.0,4818,https://buff.163.com/market/goods?game=csgo&goods_id=35086
Glove Case,2026-08-30 12:00:00,79.29,82.85,4781,https://buff.163.com/market/goods?game=csgo&goods_id=35086
Glove Case,2026-08-31 12:00:00,82.0,82.0,4087,https://buff.163.com/market/goods?game=csgo&goods_id=35086
Sticker | Taste Buddy (Holo),2025-08-31 12:00:00,25.79,25.79,520,https://buff.163.com/market/goods?game=csgo&goods_id=968001
Sticker | Taste Buddy (Holo),2025-09-04 12:00:00,33.0,33.0,339,https://buff.163.com/market/goods?game=csgo&goods_id=968001
Sticker | Taste Buddy (Holo),2025-09-10 12:00:00,57.6,57.6,490,https://buff.163.com/market/goods?game=csgo&goods_id=968001
Sticker | Taste Buddy (Holo),2025-09-16 12:00:00,48.0,48.0,600,https://buff.163.com/market/goods?game=csgo&goods_id=968001
Sticker | Taste Buddy (Holo),2025-09-22 12:00:00,46.1,46.1,757,https://buff.163.com/market/goods?game=csgo&goods_id=968001
Sticker | Taste Buddy (Holo),2025-09-28 12:00:00,48.27,48.27,967,https://buff.163.com/market/goods?game=csgo&goods_id=968001
Sticker | Taste Buddy (Holo),2025-10-04 12:00:00,56.15,56.15,1014,https://buff.163.com/market/goods?game=csgo&goods_id=968001
Sticker | Taste Buddy (Holo),2025-10-11 12:00:00,55.98,55.98,921,https://buff.163.com/market/goods?game=csgo&goods_id=968001
Sticker | Taste Buddy (Holo),2025-10-17 12:00:00,52.24,52.24,1122,https://buff.163.com/market/goods?game=csgo&goods_id=968001
Sticker | Taste Buddy (Holo),2025-10-23 12:00:00,37.28,37.28,905,https://buff.163.com/market/goods?game=csgo&goods_id=968001
Sticker | Taste Buddy (Holo),2025-10-29 12:00:00,43.77,43.77,956,https://buff.163.com/market/goods?game=csgo&goods_id=968001
Sticker | Taste Buddy (Holo),2025-11-04 12:00:00,50.0,50.0,1274,https://buff.163.com/market/goods?game=csgo&goods_id=968001
Sticker | Taste Buddy (Holo),2025-11-10 12:00:00,44.0,44.0,1848,https://buff.163.com/market/goods?game=csgo&goods_id=968001
Sticker | Taste Buddy (Holo),2025-11-16 12:00:00,41.4,41.4,2227,https://buff.163.com/market/goods?game=csgo&goods_id=968001
Sticker | Taste Buddy (Holo),2025-11-22 12:00:00,39.7,39.7,1741,https://buff.163.com/market/goods?game=csgo&goods_id=968001
Sticker | Taste Buddy (Holo),2025-11-28 12:00:00,40.0,40.0,1525,https://buff.163.com/market/goods?game=csgo&goods_id=968001
Sticker | Taste Buddy (Holo),2025-12-04 12:00:00,38.49,38.49,1830,https://buff.163.com/market/goods?game=csgo&goods_id=968001
Sticker | Taste Buddy (Holo),2025-12-10 12:00:00,38.16,38.16,1697,https://buff.163.com/market/goods?game=csgo&goods_id=968001
Sticker | Taste Buddy (Holo),2025-12-16 12:00:00,39.2,39.2,1879,https://buff.163.com/market/goods?game=csgo&goods_id=968001
Sticker | Taste Buddy (Holo),2025-12-23 12:00:00,39.0,39.0,1806,https://buff.163.com/market/goods?game=csgo&goods_id=968001
Sticker | Taste Buddy (Holo),2025-12-29 12:00:00,39.09,39.09,1586,https://buff.163.com/market/goods?game=csgo&goods_id=968001
Sticker | Taste Buddy (Holo),2026-01-04 12:00:00,39.6,39.6,1320,https://buff.163.com/market/goods?game=csgo&goods_id=968001
Sticker | Taste Buddy (Holo),2026-01-10 12:00:00,38.93,38.93,1347,https://buff.163.com/market/goods?game=csgo&goods_id=968001
Sticker | Taste Buddy (Holo),2026-01-16 12:00:00,38.5,38.5,1359,https://buff.163.com/market/goods?game=csgo&goods_id=968001
Sticker | Taste Buddy (Holo),2026-01-22 12:00:00,37.5,37.5,1248,https://buff.163.com/market/goods?game=csgo&goods_id=968001
Sticker | Taste Buddy (Holo),2026-01-28 12:00:00,36.4,36.4,1356,https://buff.163.com/market/goods?game=csgo&goods_id=968001
Sticker | Taste Buddy (Holo),2026-02-03 12:00:00,34.69,34.69,1360,https://buff.163.com/market/goods?game=csgo&goods_id=968001
Sticker | Taste Buddy (Holo),2026-02-09 12:00:00,34.15,34.15,1395,https://buff.163.com/market/goods?game=csgo&goods_id=968001
Sticker | Taste Buddy (Holo),2026-02-15 12:00:00,35.6,35.6,1327,https://buff.163.com/market/goods?game=csgo&goods_id=968001
Sticker | Taste Buddy (Holo),2026-02-21 12:00:00,35.66,35.66,1243,https://buff.163.com/market/goods?game=csgo&goods_id=968001
Sticker | Taste Buddy (Holo),2026-02-27 12:00:00,36.56,36.56,1172,https://buff.163.com/market/goods?game=csgo&goods_id=968001
Sticker | Taste Buddy (Holo),2026-03-04 12:00:00,36.4,36.4,1211,https://buff.163.com/market/goods?game=csgo&goods_id=968001
Sticker | Taste Buddy (Holo),2026-03-06 12:00:00,36.2,36.2,1237,https://buff.163.com/market/goods?game=csgo&goods_id=968001
Sticker | Taste Buddy (Holo),2026-03-07 12:00:00,36.5,36.5,1171,https://buff.163.com/market/goods?game=csgo&goods_id=968001
Sticker | Taste Buddy (Holo),2026-03-10 12:00:00,36.6,36.6,1146,https://buff.163.com/market/goods?game=csgo&goods_id=968001
Sticker | Taste Buddy (Holo),2026-03-12 12:00:00,35.83,35.83,1276,https://buff.163.com/market/goods?game=csgo&goods_id=968001
Sticker | Taste Buddy (Holo),2026-03-13 12:00:00,35.58,35.58,1189,https://buff.163.com/market/goods?game=csgo&goods_id=968001
Sticker | Taste Buddy (Holo),2026-03-16 12:00:00,35.68,35.68,1320,https://buff.163.com/market/goods?game=csgo&goods_id=968001
Sticker | Taste Buddy (Holo),2026-03-18 12:00:00,34.9,34.9,1259,https://buff.163.com/market/goods?game=csgo&goods_id=968001
Sticker | Taste Buddy (Holo),2026-03-19 12:00:00,34.9,34.9,1253,https://buff.163.com/market/goods?game=csgo&goods_id=968001
Sticker | Taste Buddy (Holo),2026-03-22 12:00:00,34.8,34.8,1261,https://buff.163.com/market/goods?game=csgo&goods_id=968001
Sticker | Taste Buddy (Holo),2026-03-24 12:00:00,34.4,34.4,1340,https://buff.163.com/market/goods?game=csgo&goods_id=968001
Sticker | Taste Buddy (Holo),2026-03-25 12:00:00,34.62,34.62,1322,https://buff.163.com/market/goods?game=csgo&goods_id=968001
Sticker | Taste Buddy (Holo),2026-03-28 12:00:00,33.6,33.6,1358,https://buff.163.com/market/goods?game=csgo&goods_id=968001
Sticker | Taste Buddy (Holo),2026-03-30 12:00:00,33.8,33.8,1254,https://buff.163.com/market/goods?game=csgo&goods_id=968001
Sticker | Taste Buddy (Holo),2026-03-31 12:00:00,33.88,33.88,1286,https://buff.163.com/market/goods?game=csgo&goods_id=968001
Sticker | Taste Buddy (Holo),2026-04-03 12:00:00,34.28,34.28,1300,https://buff.163.com/market/goods?game=csgo&goods_id=968001
Sticker | Taste Buddy (Holo),2026-04-05 12:00:00,33.0,33.0,1324,https://buff.163.com/market/goods?game=csgo&goods_id=968001
Sticker | Taste Buddy (Holo),2026-04-06 12:00:00,33.0,33.0,1324,https://buff.163.com/market/goods?game=csgo&goods_id=968001
Sticker | Taste Buddy (Holo),2026-04-09 12:00:00,31.43,31.43,1270,https://buff.163.com/market/goods?game=csgo&goods_id=968001
Sticker | Taste Buddy (Holo),2026-04-11 12:00:00,31.06,31.06,1239,https://buff.163.com/market/goods?game=csgo&goods_id=968001
Sticker | Taste Buddy (Holo),2026-04-12 12:00:00,32.0,32.0,1244,https://buff.163.com/market/goods?game=csgo&goods_id=968001
Sticker | Taste Buddy (Holo),2026-04-15 12:00:00,30.5,30.5,1423,https://buff.163.com/market/goods?game=csgo&goods_id=968001
Sticker | Taste Buddy (Holo),2026-04-17 12:00:00,29.79,29.79,1416,https://buff.163.com/market/goods?game=csgo&goods_id=968001
Sticker | Taste Buddy (Holo),2026-04-18 12:00:00,30.23,30.23,1434,https://buff.163.com/market/goods?game=csgo&goods_id=968001
Sticker | Taste Buddy (Holo),2026-04-21 12:00:00,29.0,29.0,1349,https://buff.163.com/market/goods?game=csgo&goods_id=968001
Sticker | Taste Buddy (Holo),2026-04-23 12:00:00,28.88,28.88,1464,https://buff.163.com/market/goods?game=csgo&goods_id=968001
Sticker | Taste Buddy (Holo),2026-04-24 12:00:00,28.3,28.3,1445,https://buff.163.com/market/goods?game=csgo&goods_id=968001
Sticker | Taste Buddy (Holo),2026-04-27 12:00:00,29.45,29.45,1442,https://buff.163.com/market/goods?game=csgo&goods_id=968001
Sticker | Taste Buddy (Holo),2026-04-29 12:00:00,28.95,28.95,1406,https://buff.163.com/market/goods?game=csgo&goods_id=968001
Sticker | Taste Buddy (Holo),2026-04-30 12:00:00,28.9,28.9,1332,https://buff.163.com/market/goods?game=csgo&goods_id=968001
Sticker | Taste Buddy (Holo),2026-05-03 12:00:00,29.4,29.4,1211,https://buff.163.com/market/goods?game=csgo&goods_id=968001
Sticker | Taste Buddy (Holo),2026-05-05 12:00:00,29.4,29.4,1268,https://buff.163.com/market/goods?game=csgo&goods_id=968001
Sticker | Taste Buddy (Holo),2026-05-06 12:00:00,29.45,29.45,1274,https://buff.163.com/market/goods?game=csgo&goods_id=968001
Sticker | Taste Buddy (Holo),2026-05-09 12:00:00,27.99,27.99,1316,https://buff.163.com/market/goods?game=csgo&goods_id=968001
Sticker | Taste Buddy (Holo),2026-05-11 12:00:00,27.0,27.0,1296,https://buff.163.com/market/goods?game=csgo&goods_id=968001
Sticker | Taste Buddy (Holo),2026-05-12 12:00:00,26.99,26.99,1320,https://buff.163.com/market/goods?game=csgo&goods_id=968001
Sticker | Taste Buddy (Holo),2026-05-15 12:00:00,26.99,26.99,1286,https://buff.163.com/market/goods?game=csgo&goods_id=968001
Sticker | Taste Buddy (Holo),2026-05-18 12:00:00,29.0,29.1,1206,https://buff.163.com/market/goods?game=csgo&goods_id=968001
Sticker | Taste Buddy (Holo),2026-05-21 12:00:00,28.29,28.29,1401,https://buff.163.com/market/goods?game=csgo&goods_id=968001
Sticker | Taste Buddy (Holo),2026-05-24 12:00:00,24.0,24.7,1514,https://buff.163.com/market/goods?game=csgo&goods_id=968001
Sticker | Taste Buddy (Holo),2026-05-27 12:00:00,23.88,23.88,1356,https://buff.163.com/market/goods?game=csgo&goods_id=968001
Sticker | Taste Buddy (Holo),2026-05-30 12:00:00,27.0,24.77,1465,https://buff.163.com/market/goods?game=csgo&goods_id=968001
Sticker | Taste Buddy (Holo),2026-06-02 12:00:00,27.0,27.0,1410,https://buff.163.com/market/goods?game=csgo&goods_id=968001
Sticker | Taste Buddy (Holo),2026-06-03 12:00:00,26.2,26.2,1719,https://buff.163.com/market/goods?game=csgo&goods_id=968001
Sticker | Taste Buddy (Holo),2026-06-04 12:00:00,26.0,26.0,1749,https://buff.163.com/market/goods?game=csgo&goods_id=968001
Sticker | Taste Buddy (Holo),2026-06-05 12:00:00,25.7,25.3,1607,https://buff.163.com/market/goods?game=csgo&goods_id=968001
Sticker | Taste Buddy (Holo),2026-06-06 12:00:00,25.3,25.3,1680,https://buff.163.com/market/goods?game=csgo&goods_id=968001
Sticker | Taste Buddy (Holo),2026-06-07 12:00:00,25.75,25.75,1636,https://buff.163.com/market/goods?game=csgo&goods_id=968001
Sticker | Taste Buddy (Holo),2026-06-08 12:00:00,25.89,25.89,1601,https://buff.163.com/market/goods?game=csgo&goods_id=968001
Sticker | Taste Buddy (Holo),2026-06-09 12:00:00,25.79,25.79,1652,https://buff.163.com/market/goods?game=csgo&goods_id=968001
Sticker | Taste Buddy (Holo),2026-06-10 12:00:00,25.0,25.0,1658,https://buff.163.com/market/goods?game=csgo&goods_id=968001
Sticker | Taste Buddy (Holo),2026-06-11 12:00:00,25.2,25.0,1613,https://buff.163.com/market/goods?game=csgo&goods_id=968001
Sticker | Taste Buddy (Holo),2026-06-12 12:00:00,24.45,24.45,1581,https://buff.163.com/market/goods?game=csgo&goods_id=968001
Sticker | Taste Buddy (Holo),2026-06-13 12:00:00,25.3,25.3,1545,https://buff.163.com/market/goods?game=csgo&goods_id=968001
Sticker | Taste Buddy (Holo),2026-06-14 12:00:00,25.3,25.3,1545,https://buff.163.com/market/goods?game=csgo&goods_id=968001
Sticker | Taste Buddy (Holo),2026-06-15 12:00:00,25.18,25.18,1690,https://buff.163.com/market/goods?game=csgo&goods_id=968001
Sticker | Taste Buddy (Holo),2026-06-16 12:00:00,25.09,25.09,1744,https://buff.163.com/market/goods?game=csgo&goods_id=968001
Sticker | Taste Buddy (Holo),2026-06-17 12:00:00,25.0,25.1,1766,https://buff.163.com/market/goods?game=csgo&goods_id=968001
Sticker | Taste Buddy (Holo),2026-06-18 12:00:00,25.1,25.1,1755,https://buff.163.com/market/goods?game=csgo&goods_id=968001
Sticker | Taste Buddy (Holo),2026-06-19 12:00:00,24.98,24.98,1723,https://buff.163.com/market/goods?game=csgo&goods_id=968001
Sticker | Taste Buddy (Holo),2026-06-20 12:00:00,25.0,25.0,1766,https://buff.163.com/market/goods?game=csgo&goods_id=968001
Sticker | Taste Buddy (Holo),2026-06-21 12:00:00,25.0,25.0,1750,https://buff.163.com/market/goods?game=csgo&goods_id=968001
Sticker | Taste Buddy (Holo),2026-06-22 12:00:00,25.07,25.07,1730,https://buff.163.com/market/goods?game=csgo&goods_id=968001
Sticker | Taste Buddy (Holo),2026-06-23 12:00:00,25.0,25.09,1719,https://buff.163.com/market/goods?game=csgo&goods_id=968001
Sticker | Taste Buddy (Holo),2026-06-24 12:00:00,25.0,25.0,1644,https://buff.163.com/market/goods?game=csgo&goods_id=968001
Sticker | Taste Buddy (Holo),2026-06-25 12:00:00,25.2,25.2,1385,https://buff.163.com/market/goods?game=csgo&goods_id=968001
Sticker | Taste Buddy (Holo),2026-06-26 12:00:00,25.4,25.4,1512,https://buff.163.com/market/goods?game=csgo&goods_id=968001
Sticker | Taste Buddy (Holo),2026-06-27 12:00:00,25.4,25.4,1512,https://buff.163.com/market/goods?game=csgo&goods_id=968001
Sticker | Taste Buddy (Holo),2026-06-28 12:00:00,25.35,25.35,1762,https://buff.163.com/market/goods?game=csgo&goods_id=968001
Sticker | Taste Buddy (Holo),2026-06-29 12:00:00,25.18,24.4,1599,https://buff.163.com/market/goods?game=csgo&goods_id=968001
Sticker | Taste Buddy (Holo),2026-06-30 12:00:00,25.04,25.04,1549,https://buff.163.com/market/goods?game=csgo&goods_id=968001
Sticker | Taste Buddy (Holo),2026-07-01 12:00:00,24.0,24.0,1688,https://buff.163.com/market/goods?game=csgo&goods_id=968001
Sticker | Taste Buddy (Holo),2026-07-02 12:00:00,24.0,24.0,1688,https://buff.163.com/market/goods?game=csgo&goods_id=968001
Sticker | Taste Buddy (Holo),2026-07-03 12:00:00,23.6,23.6,1561,https://buff.163.com/market/goods?game=csgo&goods_id=968001
Sticker | Taste Buddy (Holo),2026-07-04 12:00:00,24.5,24.5,1493,https://buff.163.com/market/goods?game=csgo&goods_id=968001
Sticker | Taste Buddy (Holo),2026-07-05 12:00:00,24.5,24.79,1450,https://buff.163.com/market/goods?game=csgo&goods_id=968001
Sticker | Taste Buddy (Holo),2026-07-06 12:00:00,24.49,24.49,1506,https://buff.163.com/market/goods?game=csgo&goods_id=968001
Sticker | Taste Buddy (Holo),2026-07-07 12:00:00,24.8,24.8,1550,https://buff.163.com/market/goods?game=csgo&goods_id=968001
Sticker | Taste Buddy (Holo),2026-07-08 12:00:00,24.8,24.8,1474,https://buff.163.com/market/goods?game=csgo&goods_id=968001
Sticker | Taste Buddy (Holo),2026-07-09 12:00:00,24.8,24.8,1512,https://buff.163.com/market/goods?game=csgo&goods_id=968001
Sticker | Taste Buddy (Holo),2026-07-10 12:00:00,24.5,24.5,1513,https://buff.163.com/market/goods?game=csgo&goods_id=968001
Sticker | Taste Buddy (Holo),2026-07-11 12:00:00,24.65,24.5,1469,https://buff.163.com/market/goods?game=csgo&goods_id=968001
Sticker | Taste Buddy (Holo),2026-07-12 12:00:00,24.65,24.65,1469,https://buff.163.com/market/goods?game=csgo&goods_id=968001
Sticker | Taste Buddy (Holo),2026-07-13 12:00:00,24.4,24.4,1678,https://buff.163.com/market/goods?game=csgo&goods_id=968001
Sticker | Taste Buddy (Holo),2026-07-14 12:00:00,24.38,24.38,1664,https://buff.163.com/market/goods?game=csgo&goods_id=968001
Sticker | Taste Buddy (Holo),2026-07-15 12:00:00,24.4,24.4,1617,https://buff.163.com/market/goods?game=csgo&goods_id=968001
Sticker | Taste Buddy (Holo),2026-07-16 12:00:00,24.3,24.3,1628,https://buff.163.com/market/goods?game=csgo&goods_id=968001
Sticker | Taste Buddy (Holo),2026-07-17 12:00:00,24.18,24.16,1710,https://buff.163.com/market/goods?game=csgo&goods_id=968001
Sticker | Taste Buddy (Holo),2026-07-18 12:00:00,24.16,24.16,1678,https://buff.163.com/market/goods?game=csgo&goods_id=968001
Sticker | Taste Buddy (Holo),2026-07-19 12:00:00,23.98,23.98,1751,https://buff.163.com/market/goods?game=csgo&goods_id=968001
Sticker | Taste Buddy (Holo),2026-07-20 12:00:00,23.49,23.49,1613,https://buff.163.com/market/goods?game=csgo&goods_id=968001
Sticker | Taste Buddy (Holo),2026-07-21 12:00:00,23.7,23.7,1764,https://buff.163.com/market/goods?game=csgo&goods_id=968001
Sticker | Taste Buddy (Holo),2026-07-22 12:00:00,23.34,23.34,1600,https://buff.163.com/market/goods?game=csgo&goods_id=968001
Sticker | Taste Buddy (Holo),2026-07-23 12:00:00,22.99,22.99,1630,https://buff.163.com/market/goods?game=csgo&goods_id=968001
Sticker | Taste Buddy (Holo),2026-07-24 12:00:00,22.98,22.98,1621,https://buff.163.com/market/goods?game=csgo&goods_id=968001
Sticker | Taste Buddy (Holo),2026-07-25 12:00:00,22.95,22.95,1631,https://buff.163.com/market/goods?game=csgo&goods_id=968001
Sticker | Taste Buddy (Holo),2026-07-26 12:00:00,22.95,22.95,1631,https://buff.163.com/market/goods?game=csgo&goods_id=968001
Sticker | Taste Buddy (Holo),2026-07-27 12:00:00,22.99,22.99,1479,https://buff.163.com/market/goods?game=csgo&goods_id=968001
Sticker | Taste Buddy (Holo),2026-07-28 12:00:00,23.67,23.67,1451,https://buff.163.com/market/goods?game=csgo&goods_id=968001
Sticker | Taste Buddy (Holo),2026-07-29 12:00:00,23.87,23.87,1454,https://buff.163.com/market/goods?game=csgo&goods_id=968001
Sticker | Taste Buddy (Holo),2026-07-30 12:00:00,23.0,23.5,1651,https://buff.163.com/market/goods?game=csgo&goods_id=968001
Sticker | Taste Buddy (Holo),2026-07-31 12:00:00,22.89,22.89,1460,https://buff.163.com/market/goods?game=csgo&goods_id=968001
Sticker | Taste Buddy (Holo),2026-08-01 12:00:00,22.9,22.88,1462,https://buff.163.com/market/goods?game=csgo&goods_id=968001
Sticker | Taste Buddy (Holo),2026-08-02 12:00:00,22.7,23.79,1440,https://buff.163.com/market/goods?game=csgo&goods_id=968001
Sticker | Taste Buddy (Holo),2026-08-03 12:00:00,23.1,22.4,1648,https://buff.163.com/market/goods?game=csgo&goods_id=968001
Sticker | Taste Buddy (Holo),2026-08-04 12:00:00,22.49,22.4,1730,https://buff.163.com/market/goods?game=csgo&goods_id=968001
Sticker | Taste Buddy (Holo),2026-08-05 12:00:00,22.36,22.88,1551,https://buff.163.com/market/goods?game=csgo&goods_id=968001
Sticker | Taste Buddy (Holo),2026-08-06 12:00:00,22.85,22.36,1510,https://buff.163.com/market/goods?game=csgo&goods_id=968001
Sticker | Taste Buddy (Holo),2026-08-07 12:00:00,22.36,22.0,1551,https://buff.163.com/market/goods?game=csgo&goods_id=968001
Sticker | Taste Buddy (Holo),2026-08-08 12:00:00,21.89,22.0,1707,https://buff.163.com/market/goods?game=csgo&goods_id=968001
Sticker | Taste Buddy (Holo),2026-08-09 12:00:00,22.27,21.98,1674,https://buff.163.com/market/goods?game=csgo&goods_id=968001
Sticker | Taste Buddy (Holo),2026-08-10 12:00:00,22.15,22.12,1670,https://buff.163.com/market/goods?game=csgo&goods_id=968001
Sticker | Taste Buddy (Holo),2026-08-11 12:00:00,21.92,21.49,1707,https://buff.163.com/market/goods?game=csgo&goods_id=968001
Sticker | Taste Buddy (Holo),2026-08-12 12:00:00,21.48,21.25,1696,https://buff.163.com/market/goods?game=csgo&goods_id=968001
Sticker | Taste Buddy (Holo),2026-08-13 12:00:00,21.27,21.0,1698,https://buff.163.com/market/goods?game=csgo&goods_id=968001
Sticker | Taste Buddy (Holo),2026-08-14 12:00:00,20.5,20.4,1622,https://buff.163.com/market/goods?game=csgo&goods_id=968001
Sticker | Taste Buddy (Holo),2026-08-15 12:00:00,20.4,20.38,1600,https://buff.163.com/market/goods?game=csgo&goods_id=968001
Sticker | Taste Buddy (Holo),2026-08-16 12:00:00,20.2,20.38,1612,https://buff.163.com/market/goods?game=csgo&goods_id=968001
Sticker | Taste Buddy (Holo),2026-08-17 12:00:00,20.27,20.3,1574,https://buff.163.com/market/goods?game=csgo&goods_id=968001
Sticker | Taste Buddy (Holo),2026-08-18 12:00:00,20.0,19.9,1574,https://buff.163.com/market/goods?game=csgo&goods_id=968001
Sticker | Taste Buddy (Holo),2026-08-19 12:00:00,20.0,19.6,1575,https://buff.163.com/market/goods?game=csgo&goods_id=968001
Sticker | Taste Buddy (Holo),2026-08-20 12:00:00,19.6,19.57,1566,https://buff.163.com/market/goods?game=csgo&goods_id=968001
Sticker | Taste Buddy (Holo),2026-08-21 12:00:00,19.2,18.8,1571,https://buff.163.com/market/goods?game=csgo&goods_id=968001
Sticker | Taste Buddy (Holo),2026-08-22 12:00:00,18.67,18.99,1551,https://buff.163.com/market/goods?game=csgo&goods_id=968001
Sticker | Taste Buddy (Holo),2026-08-23 12:00:00,18.99,18.9,1540,https://buff.163.com/market/goods?game=csgo&goods_id=968001
Sticker | Taste Buddy (Holo),2026-08-24 12:00:00,18.9,19.0,1508,https://buff.163.com/market/goods?game=csgo&goods_id=968001
Sticker | Taste Buddy (Holo),2026-08-25 12:00:00,19.0,20.3,1434,https://buff.163.com/market/goods?game=csgo&goods_id=968001
Sticker | Taste Buddy (Holo),2026-08-26 12:00:00,21.0,21.0,1362,https://buff.163.com/market/goods?game=csgo&goods_id=968001
Sticker | Taste Buddy (Holo),2026-08-27 12:00:00,20.9,20.0,1643,https://buff.163.com/market/goods?game=csgo&goods_id=968001
Sticker | Taste Buddy (Holo),2026-08-28 12:00:00,20.0,21.55,1567,https://buff.163.com/market/goods?game=csgo&goods_id=968001
Sticker | Taste Buddy (Holo),2026-08-29 12:00:00,21.67,21.68,1535,https://buff.163.com/market/goods?game=csgo&goods_id=968001
Sticker | Taste Buddy (Holo),2026-08-30 12:00:00,21.67,21.58,1495,https://buff.163.com/market/goods?game=csgo&goods_id=968001
Sticker | Taste Buddy (Holo),2026-08-31 12:00:00,21.56,21.56,1472,https://buff.163.com/market/goods?game=csgo&goods_id=968001
AK-47 | Bloodsport (Factory New),2025-08-31 12:00:00,2134.9,2134.9,822,https://buff.163.com/market/goods?game=csgo&goods_id=33868
AK-47 | Bloodsport (Factory New),2025-09-04 12:00:00,2204.0,2204.0,764,https://buff.163.com/market/goods?game=csgo&goods_id=33868
AK-47 | Bloodsport (Factory New),2025-09-10 12:00:00,2559.0,2559.0,506,https://buff.163.com/market/goods?game=csgo&goods_id=33868
AK-47 | Bloodsport (Factory New),2025-09-16 12:00:00,2254.0,2254.0,695,https://buff.163.com/market/goods?game=csgo&goods_id=33868
AK-47 | Bloodsport (Factory New),2025-09-22 12:00:00,2239.5,2239.5,756,https://buff.163.com/market/goods?game=csgo&goods_id=33868
AK-47 | Bloodsport (Factory New),2025-09-28 12:00:00,2266.5,2266.5,826,https://buff.163.com/market/goods?game=csgo&goods_id=33868
AK-47 | Bloodsport (Factory New),2025-10-04 12:00:00,2204.0,2204.0,860,https://buff.163.com/market/goods?game=csgo&goods_id=33868
AK-47 | Bloodsport (Factory New),2025-10-11 12:00:00,2227.99,2227.99,804,https://buff.163.com/market/goods?game=csgo&goods_id=33868
AK-47 | Bloodsport (Factory New),2025-10-17 12:00:00,2138.0,2138.0,833,https://buff.163.com/market/goods?game=csgo&goods_id=33868
AK-47 | Bloodsport (Factory New),2025-10-23 12:00:00,1487.0,1487.0,782,https://buff.163.com/market/goods?game=csgo&goods_id=33868
AK-47 | Bloodsport (Factory New),2025-10-29 12:00:00,1600.0,1600.0,740,https://buff.163.com/market/goods?game=csgo&goods_id=33868
AK-47 | Bloodsport (Factory New),2025-11-04 12:00:00,1729.4,1729.4,925,https://buff.163.com/market/goods?game=csgo&goods_id=33868
AK-47 | Bloodsport (Factory New),2025-11-10 12:00:00,1698.0,1698.0,1012,https://buff.163.com/market/goods?game=csgo&goods_id=33868
AK-47 | Bloodsport (Factory New),2025-11-16 12:00:00,1800.0,1800.0,952,https://buff.163.com/market/goods?game=csgo&goods_id=33868
AK-47 | Bloodsport (Factory New),2025-11-22 12:00:00,1750.0,1750.0,997,https://buff.163.com/market/goods?game=csgo&goods_id=33868
AK-47 | Bloodsport (Factory New),2025-11-28 12:00:00,1736.94,1736.94,982,https://buff.163.com/market/goods?game=csgo&goods_id=33868
AK-47 | Bloodsport (Factory New),2025-12-04 12:00:00,1657.5,1657.5,1107,https://buff.163.com/market/goods?game=csgo&goods_id=33868
AK-47 | Bloodsport (Factory New),2025-12-10 12:00:00,1618.5,1618.5,1152,https://buff.163.com/market/goods?game=csgo&goods_id=33868
AK-47 | Bloodsport (Factory New),2025-12-16 12:00:00,1619.5,1619.5,1117,https://buff.163.com/market/goods?game=csgo&goods_id=33868
AK-47 | Bloodsport (Factory New),2025-12-23 12:00:00,1624.0,1624.0,1123,https://buff.163.com/market/goods?game=csgo&goods_id=33868
AK-47 | Bloodsport (Factory New),2025-12-29 12:00:00,1605.0,1605.0,1159,https://buff.163.com/market/goods?game=csgo&goods_id=33868
AK-47 | Bloodsport (Factory New),2026-01-04 12:00:00,1660.0,1660.0,1140,https://buff.163.com/market/goods?game=csgo&goods_id=33868
AK-47 | Bloodsport (Factory New),2026-01-10 12:00:00,1655.0,1655.0,1162,https://buff.163.com/market/goods?game=csgo&goods_id=33868
AK-47 | Bloodsport (Factory New),2026-01-16 12:00:00,1645.0,1645.0,1182,https://buff.163.com/market/goods?game=csgo&goods_id=33868
AK-47 | Bloodsport (Factory New),2026-01-22 12:00:00,1568.6,1568.6,1186,https://buff.163.com/market/goods?game=csgo&goods_id=33868
AK-47 | Bloodsport (Factory New),2026-01-28 12:00:00,1569.0,1569.0,1202,https://buff.163.com/market/goods?game=csgo&goods_id=33868
AK-47 | Bloodsport (Factory New),2026-02-03 12:00:00,1534.5,1534.5,1233,https://buff.163.com/market/goods?game=csgo&goods_id=33868
AK-47 | Bloodsport (Factory New),2026-02-09 12:00:00,1520.0,1520.0,1234,https://buff.163.com/market/goods?game=csgo&goods_id=33868
AK-47 | Bloodsport (Factory New),2026-02-15 12:00:00,1590.0,1590.0,1191,https://buff.163.com/market/goods?game=csgo&goods_id=33868
AK-47 | Bloodsport (Factory New),2026-02-21 12:00:00,1578.0,1578.0,1205,https://buff.163.com/market/goods?game=csgo&goods_id=33868
AK-47 | Bloodsport (Factory New),2026-02-27 12:00:00,1571.5,1571.5,1199,https://buff.163.com/market/goods?game=csgo&goods_id=33868
AK-47 | Bloodsport (Factory New),2026-03-04 12:00:00,1568.5,1568.5,1231,https://buff.163.com/market/goods?game=csgo&goods_id=33868
AK-47 | Bloodsport (Factory New),2026-03-06 12:00:00,1562.49,1562.49,1216,https://buff.163.com/market/goods?game=csgo&goods_id=33868
AK-47 | Bloodsport (Factory New),2026-03-07 12:00:00,1567.0,1567.0,1209,https://buff.163.com/market/goods?game=csgo&goods_id=33868
AK-47 | Bloodsport (Factory New),2026-03-10 12:00:00,1563.0,1563.0,1214,https://buff.163.com/market/goods?game=csgo&goods_id=33868
AK-47 | Bloodsport (Factory New),2026-03-12 12:00:00,1537.5,1537.5,1248,https://buff.163.com/market/goods?game=csgo&goods_id=33868
AK-47 | Bloodsport (Factory New),2026-03-13 12:00:00,1538.0,1538.0,1246,https://buff.163.com/market/goods?game=csgo&goods_id=33868
AK-47 | Bloodsport (Factory New),2026-03-16 12:00:00,1572.0,1572.0,1189,https://buff.163.com/market/goods?game=csgo&goods_id=33868
AK-47 | Bloodsport (Factory New),2026-03-18 12:00:00,1538.0,1538.0,1208,https://buff.163.com/market/goods?game=csgo&goods_id=33868
AK-47 | Bloodsport (Factory New),2026-03-19 12:00:00,1537.0,1537.0,1223,https://buff.163.com/market/goods?game=csgo&goods_id=33868
AK-47 | Bloodsport (Factory New),2026-03-22 12:00:00,1518.5,1518.5,1230,https://buff.163.com/market/goods?game=csgo&goods_id=33868
AK-47 | Bloodsport (Factory New),2026-03-24 12:00:00,1508.0,1508.0,1265,https://buff.163.com/market/goods?game=csgo&goods_id=33868
AK-47 | Bloodsport (Factory New),2026-03-25 12:00:00,1513.0,1513.0,1256,https://buff.163.com/market/goods?game=csgo&goods_id=33868
AK-47 | Bloodsport (Factory New),2026-03-28 12:00:00,1508.0,1508.0,1267,https://buff.163.com/market/goods?game=csgo&goods_id=33868
AK-47 | Bloodsport (Factory New),2026-03-30 12:00:00,1479.99,1479.99,1277,https://buff.163.com/market/goods?game=csgo&goods_id=33868
AK-47 | Bloodsport (Factory New),2026-03-31 12:00:00,1494.5,1494.5,1293,https://buff.163.com/market/goods?game=csgo&goods_id=33868
AK-47 | Bloodsport (Factory New),2026-04-03 12:00:00,1479.99,1479.99,1276,https://buff.163.com/market/goods?game=csgo&goods_id=33868
AK-47 | Bloodsport (Factory New),2026-04-05 12:00:00,1465.0,1465.0,1296,https://buff.163.com/market/goods?game=csgo&goods_id=33868
AK-47 | Bloodsport (Factory New),2026-04-06 12:00:00,1474.0,1474.0,1292,https://buff.163.com/market/goods?game=csgo&goods_id=33868
AK-47 | Bloodsport (Factory New),2026-04-09 12:00:00,1439.0,1439.0,1297,https://buff.163.com/market/goods?game=csgo&goods_id=33868
AK-47 | Bloodsport (Factory New),2026-04-11 12:00:00,1420.0,1420.0,1301,https://buff.163.com/market/goods?game=csgo&goods_id=33868
AK-47 | Bloodsport (Factory New),2026-04-12 12:00:00,1428.0,1428.0,1304,https://buff.163.com/market/goods?game=csgo&goods_id=33868
AK-47 | Bloodsport (Factory New),2026-04-15 12:00:00,1396.5,1396.5,1271,https://buff.163.com/market/goods?game=csgo&goods_id=33868
AK-47 | Bloodsport (Factory New),2026-04-17 12:00:00,1340.0,1340.0,1302,https://buff.163.com/market/goods?game=csgo&goods_id=33868
AK-47 | Bloodsport (Factory New),2026-04-18 12:00:00,1369.5,1369.5,1284,https://buff.163.com/market/goods?game=csgo&goods_id=33868
AK-47 | Bloodsport (Factory New),2026-04-21 12:00:00,1308.0,1308.0,1295,https://buff.163.com/market/goods?game=csgo&goods_id=33868
AK-47 | Bloodsport (Factory New),2026-04-23 12:00:00,1338.0,1338.0,1270,https://buff.163.com/market/goods?game=csgo&goods_id=33868
AK-47 | Bloodsport (Factory New),2026-04-24 12:00:00,1330.0,1330.0,1265,https://buff.163.com/market/goods?game=csgo&goods_id=33868
AK-47 | Bloodsport (Factory New),2026-04-27 12:00:00,1317.5,1317.5,1270,https://buff.163.com/market/goods?game=csgo&goods_id=33868
AK-47 | Bloodsport (Factory New),2026-04-29 12:00:00,1297.0,1297.0,1286,https://buff.163.com/market/goods?game=csgo&goods_id=33868
AK-47 | Bloodsport (Factory New),2026-04-30 12:00:00,1319.5,1319.5,1275,https://buff.163.com/market/goods?game=csgo&goods_id=33868
AK-47 | Bloodsport (Factory New),2026-05-03 12:00:00,1316.5,1316.5,1314,https://buff.163.com/market/goods?game=csgo&goods_id=33868
AK-47 | Bloodsport (Factory New),2026-05-05 12:00:00,1288.0,1288.0,1334,https://buff.163.com/market/goods?game=csgo&goods_id=33868
AK-47 | Bloodsport (Factory New),2026-05-06 12:00:00,1280.0,1280.0,1328,https://buff.163.com/market/goods?game=csgo&goods_id=33868
AK-47 | Bloodsport (Factory New),2026-05-09 12:00:00,1205.0,1205.0,1368,https://buff.163.com/market/goods?game=csgo&goods_id=33868
AK-47 | Bloodsport (Factory New),2026-05-11 12:00:00,1162.0,1162.0,1359,https://buff.163.com/market/goods?game=csgo&goods_id=33868
AK-47 | Bloodsport (Factory New),2026-05-12 12:00:00,1170.0,1170.0,1354,https://buff.163.com/market/goods?game=csgo&goods_id=33868
AK-47 | Bloodsport (Factory New),2026-05-15 12:00:00,1168.96,1168.96,1348,https://buff.163.com/market/goods?game=csgo&goods_id=33868
AK-47 | Bloodsport (Factory New),2026-05-18 12:00:00,1219.5,1239.5,1316,https://buff.163.com/market/goods?game=csgo&goods_id=33868
AK-47 | Bloodsport (Factory New),2026-05-21 12:00:00,1180.0,1180.0,1312,https://buff.163.com/market/goods?game=csgo&goods_id=33868
AK-47 | Bloodsport (Factory New),2026-05-24 12:00:00,1140.0,1099.5,1311,https://buff.163.com/market/goods?game=csgo&goods_id=33868
AK-47 | Bloodsport (Factory New),2026-05-27 12:00:00,1144.0,1144.0,1270,https://buff.163.com/market/goods?game=csgo&goods_id=33868
AK-47 | Bloodsport (Factory New),2026-05-30 12:00:00,1147.0,1144.0,1264,https://buff.163.com/market/goods?game=csgo&goods_id=33868
AK-47 | Bloodsport (Factory New),2026-06-02 12:00:00,1139.0,1139.0,1272,https://buff.163.com/market/goods?game=csgo&goods_id=33868
AK-47 | Bloodsport (Factory New),2026-06-03 12:00:00,1208.38,1208.38,1239,https://buff.163.com/market/goods?game=csgo&goods_id=33868
AK-47 | Bloodsport (Factory New),2026-06-04 12:00:00,1218.0,1218.0,1231,https://buff.163.com/market/goods?game=csgo&goods_id=33868
AK-47 | Bloodsport (Factory New),2026-06-05 12:00:00,1230.0,1218.0,1216,https://buff.163.com/market/goods?game=csgo&goods_id=33868
AK-47 | Bloodsport (Factory New),2026-06-06 12:00:00,1218.0,1218.0,1216,https://buff.163.com/market/goods?game=csgo&goods_id=33868
AK-47 | Bloodsport (Factory New),2026-06-07 12:00:00,1238.5,1238.5,1209,https://buff.163.com/market/goods?game=csgo&goods_id=33868
AK-47 | Bloodsport (Factory New),2026-06-08 12:00:00,1240.0,1240.0,1201,https://buff.163.com/market/goods?game=csgo&goods_id=33868
AK-47 | Bloodsport (Factory New),2026-06-09 12:00:00,1238.0,1238.0,1197,https://buff.163.com/market/goods?game=csgo&goods_id=33868
AK-47 | Bloodsport (Factory New),2026-06-10 12:00:00,1215.0,1215.0,1219,https://buff.163.com/market/goods?game=csgo&goods_id=33868
AK-47 | Bloodsport (Factory New),2026-06-11 12:00:00,1210.0,1214.0,1219,https://buff.163.com/market/goods?game=csgo&goods_id=33868
AK-47 | Bloodsport (Factory New),2026-06-12 12:00:00,1208.0,1208.0,1224,https://buff.163.com/market/goods?game=csgo&goods_id=33868
AK-47 | Bloodsport (Factory New),2026-06-13 12:00:00,1193.3,1193.3,1235,https://buff.163.com/market/goods?game=csgo&goods_id=33868
AK-47 | Bloodsport (Factory New),2026-06-14 12:00:00,1199.5,1199.5,1234,https://buff.163.com/market/goods?game=csgo&goods_id=33868
AK-47 | Bloodsport (Factory New),2026-06-15 12:00:00,1199.5,1199.5,1234,https://buff.163.com/market/goods?game=csgo&goods_id=33868
AK-47 | Bloodsport (Factory New),2026-06-16 12:00:00,1199.0,1199.0,1252,https://buff.163.com/market/goods?game=csgo&goods_id=33868
AK-47 | Bloodsport (Factory New),2026-06-17 12:00:00,1197.5,1200.0,1275,https://buff.163.com/market/goods?game=csgo&goods_id=33868
AK-47 | Bloodsport (Factory New),2026-06-18 12:00:00,1200.0,1200.0,1271,https://buff.163.com/market/goods?game=csgo&goods_id=33868
AK-47 | Bloodsport (Factory New),2026-06-19 12:00:00,1175.0,1175.0,1293,https://buff.163.com/market/goods?game=csgo&goods_id=33868
AK-47 | Bloodsport (Factory New),2026-06-20 12:00:00,1197.5,1197.5,1275,https://buff.163.com/market/goods?game=csgo&goods_id=33868
AK-47 | Bloodsport (Factory New),2026-06-21 12:00:00,1197.5,1197.5,1275,https://buff.163.com/market/goods?game=csgo&goods_id=33868
AK-47 | Bloodsport (Factory New),2026-06-22 12:00:00,1190.5,1190.5,1290,https://buff.163.com/market/goods?game=csgo&goods_id=33868
AK-47 | Bloodsport (Factory New),2026-06-23 12:00:00,1209.0,1224.5,1245,https://buff.163.com/market/goods?game=csgo&goods_id=33868
AK-47 | Bloodsport (Factory New),2026-06-24 12:00:00,1220.0,1220.0,1244,https://buff.163.com/market/goods?game=csgo&goods_id=33868
AK-47 | Bloodsport (Factory New),2026-06-25 12:00:00,1221.0,1221.0,1228,https://buff.163.com/market/goods?game=csgo&goods_id=33868
AK-47 | Bloodsport (Factory New),2026-06-26 12:00:00,1220.0,1220.0,1226,https://buff.163.com/market/goods?game=csgo&goods_id=33868
AK-47 | Bloodsport (Factory New),2026-06-27 12:00:00,1220.0,1220.0,1226,https://buff.163.com/market/goods?game=csgo&goods_id=33868
AK-47 | Bloodsport (Factory New),2026-06-28 12:00:00,1219.0,1219.0,1227,https://buff.163.com/market/goods?game=csgo&goods_id=33868
AK-47 | Bloodsport (Factory New),2026-06-29 12:00:00,1216.49,1200.0,1256,https://buff.163.com/market/goods?game=csgo&goods_id=33868
AK-47 | Bloodsport (Factory New),2026-06-30 12:00:00,1198.5,1198.5,1249,https://buff.163.com/market/goods?game=csgo&goods_id=33868
AK-47 | Bloodsport (Factory New),2026-07-01 12:00:00,1196.5,1196.5,1262,https://buff.163.com/market/goods?game=csgo&goods_id=33868
AK-47 | Bloodsport (Factory New),2026-07-02 12:00:00,1199.0,1199.0,1247,https://buff.163.com/market/goods?game=csgo&goods_id=33868
AK-47 | Bloodsport (Factory New),2026-07-03 12:00:00,1199.0,1199.0,1247,https://buff.163.com/market/goods?game=csgo&goods_id=33868
AK-47 | Bloodsport (Factory New),2026-07-04 12:00:00,1199.49,1199.49,1247,https://buff.163.com/market/goods?game=csgo&goods_id=33868
AK-47 | Bloodsport (Factory New),2026-07-05 12:00:00,1199.49,1196.0,1247,https://buff.163.com/market/goods?game=csgo&goods_id=33868
AK-47 | Bloodsport (Factory New),2026-07-06 12:00:00,1180.0,1180.0,1244,https://buff.163.com/market/goods?game=csgo&goods_id=33868
AK-47 | Bloodsport (Factory New),2026-07-07 12:00:00,1197.5,1197.5,1250,https://buff.163.com/market/goods?game=csgo&goods_id=33868
AK-47 | Bloodsport (Factory New),2026-07-08 12:00:00,1197.5,1197.5,1250,https://buff.163.com/market/goods?game=csgo&goods_id=33868
AK-47 | Bloodsport (Factory New),2026-07-09 12:00:00,1188.0,1188.0,1270,https://buff.163.com/market/goods?game=csgo&goods_id=33868
AK-47 | Bloodsport (Factory New),2026-07-10 12:00:00,1180.5,1180.5,1289,https://buff.163.com/market/goods?game=csgo&goods_id=33868
AK-47 | Bloodsport (Factory New),2026-07-11 12:00:00,1180.0,1175.0,1262,https://buff.163.com/market/goods?game=csgo&goods_id=33868
AK-47 | Bloodsport (Factory New),2026-07-12 12:00:00,1175.0,1175.0,1263,https://buff.163.com/market/goods?game=csgo&goods_id=33868
AK-47 | Bloodsport (Factory New),2026-07-13 12:00:00,1177.5,1177.5,1268,https://buff.163.com/market/goods?game=csgo&goods_id=33868
AK-47 | Bloodsport (Factory New),2026-07-14 12:00:00,1174.5,1174.5,1282,https://buff.163.com/market/goods?game=csgo&goods_id=33868
AK-47 | Bloodsport (Factory New),2026-07-15 12:00:00,1160.99,1160.99,1313,https://buff.163.com/market/goods?game=csgo&goods_id=33868
AK-47 | Bloodsport (Factory New),2026-07-16 12:00:00,1160.0,1160.0,1306,https://buff.163.com/market/goods?game=csgo&goods_id=33868
AK-47 | Bloodsport (Factory New),2026-07-17 12:00:00,1160.0,1163.0,1306,https://buff.163.com/market/goods?game=csgo&goods_id=33868
AK-47 | Bloodsport (Factory New),2026-07-18 12:00:00,1170.0,1170.0,1303,https://buff.163.com/market/goods?game=csgo&goods_id=33868
AK-47 | Bloodsport (Factory New),2026-07-19 12:00:00,1160.0,1160.0,1312,https://buff.163.com/market/goods?game=csgo&goods_id=33868
AK-47 | Bloodsport (Factory New),2026-07-20 12:00:00,1145.0,1145.0,1348,https://buff.163.com/market/goods?game=csgo&goods_id=33868
AK-47 | Bloodsport (Factory New),2026-07-21 12:00:00,1140.0,1140.0,1344,https://buff.163.com/market/goods?game=csgo&goods_id=33868
AK-47 | Bloodsport (Factory New),2026-07-22 12:00:00,1128.5,1128.5,1356,https://buff.163.com/market/goods?game=csgo&goods_id=33868
AK-47 | Bloodsport (Factory New),2026-07-23 12:00:00,1119.0,1130.0,1353,https://buff.163.com/market/goods?game=csgo&goods_id=33868
AK-47 | Bloodsport (Factory New),2026-07-24 12:00:00,1125.0,1125.0,1381,https://buff.163.com/market/goods?game=csgo&goods_id=33868
AK-47 | Bloodsport (Factory New),2026-07-25 12:00:00,1126.0,1126.0,1372,https://buff.163.com/market/goods?game=csgo&goods_id=33868
AK-47 | Bloodsport (Factory New),2026-07-26 12:00:00,1126.0,1126.0,1372,https://buff.163.com/market/goods?game=csgo&goods_id=33868
AK-47 | Bloodsport (Factory New),2026-07-27 12:00:00,1130.0,1130.0,1372,https://buff.163.com/market/goods?game=csgo&goods_id=33868
AK-47 | Bloodsport (Factory New),2026-07-28 12:00:00,1127.0,1127.0,1386,https://buff.163.com/market/goods?game=csgo&goods_id=33868
AK-47 | Bloodsport (Factory New),2026-07-29 12:00:00,1120.0,1120.0,1377,https://buff.163.com/market/goods?game=csgo&goods_id=33868
AK-47 | Bloodsport (Factory New),2026-07-30 12:00:00,1115.0,1119.5,1382,https://buff.163.com/market/goods?game=csgo&goods_id=33868
AK-47 | Bloodsport (Factory New),2026-07-31 12:00:00,1114.0,1114.0,1386,https://buff.163.com/market/goods?game=csgo&goods_id=33868
AK-47 | Bloodsport (Factory New),2026-08-01 12:00:00,1114.0,1099.0,1386,https://buff.163.com/market/goods?game=csgo&goods_id=33868
AK-47 | Bloodsport (Factory New),2026-08-02 12:00:00,1100.0,1110.0,1384,https://buff.163.com/market/goods?game=csgo&goods_id=33868
AK-47 | Bloodsport (Factory New),2026-08-03 12:00:00,1110.99,1090.0,1393,https://buff.163.com/market/goods?game=csgo&goods_id=33868
AK-47 | Bloodsport (Factory New),2026-08-04 12:00:00,1094.5,1055.0,1403,https://buff.163.com/market/goods?game=csgo&goods_id=33868
AK-47 | Bloodsport (Factory New),2026-08-05 12:00:00,1066.0,1040.0,1384,https://buff.163.com/market/goods?game=csgo&goods_id=33868
AK-47 | Bloodsport (Factory New),2026-08-06 12:00:00,1052.5,1069.5,1397,https://buff.163.com/market/goods?game=csgo&goods_id=33868
AK-47 | Bloodsport (Factory New),2026-08-07 12:00:00,1069.5,1077.5,1386,https://buff.163.com/market/goods?game=csgo&goods_id=33868
AK-47 | Bloodsport (Factory New),2026-08-08 12:00:00,1083.5,1087.0,1390,https://buff.163.com/market/goods?game=csgo&goods_id=33868
AK-47 | Bloodsport (Factory New),2026-08-09 12:00:00,1080.0,1078.5,1378,https://buff.163.com/market/goods?game=csgo&goods_id=33868
AK-47 | Bloodsport (Factory New),2026-08-10 12:00:00,1079.0,1075.0,1380,https://buff.163.com/market/goods?game=csgo&goods_id=33868
AK-47 | Bloodsport (Factory New),2026-08-11 12:00:00,1065.5,1070.5,1390,https://buff.163.com/market/goods?game=csgo&goods_id=33868
AK-47 | Bloodsport (Factory New),2026-08-12 12:00:00,1070.0,1068.5,1396,https://buff.163.com/market/goods?game=csgo&goods_id=33868
AK-47 | Bloodsport (Factory New),2026-08-13 12:00:00,1068.5,1062.0,1398,https://buff.163.com/market/goods?game=csgo&goods_id=33868
AK-47 | Bloodsport (Factory New),2026-08-14 12:00:00,1058.5,1058.5,1399,https://buff.163.com/market/goods?game=csgo&goods_id=33868
AK-47 | Bloodsport (Factory New),2026-08-15 12:00:00,1052.99,1047.0,1406,https://buff.163.com/market/goods?game=csgo&goods_id=33868
AK-47 | Bloodsport (Factory New),2026-08-16 12:00:00,1045.0,1040.0,1406,https://buff.163.com/market/goods?game=csgo&goods_id=33868
AK-47 | Bloodsport (Factory New),2026-08-17 12:00:00,1037.5,1019.0,1406,https://buff.163.com/market/goods?game=csgo&goods_id=33868
AK-47 | Bloodsport (Factory New),2026-08-18 12:00:00,1017.5,1010.0,1414,https://buff.163.com/market/goods?game=csgo&goods_id=33868
AK-47 | Bloodsport (Factory New),2026-08-19 12:00:00,1009.5,1013.99,1409,https://buff.163.com/market/goods?game=csgo&goods_id=33868
AK-47 | Bloodsport (Factory New),2026-08-20 12:00:00,1012.4,1005.99,1410,https://buff.163.com/market/goods?game=csgo&goods_id=33868
AK-47 | Bloodsport (Factory New),2026-08-21 12:00:00,1003.99,1015.0,1420,https://buff.163.com/market/goods?game=csgo&goods_id=33868
AK-47 | Bloodsport (Factory New),2026-08-22 12:00:00,1011.5,1035.0,1418,https://buff.163.com/market/goods?game=csgo&goods_id=33868
AK-47 | Bloodsport (Factory New),2026-08-23 12:00:00,1038.0,1047.5,1378,https://buff.163.com/market/goods?game=csgo&goods_id=33868
AK-47 | Bloodsport (Factory New),2026-08-24 12:00:00,1044.49,1042.0,1358,https://buff.163.com/market/goods?game=csgo&goods_id=33868
AK-47 | Bloodsport (Factory New),2026-08-25 12:00:00,1042.0,1035.5,1365,https://buff.163.com/market/goods?game=csgo&goods_id=33868
AK-47 | Bloodsport (Factory New),2026-08-26 12:00:00,1027.5,1027.5,1357,https://buff.163.com/market/goods?game=csgo&goods_id=33868
AK-47 | Bloodsport (Factory New),2026-08-27 12:00:00,1047.0,1054.5,1327,https://buff.163.com/market/goods?game=csgo&goods_id=33868
AK-47 | Bloodsport (Factory New),2026-08-28 12:00:00,1079.0,1059.5,1327,https://buff.163.com/market/goods?game=csgo&goods_id=33868
AK-47 | Bloodsport (Factory New),2026-08-29 12:00:00,1059.5,1067.5,1326,https://buff.163.com/market/goods?game=csgo&goods_id=33868
AK-47 | Bloodsport (Factory New),2026-08-30 12:00:00,1060.0,1065.5,1317,https://buff.163.com/market/goods?game=csgo&goods_id=33868
AK-47 | Bloodsport (Factory New),2026-08-31 12:00:00,1069.0,1069.0,1306,https://buff.163.com/market/goods?game=csgo&goods_id=33868
AWP | Hyper Beast (Factory New),2025-08-31 12:00:00,1835.0,1835.0,78,https://buff.163.com/market/goods?game=csgo&goods_id=34095
AWP | Hyper Beast (Factory New),2025-09-04 12:00:00,2130.0,2130.0,64,https://buff.163.com/market/goods?game=csgo&goods_id=34095
AWP | Hyper Beast (Factory New),2025-09-10 12:00:00,2620.0,2620.0,73,https://buff.163.com/market/goods?game=csgo&goods_id=34095
AWP | Hyper Beast (Factory New),2025-09-16 12:00:00,2000.0,2000.0,98,https://buff.163.com/market/goods?game=csgo&goods_id=34095
AWP | Hyper Beast (Factory New),2025-09-22 12:00:00,1938.0,1938.0,115,https://buff.163.com/market/goods?game=csgo&goods_id=34095
AWP | Hyper Beast (Factory New),2025-09-28 12:00:00,2064.0,2064.0,142,https://buff.163.com/market/goods?game=csgo&goods_id=34095
AWP | Hyper Beast (Factory New),2025-10-04 12:00:00,2055.0,2055.0,143,https://buff.163.com/market/goods?game=csgo&goods_id=34095
AWP | Hyper Beast (Factory New),2025-10-11 12:00:00,2154.88,2154.88,132,https://buff.163.com/market/goods?game=csgo&goods_id=34095
AWP | Hyper Beast (Factory New),2025-10-17 12:00:00,1747.88,1747.88,151,https://buff.163.com/market/goods?game=csgo&goods_id=34095
AWP | Hyper Beast (Factory New),2025-10-23 12:00:00,1019.5,1019.5,140,https://buff.163.com/market/goods?game=csgo&goods_id=34095
AWP | Hyper Beast (Factory New),2025-10-29 12:00:00,1028.0,1028.0,142,https://buff.163.com/market/goods?game=csgo&goods_id=34095
AWP | Hyper Beast (Factory New),2025-11-04 12:00:00,1358.0,1358.0,150,https://buff.163.com/market/goods?game=csgo&goods_id=34095
AWP | Hyper Beast (Factory New),2025-11-10 12:00:00,1299.49,1299.49,170,https://buff.163.com/market/goods?game=csgo&goods_id=34095
AWP | Hyper Beast (Factory New),2025-11-16 12:00:00,1329.49,1329.49,162,https://buff.163.com/market/goods?game=csgo&goods_id=34095
AWP | Hyper Beast (Factory New),2025-11-22 12:00:00,1400.0,1400.0,145,https://buff.163.com/market/goods?game=csgo&goods_id=34095
AWP | Hyper Beast (Factory New),2025-11-28 12:00:00,1580.0,1580.0,126,https://buff.163.com/market/goods?game=csgo&goods_id=34095
AWP | Hyper Beast (Factory New),2025-12-04 12:00:00,1388.0,1388.0,173,https://buff.163.com/market/goods?game=csgo&goods_id=34095
AWP | Hyper Beast (Factory New),2025-12-10 12:00:00,1379.0,1379.0,184,https://buff.163.com/market/goods?game=csgo&goods_id=34095
AWP | Hyper Beast (Factory New),2025-12-16 12:00:00,1372.49,1372.49,174,https://buff.163.com/market/goods?game=csgo&goods_id=34095
AWP | Hyper Beast (Factory New),2025-12-23 12:00:00,1395.0,1395.0,152,https://buff.163.com/market/goods?game=csgo&goods_id=34095
AWP | Hyper Beast (Factory New),2025-12-29 12:00:00,1435.0,1435.0,154,https://buff.163.com/market/goods?game=csgo&goods_id=34095
AWP | Hyper Beast (Factory New),2026-01-04 12:00:00,1660.0,1660.0,123,https://buff.163.com/market/goods?game=csgo&goods_id=34095
AWP | Hyper Beast (Factory New),2026-01-10 12:00:00,1839.0,1839.0,112,https://buff.163.com/market/goods?game=csgo&goods_id=34095
AWP | Hyper Beast (Factory New),2026-01-16 12:00:00,1785.38,1785.38,107,https://buff.163.com/market/goods?game=csgo&goods_id=34095
AWP | Hyper Beast (Factory New),2026-01-22 12:00:00,1568.02,1568.02,113,https://buff.163.com/market/goods?game=csgo&goods_id=34095
AWP | Hyper Beast (Factory New),2026-01-28 12:00:00,1623.0,1623.0,118,https://buff.163.com/market/goods?game=csgo&goods_id=34095
AWP | Hyper Beast (Factory New),2026-02-03 12:00:00,1550.0,1550.0,138,https://buff.163.com/market/goods?game=csgo&goods_id=34095
AWP | Hyper Beast (Factory New),2026-02-09 12:00:00,1500.0,1500.0,141,https://buff.163.com/market/goods?game=csgo&goods_id=34095
AWP | Hyper Beast (Factory New),2026-02-15 12:00:00,1579.5,1579.5,141,https://buff.163.com/market/goods?game=csgo&goods_id=34095
AWP | Hyper Beast (Factory New),2026-02-21 12:00:00,1758.99,1758.99,133,https://buff.163.com/market/goods?game=csgo&goods_id=34095
AWP | Hyper Beast (Factory New),2026-02-27 12:00:00,1800.0,1800.0,123,https://buff.163.com/market/goods?game=csgo&goods_id=34095
AWP | Hyper Beast (Factory New),2026-03-04 12:00:00,1810.0,1810.0,120,https://buff.163.com/market/goods?game=csgo&goods_id=34095
AWP | Hyper Beast (Factory New),2026-03-06 12:00:00,1880.0,1880.0,121,https://buff.163.com/market/goods?game=csgo&goods_id=34095
AWP | Hyper Beast (Factory New),2026-03-07 12:00:00,1880.0,1880.0,121,https://buff.163.com/market/goods?game=csgo&goods_id=34095
AWP | Hyper Beast (Factory New),2026-03-10 12:00:00,1950.0,1950.0,106,https://buff.163.com/market/goods?game=csgo&goods_id=34095
AWP | Hyper Beast (Factory New),2026-03-12 12:00:00,2168.0,2168.0,97,https://buff.163.com/market/goods?game=csgo&goods_id=34095
AWP | Hyper Beast (Factory New),2026-03-13 12:00:00,2109.0,2109.0,98,https://buff.163.com/market/goods?game=csgo&goods_id=34095
AWP | Hyper Beast (Factory New),2026-03-16 12:00:00,2174.5,2174.5,96,https://buff.163.com/market/goods?game=csgo&goods_id=34095
AWP | Hyper Beast (Factory New),2026-03-18 12:00:00,2050.0,2050.0,93,https://buff.163.com/market/goods?game=csgo&goods_id=34095
AWP | Hyper Beast (Factory New),2026-03-19 12:00:00,2100.0,2100.0,95,https://buff.163.com/market/goods?game=csgo&goods_id=34095
AWP | Hyper Beast (Factory New),2026-03-22 12:00:00,1910.0,1910.0,99,https://buff.163.com/market/goods?game=csgo&goods_id=34095
AWP | Hyper Beast (Factory New),2026-03-24 12:00:00,1849.5,1849.5,105,https://buff.163.com/market/goods?game=csgo&goods_id=34095
AWP | Hyper Beast (Factory New),2026-03-25 12:00:00,1890.0,1890.0,98,https://buff.163.com/market/goods?game=csgo&goods_id=34095
AWP | Hyper Beast (Factory New),2026-03-28 12:00:00,1799.0,1799.0,103,https://buff.163.com/market/goods?game=csgo&goods_id=34095
AWP | Hyper Beast (Factory New),2026-03-30 12:00:00,1798.99,1798.99,103,https://buff.163.com/market/goods?game=csgo&goods_id=34095
AWP | Hyper Beast (Factory New),2026-03-31 12:00:00,1798.0,1798.0,103,https://buff.163.com/market/goods?game=csgo&goods_id=34095
AWP | Hyper Beast (Factory New),2026-04-03 12:00:00,1889.5,1889.5,112,https://buff.163.com/market/goods?game=csgo&goods_id=34095
AWP | Hyper Beast (Factory New),2026-04-05 12:00:00,1840.0,1840.0,111,https://buff.163.com/market/goods?game=csgo&goods_id=34095
AWP | Hyper Beast (Factory New),2026-04-06 12:00:00,1840.0,1840.0,111,https://buff.163.com/market/goods?game=csgo&goods_id=34095
AWP | Hyper Beast (Factory New),2026-04-09 12:00:00,1717.0,1717.0,112,https://buff.163.com/market/goods?game=csgo&goods_id=34095
AWP | Hyper Beast (Factory New),2026-04-11 12:00:00,1716.0,1716.0,114,https://buff.163.com/market/goods?game=csgo&goods_id=34095
AWP | Hyper Beast (Factory New),2026-04-12 12:00:00,1716.0,1716.0,113,https://buff.163.com/market/goods?game=csgo&goods_id=34095
AWP | Hyper Beast (Factory New),2026-04-15 12:00:00,1699.0,1699.0,118,https://buff.163.com/market/goods?game=csgo&goods_id=34095
AWP | Hyper Beast (Factory New),2026-04-17 12:00:00,1674.5,1674.5,122,https://buff.163.com/market/goods?game=csgo&goods_id=34095
AWP | Hyper Beast (Factory New),2026-04-18 12:00:00,1675.0,1675.0,118,https://buff.163.com/market/goods?game=csgo&goods_id=34095
AWP | Hyper Beast (Factory New),2026-04-21 12:00:00,1578.5,1578.5,122,https://buff.163.com/market/goods?game=csgo&goods_id=34095
AWP | Hyper Beast (Factory New),2026-04-23 12:00:00,1488.5,1488.5,116,https://buff.163.com/market/goods?game=csgo&goods_id=34095
AWP | Hyper Beast (Factory New),2026-04-24 12:00:00,1488.5,1488.5,116,https://buff.163.com/market/goods?game=csgo&goods_id=34095
AWP | Hyper Beast (Factory New),2026-04-27 12:00:00,1465.0,1465.0,117,https://buff.163.com/market/goods?game=csgo&goods_id=34095
AWP | Hyper Beast (Factory New),2026-04-29 12:00:00,1500.0,1500.0,113,https://buff.163.com/market/goods?game=csgo&goods_id=34095
AWP | Hyper Beast (Factory New),2026-04-30 12:00:00,1465.0,1465.0,115,https://buff.163.com/market/goods?game=csgo&goods_id=34095
AWP | Hyper Beast (Factory New),2026-05-03 12:00:00,1592.5,1592.5,116,https://buff.163.com/market/goods?game=csgo&goods_id=34095
AWP | Hyper Beast (Factory New),2026-05-05 12:00:00,1479.0,1479.0,121,https://buff.163.com/market/goods?game=csgo&goods_id=34095
AWP | Hyper Beast (Factory New),2026-05-06 12:00:00,1484.5,1484.5,121,https://buff.163.com/market/goods?game=csgo&goods_id=34095
AWP | Hyper Beast (Factory New),2026-05-09 12:00:00,1473.5,1473.5,125,https://buff.163.com/market/goods?game=csgo&goods_id=34095
AWP | Hyper Beast (Factory New),2026-05-11 12:00:00,1358.5,1358.5,126,https://buff.163.com/market/goods?game=csgo&goods_id=34095
AWP | Hyper Beast (Factory New),2026-05-12 12:00:00,1395.5,1395.5,113,https://buff.163.com/market/goods?game=csgo&goods_id=34095
AWP | Hyper Beast (Factory New),2026-05-15 12:00:00,1360.0,1360.0,118,https://buff.163.com/market/goods?game=csgo&goods_id=34095
AWP | Hyper Beast (Factory New),2026-05-18 12:00:00,1499.0,1508.5,125,https://buff.163.com/market/goods?game=csgo&goods_id=34095
AWP | Hyper Beast (Factory New),2026-05-21 12:00:00,1395.0,1395.0,126,https://buff.163.com/market/goods?game=csgo&goods_id=34095
AWP | Hyper Beast (Factory New),2026-05-24 12:00:00,1167.5,1219.5,117,https://buff.163.com/market/goods?game=csgo&goods_id=34095
AWP | Hyper Beast (Factory New),2026-05-27 12:00:00,1199.0,1199.0,123,https://buff.163.com/market/goods?game=csgo&goods_id=34095
AWP | Hyper Beast (Factory New),2026-05-30 12:00:00,1188.88,1188.88,122,https://buff.163.com/market/goods?game=csgo&goods_id=34095
AWP | Hyper Beast (Factory New),2026-06-02 12:00:00,1290.0,1290.0,117,https://buff.163.com/market/goods?game=csgo&goods_id=34095
AWP | Hyper Beast (Factory New),2026-06-03 12:00:00,1412.5,1412.5,114,https://buff.163.com/market/goods?game=csgo&goods_id=34095
AWP | Hyper Beast (Factory New),2026-06-04 12:00:00,1465.0,1465.0,101,https://buff.163.com/market/goods?game=csgo&goods_id=34095
AWP | Hyper Beast (Factory New),2026-06-05 12:00:00,1594.5,1594.5,103,https://buff.163.com/market/goods?game=csgo&goods_id=34095
AWP | Hyper Beast (Factory New),2026-06-06 12:00:00,1595.0,1595.0,109,https://buff.163.com/market/goods?game=csgo&goods_id=34095
AWP | Hyper Beast (Factory New),2026-06-07 12:00:00,1870.0,1870.0,106,https://buff.163.com/market/goods?game=csgo&goods_id=34095
AWP | Hyper Beast (Factory New),2026-06-08 12:00:00,1885.0,1885.0,104,https://buff.163.com/market/goods?game=csgo&goods_id=34095
AWP | Hyper Beast (Factory New),2026-06-09 12:00:00,1820.0,1820.0,111,https://buff.163.com/market/goods?game=csgo&goods_id=34095
AWP | Hyper Beast (Factory New),2026-06-10 12:00:00,1750.0,1750.0,105,https://buff.163.com/market/goods?game=csgo&goods_id=34095
AWP | Hyper Beast (Factory New),2026-06-11 12:00:00,1714.0,1719.0,104,https://buff.163.com/market/goods?game=csgo&goods_id=34095
AWP | Hyper Beast (Factory New),2026-06-12 12:00:00,1716.0,1716.0,106,https://buff.163.com/market/goods?game=csgo&goods_id=34095
AWP | Hyper Beast (Factory New),2026-06-13 12:00:00,1711.5,1711.5,107,https://buff.163.com/market/goods?game=csgo&goods_id=34095
AWP | Hyper Beast (Factory New),2026-06-14 12:00:00,1678.0,1678.0,112,https://buff.163.com/market/goods?game=csgo&goods_id=34095
AWP | Hyper Beast (Factory New),2026-06-15 12:00:00,1652.0,1652.0,113,https://buff.163.com/market/goods?game=csgo&goods_id=34095
AWP | Hyper Beast (Factory New),2026-06-16 12:00:00,1743.0,1743.0,108,https://buff.163.com/market/goods?game=csgo&goods_id=34095
AWP | Hyper Beast (Factory New),2026-06-17 12:00:00,1550.0,1649.5,114,https://buff.163.com/market/goods?game=csgo&goods_id=34095
AWP | Hyper Beast (Factory New),2026-06-18 12:00:00,1642.0,1642.0,114,https://buff.163.com/market/goods?game=csgo&goods_id=34095
AWP | Hyper Beast (Factory New),2026-06-19 12:00:00,1450.0,1450.0,120,https://buff.163.com/market/goods?game=csgo&goods_id=34095
AWP | Hyper Beast (Factory New),2026-06-20 12:00:00,1445.0,1445.0,126,https://buff.163.com/market/goods?game=csgo&goods_id=34095
AWP | Hyper Beast (Factory New),2026-06-21 12:00:00,1446.45,1446.45,129,https://buff.163.com/market/goods?game=csgo&goods_id=34095
AWP | Hyper Beast (Factory New),2026-06-22 12:00:00,1500.0,1500.0,124,https://buff.163.com/market/goods?game=csgo&goods_id=34095
AWP | Hyper Beast (Factory New),2026-06-23 12:00:00,1495.0,1494.5,127,https://buff.163.com/market/goods?game=csgo&goods_id=34095
AWP | Hyper Beast (Factory New),2026-06-24 12:00:00,1495.0,1495.0,127,https://buff.163.com/market/goods?game=csgo&goods_id=34095
AWP | Hyper Beast (Factory New),2026-06-25 12:00:00,1589.0,1589.0,123,https://buff.163.com/market/goods?game=csgo&goods_id=34095
AWP | Hyper Beast (Factory New),2026-06-26 12:00:00,1549.0,1549.0,126,https://buff.163.com/market/goods?game=csgo&goods_id=34095
AWP | Hyper Beast (Factory New),2026-06-27 12:00:00,1520.0,1520.0,119,https://buff.163.com/market/goods?game=csgo&goods_id=34095
AWP | Hyper Beast (Factory New),2026-06-28 12:00:00,1539.0,1539.0,127,https://buff.163.com/market/goods?game=csgo&goods_id=34095
AWP | Hyper Beast (Factory New),2026-06-29 12:00:00,1535.0,1480.0,125,https://buff.163.com/market/goods?game=csgo&goods_id=34095
AWP | Hyper Beast (Factory New),2026-06-30 12:00:00,1495.0,1495.0,130,https://buff.163.com/market/goods?game=csgo&goods_id=34095
AWP | Hyper Beast (Factory New),2026-07-01 12:00:00,1479.0,1479.0,130,https://buff.163.com/market/goods?game=csgo&goods_id=34095
AWP | Hyper Beast (Factory New),2026-07-02 12:00:00,1470.0,1470.0,130,https://buff.163.com/market/goods?game=csgo&goods_id=34095
AWP | Hyper Beast (Factory New),2026-07-03 12:00:00,1470.0,1470.0,136,https://buff.163.com/market/goods?game=csgo&goods_id=34095
AWP | Hyper Beast (Factory New),2026-07-04 12:00:00,1464.5,1464.5,132,https://buff.163.com/market/goods?game=csgo&goods_id=34095
AWP | Hyper Beast (Factory New),2026-07-05 12:00:00,1464.0,1428.5,129,https://buff.163.com/market/goods?game=csgo&goods_id=34095
AWP | Hyper Beast (Factory New),2026-07-06 12:00:00,1425.0,1425.0,133,https://buff.163.com/market/goods?game=csgo&goods_id=34095
AWP | Hyper Beast (Factory New),2026-07-07 12:00:00,1359.5,1359.5,135,https://buff.163.com/market/goods?game=csgo&goods_id=34095
AWP | Hyper Beast (Factory New),2026-07-08 12:00:00,1405.5,1405.5,132,https://buff.163.com/market/goods?game=csgo&goods_id=34095
AWP | Hyper Beast (Factory New),2026-07-09 12:00:00,1408.38,1408.38,134,https://buff.163.com/market/goods?game=csgo&goods_id=34095
AWP | Hyper Beast (Factory New),2026-07-10 12:00:00,1376.99,1376.99,133,https://buff.163.com/market/goods?game=csgo&goods_id=34095
AWP | Hyper Beast (Factory New),2026-07-11 12:00:00,1335.0,1334.49,134,https://buff.163.com/market/goods?game=csgo&goods_id=34095
AWP | Hyper Beast (Factory New),2026-07-12 12:00:00,1335.0,1335.0,131,https://buff.163.com/market/goods?game=csgo&goods_id=34095
AWP | Hyper Beast (Factory New),2026-07-13 12:00:00,1330.0,1330.0,124,https://buff.163.com/market/goods?game=csgo&goods_id=34095
AWP | Hyper Beast (Factory New),2026-07-14 12:00:00,1329.0,1329.0,125,https://buff.163.com/market/goods?game=csgo&goods_id=34095
AWP | Hyper Beast (Factory New),2026-07-15 12:00:00,1328.5,1328.5,126,https://buff.163.com/market/goods?game=csgo&goods_id=34095
AWP | Hyper Beast (Factory New),2026-07-16 12:00:00,1367.5,1367.5,130,https://buff.163.com/market/goods?game=csgo&goods_id=34095
AWP | Hyper Beast (Factory New),2026-07-17 12:00:00,1333.88,1332.88,132,https://buff.163.com/market/goods?game=csgo&goods_id=34095
AWP | Hyper Beast (Factory New),2026-07-18 12:00:00,1333.38,1333.38,132,https://buff.163.com/market/goods?game=csgo&goods_id=34095
AWP | Hyper Beast (Factory New),2026-07-19 12:00:00,1330.0,1330.0,132,https://buff.163.com/market/goods?game=csgo&goods_id=34095
AWP | Hyper Beast (Factory New),2026-07-20 12:00:00,1219.5,1219.5,131,https://buff.163.com/market/goods?game=csgo&goods_id=34095
AWP | Hyper Beast (Factory New),2026-07-21 12:00:00,1199.5,1199.5,131,https://buff.163.com/market/goods?game=csgo&goods_id=34095
AWP | Hyper Beast (Factory New),2026-07-22 12:00:00,1258.74,1258.74,125,https://buff.163.com/market/goods?game=csgo&goods_id=34095
AWP | Hyper Beast (Factory New),2026-07-23 12:00:00,1260.0,1258.73,123,https://buff.163.com/market/goods?game=csgo&goods_id=34095
AWP | Hyper Beast (Factory New),2026-07-24 12:00:00,1260.0,1260.0,123,https://buff.163.com/market/goods?game=csgo&goods_id=34095
AWP | Hyper Beast (Factory New),2026-07-25 12:00:00,1260.0,1260.0,124,https://buff.163.com/market/goods?game=csgo&goods_id=34095
AWP | Hyper Beast (Factory New),2026-07-26 12:00:00,1258.0,1258.0,126,https://buff.163.com/market/goods?game=csgo&goods_id=34095
AWP | Hyper Beast (Factory New),2026-07-27 12:00:00,1258.0,1258.0,130,https://buff.163.com/market/goods?game=csgo&goods_id=34095
AWP | Hyper Beast (Factory New),2026-07-28 12:00:00,1186.1,1186.1,137,https://buff.163.com/market/goods?game=csgo&goods_id=34095
AWP | Hyper Beast (Factory New),2026-07-29 12:00:00,1180.0,1180.0,138,https://buff.163.com/market/goods?game=csgo&goods_id=34095
AWP | Hyper Beast (Factory New),2026-07-30 12:00:00,1149.0,1184.6,139,https://buff.163.com/market/goods?game=csgo&goods_id=34095
AWP | Hyper Beast (Factory New),2026-07-31 12:00:00,1150.0,1150.0,141,https://buff.163.com/market/goods?game=csgo&goods_id=34095
AWP | Hyper Beast (Factory New),2026-08-01 12:00:00,1149.0,1178.5,138,https://buff.163.com/market/goods?game=csgo&goods_id=34095
AWP | Hyper Beast (Factory New),2026-08-02 12:00:00,1177.0,1144.5,141,https://buff.163.com/market/goods?game=csgo&goods_id=34095
AWP | Hyper Beast (Factory New),2026-08-03 12:00:00,1125.9,1068.0,141,https://buff.163.com/market/goods?game=csgo&goods_id=34095
AWP | Hyper Beast (Factory New),2026-08-04 12:00:00,1088.94,1067.95,147,https://buff.163.com/market/goods?game=csgo&goods_id=34095
AWP | Hyper Beast (Factory New),2026-08-05 12:00:00,1100.0,1060.0,142,https://buff.163.com/market/goods?game=csgo&goods_id=34095
AWP | Hyper Beast (Factory New),2026-08-06 12:00:00,1065.9,1100.0,147,https://buff.163.com/market/goods?game=csgo&goods_id=34095
AWP | Hyper Beast (Factory New),2026-08-07 12:00:00,1100.0,1100.0,142,https://buff.163.com/market/goods?game=csgo&goods_id=34095
AWP | Hyper Beast (Factory New),2026-08-08 12:00:00,1125.88,1125.84,144,https://buff.163.com/market/goods?game=csgo&goods_id=34095
AWP | Hyper Beast (Factory New),2026-08-09 12:00:00,1125.69,1108.8,146,https://buff.163.com/market/goods?game=csgo&goods_id=34095
AWP | Hyper Beast (Factory New),2026-08-10 12:00:00,1106.24,1108.78,146,https://buff.163.com/market/goods?game=csgo&goods_id=34095
AWP | Hyper Beast (Factory New),2026-08-11 12:00:00,1108.77,1108.74,142,https://buff.163.com/market/goods?game=csgo&goods_id=34095
AWP | Hyper Beast (Factory New),2026-08-12 12:00:00,1107.74,1106.0,150,https://buff.163.com/market/goods?game=csgo&goods_id=34095
AWP | Hyper Beast (Factory New),2026-08-13 12:00:00,1099.5,1107.0,143,https://buff.163.com/market/goods?game=csgo&goods_id=34095
AWP | Hyper Beast (Factory New),2026-08-14 12:00:00,1098.5,1049.5,153,https://buff.163.com/market/goods?game=csgo&goods_id=34095
AWP | Hyper Beast (Factory New),2026-08-15 12:00:00,1049.0,999.0,151,https://buff.163.com/market/goods?game=csgo&goods_id=34095
AWP | Hyper Beast (Factory New),2026-08-16 12:00:00,999.4,989.5,152,https://buff.163.com/market/goods?game=csgo&goods_id=34095
AWP | Hyper Beast (Factory New),2026-08-17 12:00:00,988.5,977.94,149,https://buff.163.com/market/goods?game=csgo&goods_id=34095
AWP | Hyper Beast (Factory New),2026-08-18 12:00:00,975.94,967.98,152,https://buff.163.com/market/goods?game=csgo&goods_id=34095
AWP | Hyper Beast (Factory New),2026-08-19 12:00:00,967.98,966.98,150,https://buff.163.com/market/goods?game=csgo&goods_id=34095
AWP | Hyper Beast (Factory New),2026-08-20 12:00:00,964.0,963.39,148,https://buff.163.com/market/goods?game=csgo&goods_id=34095
AWP | Hyper Beast (Factory New),2026-08-21 12:00:00,963.39,1050.0,148,https://buff.163.com/market/goods?game=csgo&goods_id=34095
AWP | Hyper Beast (Factory New),2026-08-22 12:00:00,1050.0,1087.0,130,https://buff.163.com/market/goods?game=csgo&goods_id=34095
AWP | Hyper Beast (Factory New),2026-08-23 12:00:00,1099.98,1088.88,125,https://buff.163.com/market/goods?game=csgo&goods_id=34095
AWP | Hyper Beast (Factory New),2026-08-24 12:00:00,1087.5,1085.87,128,https://buff.163.com/market/goods?game=csgo&goods_id=34095
AWP | Hyper Beast (Factory New),2026-08-25 12:00:00,1085.87,1029.0,131,https://buff.163.com/market/goods?game=csgo&goods_id=34095
AWP | Hyper Beast (Factory New),2026-08-26 12:00:00,1020.0,1020.0,134,https://buff.163.com/market/goods?game=csgo&goods_id=34095
AWP | Hyper Beast (Factory New),2026-08-27 12:00:00,1020.0,1020.0,126,https://buff.163.com/market/goods?game=csgo&goods_id=34095
AWP | Hyper Beast (Factory New),2026-08-28 12:00:00,1020.0,1088.0,121,https://buff.163.com/market/goods?game=csgo&goods_id=34095
AWP | Hyper Beast (Factory New),2026-08-29 12:00:00,1099.96,1099.96,116,https://buff.163.com/market/goods?game=csgo&goods_id=34095
AWP | Hyper Beast (Factory New),2026-08-30 12:00:00,1099.9,1099.9,118,https://buff.163.com/market/goods?game=csgo&goods_id=34095
AWP | Hyper Beast (Factory New),2026-08-31 12:00:00,1099.96,1099.96,120,https://buff.163.com/market/goods?game=csgo&goods_id=34095
M4A4 | Desolate Space (Factory New),2025-08-31 12:00:00,549.45,549.45,104,https://buff.163.com/market/goods?game=csgo&goods_id=35281
M4A4 | Desolate Space (Factory New),2025-09-04 12:00:00,728.0,728.0,91,https://buff.163.com/market/goods?game=csgo&goods_id=35281
M4A4 | Desolate Space (Factory New),2025-09-10 12:00:00,830.0,830.0,65,https://buff.163.com/market/goods?game=csgo&goods_id=35281
M4A4 | Desolate Space (Factory New),2025-09-16 12:00:00,699.3,699.3,143,https://buff.163.com/market/goods?game=csgo&goods_id=35281
M4A4 | Desolate Space (Factory New),2025-09-22 12:00:00,758.5,758.5,131,https://buff.163.com/market/goods?game=csgo&goods_id=35281
M4A4 | Desolate Space (Factory New),2025-09-28 12:00:00,872.0,872.0,110,https://buff.163.com/market/goods?game=csgo&goods_id=35281
M4A4 | Desolate Space (Factory New),2025-10-04 12:00:00,933.0,933.0,95,https://buff.163.com/market/goods?game=csgo&goods_id=35281
M4A4 | Desolate Space (Factory New),2025-10-11 12:00:00,926.5,926.5,84,https://buff.163.com/market/goods?game=csgo&goods_id=35281
M4A4 | Desolate Space (Factory New),2025-10-17 12:00:00,849.98,849.98,120,https://buff.163.com/market/goods?game=csgo&goods_id=35281
M4A4 | Desolate Space (Factory New),2025-10-23 12:00:00,529.0,529.0,140,https://buff.163.com/market/goods?game=csgo&goods_id=35281
M4A4 | Desolate Space (Factory New),2025-10-29 12:00:00,538.0,538.0,132,https://buff.163.com/market/goods?game=csgo&goods_id=35281
M4A4 | Desolate Space (Factory New),2025-11-04 12:00:00,718.0,718.0,124,https://buff.163.com/market/goods?game=csgo&goods_id=35281
M4A4 | Desolate Space (Factory New),2025-11-10 12:00:00,798.5,798.5,111,https://buff.163.com/market/goods?game=csgo&goods_id=35281
M4A4 | Desolate Space (Factory New),2025-11-16 12:00:00,937.99,937.99,95,https://buff.163.com/market/goods?game=csgo&goods_id=35281
M4A4 | Desolate Space (Factory New),2025-11-22 12:00:00,910.0,910.0,125,https://buff.163.com/market/goods?game=csgo&goods_id=35281
M4A4 | Desolate Space (Factory New),2025-11-28 12:00:00,1240.0,1240.0,78,https://buff.163.com/market/goods?game=csgo&goods_id=35281
M4A4 | Desolate Space (Factory New),2025-12-04 12:00:00,1237.48,1237.48,102,https://buff.163.com/market/goods?game=csgo&goods_id=35281
M4A4 | Desolate Space (Factory New),2025-12-10 12:00:00,1223.31,1223.31,110,https://buff.163.com/market/goods?game=csgo&goods_id=35281
M4A4 | Desolate Space (Factory New),2025-12-16 12:00:00,1387.0,1387.0,104,https://buff.163.com/market/goods?game=csgo&goods_id=35281
M4A4 | Desolate Space (Factory New),2025-12-23 12:00:00,1150.0,1150.0,126,https://buff.163.com/market/goods?game=csgo&goods_id=35281
M4A4 | Desolate Space (Factory New),2025-12-29 12:00:00,1084.99,1084.99,131,https://buff.163.com/market/goods?game=csgo&goods_id=35281
M4A4 | Desolate Space (Factory New),2026-01-04 12:00:00,1077.9,1077.9,141,https://buff.163.com/market/goods?game=csgo&goods_id=35281
M4A4 | Desolate Space (Factory New),2026-01-10 12:00:00,1079.48,1079.48,135,https://buff.163.com/market/goods?game=csgo&goods_id=35281
M4A4 | Desolate Space (Factory New),2026-01-16 12:00:00,928.89,928.89,154,https://buff.163.com/market/goods?game=csgo&goods_id=35281
M4A4 | Desolate Space (Factory New),2026-01-22 12:00:00,869.47,869.47,161,https://buff.163.com/market/goods?game=csgo&goods_id=35281
M4A4 | Desolate Space (Factory New),2026-01-28 12:00:00,964.0,964.0,136,https://buff.163.com/market/goods?game=csgo&goods_id=35281
M4A4 | Desolate Space (Factory New),2026-02-03 12:00:00,845.27,845.27,170,https://buff.163.com/market/goods?game=csgo&goods_id=35281
M4A4 | Desolate Space (Factory New),2026-02-09 12:00:00,820.51,820.51,182,https://buff.163.com/market/goods?game=csgo&goods_id=35281
M4A4 | Desolate Space (Factory New),2026-02-15 12:00:00,883.0,883.0,175,https://buff.163.com/market/goods?game=csgo&goods_id=35281
M4A4 | Desolate Space (Factory New),2026-02-21 12:00:00,890.0,890.0,173,https://buff.163.com/market/goods?game=csgo&goods_id=35281
M4A4 | Desolate Space (Factory New),2026-02-27 12:00:00,864.72,864.72,169,https://buff.163.com/market/goods?game=csgo&goods_id=35281
M4A4 | Desolate Space (Factory New),2026-03-04 12:00:00,869.4,869.4,190,https://buff.163.com/market/goods?game=csgo&goods_id=35281
M4A4 | Desolate Space (Factory New),2026-03-06 12:00:00,898.5,898.5,155,https://buff.163.com/market/goods?game=csgo&goods_id=35281
M4A4 | Desolate Space (Factory New),2026-03-07 12:00:00,899.5,899.5,157,https://buff.163.com/market/goods?game=csgo&goods_id=35281
M4A4 | Desolate Space (Factory New),2026-03-10 12:00:00,894.5,894.5,157,https://buff.163.com/market/goods?game=csgo&goods_id=35281
M4A4 | Desolate Space (Factory New),2026-03-12 12:00:00,939.82,939.82,141,https://buff.163.com/market/goods?game=csgo&goods_id=35281
M4A4 | Desolate Space (Factory New),2026-03-13 12:00:00,930.0,930.0,146,https://buff.163.com/market/goods?game=csgo&goods_id=35281
M4A4 | Desolate Space (Factory New),2026-03-16 12:00:00,1037.0,1037.0,125,https://buff.163.com/market/goods?game=csgo&goods_id=35281
M4A4 | Desolate Space (Factory New),2026-03-18 12:00:00,1130.0,1130.0,121,https://buff.163.com/market/goods?game=csgo&goods_id=35281
M4A4 | Desolate Space (Factory New),2026-03-19 12:00:00,1120.0,1120.0,128,https://buff.163.com/market/goods?game=csgo&goods_id=35281
M4A4 | Desolate Space (Factory New),2026-03-22 12:00:00,1277.2,1277.2,103,https://buff.163.com/market/goods?game=csgo&goods_id=35281
M4A4 | Desolate Space (Factory New),2026-03-24 12:00:00,1249.5,1249.5,112,https://buff.163.com/market/goods?game=csgo&goods_id=35281
M4A4 | Desolate Space (Factory New),2026-03-25 12:00:00,1249.5,1249.5,110,https://buff.163.com/market/goods?game=csgo&goods_id=35281
M4A4 | Desolate Space (Factory New),2026-03-28 12:00:00,1140.0,1140.0,127,https://buff.163.com/market/goods?game=csgo&goods_id=35281
M4A4 | Desolate Space (Factory New),2026-03-30 12:00:00,1137.95,1137.95,128,https://buff.163.com/market/goods?game=csgo&goods_id=35281
M4A4 | Desolate Space (Factory New),2026-03-31 12:00:00,1140.0,1140.0,127,https://buff.163.com/market/goods?game=csgo&goods_id=35281
M4A4 | Desolate Space (Factory New),2026-04-03 12:00:00,1115.1,1115.1,139,https://buff.163.com/market/goods?game=csgo&goods_id=35281
M4A4 | Desolate Space (Factory New),2026-04-05 12:00:00,1030.0,1030.0,140,https://buff.163.com/market/goods?game=csgo&goods_id=35281
M4A4 | Desolate Space (Factory New),2026-04-06 12:00:00,1030.0,1030.0,140,https://buff.163.com/market/goods?game=csgo&goods_id=35281
M4A4 | Desolate Space (Factory New),2026-04-09 12:00:00,1098.0,1098.0,134,https://buff.163.com/market/goods?game=csgo&goods_id=35281
M4A4 | Desolate Space (Factory New),2026-04-11 12:00:00,1007.48,1007.48,149,https://buff.163.com/market/goods?game=csgo&goods_id=35281
M4A4 | Desolate Space (Factory New),2026-04-12 12:00:00,1007.99,1007.99,148,https://buff.163.com/market/goods?game=csgo&goods_id=35281
M4A4 | Desolate Space (Factory New),2026-04-15 12:00:00,960.0,960.0,179,https://buff.163.com/market/goods?game=csgo&goods_id=35281
M4A4 | Desolate Space (Factory New),2026-04-17 12:00:00,885.79,885.79,192,https://buff.163.com/market/goods?game=csgo&goods_id=35281
M4A4 | Desolate Space (Factory New),2026-04-18 12:00:00,915.9,915.9,186,https://buff.163.com/market/goods?game=csgo&goods_id=35281
M4A4 | Desolate Space (Factory New),2026-04-21 12:00:00,834.0,834.0,182,https://buff.163.com/market/goods?game=csgo&goods_id=35281
M4A4 | Desolate Space (Factory New),2026-04-23 12:00:00,854.0,854.0,178,https://buff.163.com/market/goods?game=csgo&goods_id=35281
M4A4 | Desolate Space (Factory New),2026-04-24 12:00:00,886.0,886.0,165,https://buff.163.com/market/goods?game=csgo&goods_id=35281
M4A4 | Desolate Space (Factory New),2026-04-27 12:00:00,837.48,837.48,177,https://buff.163.com/market/goods?game=csgo&goods_id=35281
M4A4 | Desolate Space (Factory New),2026-04-29 12:00:00,885.35,885.35,172,https://buff.163.com/market/goods?game=csgo&goods_id=35281
M4A4 | Desolate Space (Factory New),2026-04-30 12:00:00,890.3,890.3,164,https://buff.163.com/market/goods?game=csgo&goods_id=35281
M4A4 | Desolate Space (Factory New),2026-05-03 12:00:00,884.85,884.85,168,https://buff.163.com/market/goods?game=csgo&goods_id=35281
M4A4 | Desolate Space (Factory New),2026-05-05 12:00:00,845.0,845.0,176,https://buff.163.com/market/goods?game=csgo&goods_id=35281
M4A4 | Desolate Space (Factory New),2026-05-06 12:00:00,864.5,864.5,175,https://buff.163.com/market/goods?game=csgo&goods_id=35281
M4A4 | Desolate Space (Factory New),2026-05-09 12:00:00,789.48,789.48,180,https://buff.163.com/market/goods?game=csgo&goods_id=35281
M4A4 | Desolate Space (Factory New),2026-05-11 12:00:00,727.3,727.3,182,https://buff.163.com/market/goods?game=csgo&goods_id=35281
M4A4 | Desolate Space (Factory New),2026-05-12 12:00:00,727.8,727.8,182,https://buff.163.com/market/goods?game=csgo&goods_id=35281
M4A4 | Desolate Space (Factory New),2026-05-15 12:00:00,722.0,722.0,178,https://buff.163.com/market/goods?game=csgo&goods_id=35281
M4A4 | Desolate Space (Factory New),2026-05-18 12:00:00,709.99,718.99,181,https://buff.163.com/market/goods?game=csgo&goods_id=35281
M4A4 | Desolate Space (Factory New),2026-05-21 12:00:00,665.0,665.0,187,https://buff.163.com/market/goods?game=csgo&goods_id=35281
M4A4 | Desolate Space (Factory New),2026-05-24 12:00:00,597.47,520.0,183,https://buff.163.com/market/goods?game=csgo&goods_id=35281
M4A4 | Desolate Space (Factory New),2026-05-27 12:00:00,635.0,635.0,168,https://buff.163.com/market/goods?game=csgo&goods_id=35281
M4A4 | Desolate Space (Factory New),2026-05-30 12:00:00,594.5,594.49,175,https://buff.163.com/market/goods?game=csgo&goods_id=35281
M4A4 | Desolate Space (Factory New),2026-06-02 12:00:00,600.0,600.0,174,https://buff.163.com/market/goods?game=csgo&goods_id=35281
M4A4 | Desolate Space (Factory New),2026-06-03 12:00:00,768.0,768.0,153,https://buff.163.com/market/goods?game=csgo&goods_id=35281
M4A4 | Desolate Space (Factory New),2026-06-04 12:00:00,750.0,750.0,147,https://buff.163.com/market/goods?game=csgo&goods_id=35281
M4A4 | Desolate Space (Factory New),2026-06-05 12:00:00,782.2,779.64,147,https://buff.163.com/market/goods?game=csgo&goods_id=35281
M4A4 | Desolate Space (Factory New),2026-06-06 12:00:00,770.0,770.0,150,https://buff.163.com/market/goods?game=csgo&goods_id=35281
M4A4 | Desolate Space (Factory New),2026-06-07 12:00:00,766.99,766.99,152,https://buff.163.com/market/goods?game=csgo&goods_id=35281
M4A4 | Desolate Space (Factory New),2026-06-08 12:00:00,868.38,868.38,137,https://buff.163.com/market/goods?game=csgo&goods_id=35281
M4A4 | Desolate Space (Factory New),2026-06-09 12:00:00,877.0,877.0,133,https://buff.163.com/market/goods?game=csgo&goods_id=35281
M4A4 | Desolate Space (Factory New),2026-06-10 12:00:00,820.0,820.0,157,https://buff.163.com/market/goods?game=csgo&goods_id=35281
M4A4 | Desolate Space (Factory New),2026-06-11 12:00:00,800.0,820.0,160,https://buff.163.com/market/goods?game=csgo&goods_id=35281
M4A4 | Desolate Space (Factory New),2026-06-12 12:00:00,800.0,800.0,156,https://buff.163.com/market/goods?game=csgo&goods_id=35281
M4A4 | Desolate Space (Factory New),2026-06-13 12:00:00,819.4,819.4,175,https://buff.163.com/market/goods?game=csgo&goods_id=35281
M4A4 | Desolate Space (Factory New),2026-06-14 12:00:00,819.4,819.4,175,https://buff.163.com/market/goods?game=csgo&goods_id=35281
M4A4 | Desolate Space (Factory New),2026-06-15 12:00:00,748.9,748.9,177,https://buff.163.com/market/goods?game=csgo&goods_id=35281
M4A4 | Desolate Space (Factory New),2026-06-16 12:00:00,799.4,799.4,167,https://buff.163.com/market/goods?game=csgo&goods_id=35281
M4A4 | Desolate Space (Factory New),2026-06-17 12:00:00,766.91,779.5,171,https://buff.163.com/market/goods?game=csgo&goods_id=35281
M4A4 | Desolate Space (Factory New),2026-06-18 12:00:00,769.5,769.5,171,https://buff.163.com/market/goods?game=csgo&goods_id=35281
M4A4 | Desolate Space (Factory New),2026-06-19 12:00:00,730.47,730.47,167,https://buff.163.com/market/goods?game=csgo&goods_id=35281
M4A4 | Desolate Space (Factory New),2026-06-20 12:00:00,699.0,699.0,178,https://buff.163.com/market/goods?game=csgo&goods_id=35281
M4A4 | Desolate Space (Factory New),2026-06-21 12:00:00,678.0,678.0,174,https://buff.163.com/market/goods?game=csgo&goods_id=35281
M4A4 | Desolate Space (Factory New),2026-06-22 12:00:00,730.0,730.0,173,https://buff.163.com/market/goods?game=csgo&goods_id=35281
M4A4 | Desolate Space (Factory New),2026-06-23 12:00:00,725.0,730.0,173,https://buff.163.com/market/goods?game=csgo&goods_id=35281
M4A4 | Desolate Space (Factory New),2026-06-24 12:00:00,738.88,738.88,176,https://buff.163.com/market/goods?game=csgo&goods_id=35281
M4A4 | Desolate Space (Factory New),2026-06-25 12:00:00,733.0,733.0,189,https://buff.163.com/market/goods?game=csgo&goods_id=35281
M4A4 | Desolate Space (Factory New),2026-06-26 12:00:00,706.15,706.15,191,https://buff.163.com/market/goods?game=csgo&goods_id=35281
M4A4 | Desolate Space (Factory New),2026-06-27 12:00:00,695.99,695.99,196,https://buff.163.com/market/goods?game=csgo&goods_id=35281
M4A4 | Desolate Space (Factory New),2026-06-28 12:00:00,694.99,694.99,183,https://buff.163.com/market/goods?game=csgo&goods_id=35281
M4A4 | Desolate Space (Factory New),2026-06-29 12:00:00,690.0,647.99,187,https://buff.163.com/market/goods?game=csgo&goods_id=35281
M4A4 | Desolate Space (Factory New),2026-06-30 12:00:00,642.48,642.48,196,https://buff.163.com/market/goods?game=csgo&goods_id=35281
M4A4 | Desolate Space (Factory New),2026-07-01 12:00:00,630.0,630.0,186,https://buff.163.com/market/goods?game=csgo&goods_id=35281
M4A4 | Desolate Space (Factory New),2026-07-02 12:00:00,645.0,645.0,182,https://buff.163.com/market/goods?game=csgo&goods_id=35281
M4A4 | Desolate Space (Factory New),2026-07-03 12:00:00,648.0,648.0,181,https://buff.163.com/market/goods?game=csgo&goods_id=35281
M4A4 | Desolate Space (Factory New),2026-07-04 12:00:00,655.0,655.0,190,https://buff.163.com/market/goods?game=csgo&goods_id=35281
M4A4 | Desolate Space (Factory New),2026-07-05 12:00:00,648.0,650.0,193,https://buff.163.com/market/goods?game=csgo&goods_id=35281
M4A4 | Desolate Space (Factory New),2026-07-06 12:00:00,640.0,640.0,199,https://buff.163.com/market/goods?game=csgo&goods_id=35281
M4A4 | Desolate Space (Factory New),2026-07-07 12:00:00,627.49,627.49,199,https://buff.163.com/market/goods?game=csgo&goods_id=35281
M4A4 | Desolate Space (Factory New),2026-07-08 12:00:00,653.1,653.1,195,https://buff.163.com/market/goods?game=csgo&goods_id=35281
M4A4 | Desolate Space (Factory New),2026-07-09 12:00:00,654.0,654.0,198,https://buff.163.com/market/goods?game=csgo&goods_id=35281
M4A4 | Desolate Space (Factory New),2026-07-10 12:00:00,640.7,640.7,202,https://buff.163.com/market/goods?game=csgo&goods_id=35281
M4A4 | Desolate Space (Factory New),2026-07-11 12:00:00,634.6,631.8,202,https://buff.163.com/market/goods?game=csgo&goods_id=35281
M4A4 | Desolate Space (Factory New),2026-07-12 12:00:00,634.6,634.6,202,https://buff.163.com/market/goods?game=csgo&goods_id=35281
M4A4 | Desolate Space (Factory New),2026-07-13 12:00:00,600.0,600.0,217,https://buff.163.com/market/goods?game=csgo&goods_id=35281
M4A4 | Desolate Space (Factory New),2026-07-14 12:00:00,600.0,600.0,217,https://buff.163.com/market/goods?game=csgo&goods_id=35281
M4A4 | Desolate Space (Factory New),2026-07-15 12:00:00,599.5,599.5,205,https://buff.163.com/market/goods?game=csgo&goods_id=35281
M4A4 | Desolate Space (Factory New),2026-07-16 12:00:00,640.0,640.0,197,https://buff.163.com/market/goods?game=csgo&goods_id=35281
M4A4 | Desolate Space (Factory New),2026-07-17 12:00:00,640.0,629.5,197,https://buff.163.com/market/goods?game=csgo&goods_id=35281
M4A4 | Desolate Space (Factory New),2026-07-18 12:00:00,650.0,650.0,194,https://buff.163.com/market/goods?game=csgo&goods_id=35281
M4A4 | Desolate Space (Factory New),2026-07-19 12:00:00,640.0,640.0,197,https://buff.163.com/market/goods?game=csgo&goods_id=35281
M4A4 | Desolate Space (Factory New),2026-07-20 12:00:00,620.0,620.0,195,https://buff.163.com/market/goods?game=csgo&goods_id=35281
M4A4 | Desolate Space (Factory New),2026-07-21 12:00:00,616.0,616.0,196,https://buff.163.com/market/goods?game=csgo&goods_id=35281
M4A4 | Desolate Space (Factory New),2026-07-22 12:00:00,637.9,637.9,190,https://buff.163.com/market/goods?game=csgo&goods_id=35281
M4A4 | Desolate Space (Factory New),2026-07-23 12:00:00,658.5,660.0,188,https://buff.163.com/market/goods?game=csgo&goods_id=35281
M4A4 | Desolate Space (Factory New),2026-07-24 12:00:00,659.0,659.0,185,https://buff.163.com/market/goods?game=csgo&goods_id=35281
M4A4 | Desolate Space (Factory New),2026-07-25 12:00:00,675.0,675.0,178,https://buff.163.com/market/goods?game=csgo&goods_id=35281
M4A4 | Desolate Space (Factory New),2026-07-26 12:00:00,665.9,665.9,189,https://buff.163.com/market/goods?game=csgo&goods_id=35281
M4A4 | Desolate Space (Factory New),2026-07-27 12:00:00,660.0,660.0,191,https://buff.163.com/market/goods?game=csgo&goods_id=35281
M4A4 | Desolate Space (Factory New),2026-07-28 12:00:00,688.0,688.0,182,https://buff.163.com/market/goods?game=csgo&goods_id=35281
M4A4 | Desolate Space (Factory New),2026-07-29 12:00:00,684.0,684.0,183,https://buff.163.com/market/goods?game=csgo&goods_id=35281
M4A4 | Desolate Space (Factory New),2026-07-30 12:00:00,650.0,681.99,193,https://buff.163.com/market/goods?game=csgo&goods_id=35281
M4A4 | Desolate Space (Factory New),2026-07-31 12:00:00,648.0,648.0,200,https://buff.163.com/market/goods?game=csgo&goods_id=35281
M4A4 | Desolate Space (Factory New),2026-08-01 12:00:00,647.98,647.48,203,https://buff.163.com/market/goods?game=csgo&goods_id=35281
M4A4 | Desolate Space (Factory New),2026-08-02 12:00:00,671.5,662.0,190,https://buff.163.com/market/goods?game=csgo&goods_id=35281
M4A4 | Desolate Space (Factory New),2026-08-03 12:00:00,648.0,626.8,196,https://buff.163.com/market/goods?game=csgo&goods_id=35281
M4A4 | Desolate Space (Factory New),2026-08-04 12:00:00,626.8,620.0,203,https://buff.163.com/market/goods?game=csgo&goods_id=35281
M4A4 | Desolate Space (Factory New),2026-08-05 12:00:00,625.0,610.0,198,https://buff.163.com/market/goods?game=csgo&goods_id=35281
M4A4 | Desolate Space (Factory New),2026-08-06 12:00:00,615.0,639.98,199,https://buff.163.com/market/goods?game=csgo&goods_id=35281
M4A4 | Desolate Space (Factory New),2026-08-07 12:00:00,625.0,640.0,198,https://buff.163.com/market/goods?game=csgo&goods_id=35281
M4A4 | Desolate Space (Factory New),2026-08-08 12:00:00,639.98,630.0,191,https://buff.163.com/market/goods?game=csgo&goods_id=35281
M4A4 | Desolate Space (Factory New),2026-08-09 12:00:00,629.99,614.99,194,https://buff.163.com/market/goods?game=csgo&goods_id=35281
M4A4 | Desolate Space (Factory New),2026-08-10 12:00:00,619.53,615.0,194,https://buff.163.com/market/goods?game=csgo&goods_id=35281
M4A4 | Desolate Space (Factory New),2026-08-11 12:00:00,614.97,590.0,198,https://buff.163.com/market/goods?game=csgo&goods_id=35281
M4A4 | Desolate Space (Factory New),2026-08-12 12:00:00,586.0,565.0,206,https://buff.163.com/market/goods?game=csgo&goods_id=35281
M4A4 | Desolate Space (Factory New),2026-08-13 12:00:00,572.0,563.4,212,https://buff.163.com/market/goods?game=csgo&goods_id=35281
M4A4 | Desolate Space (Factory New),2026-08-14 12:00:00,545.0,542.97,209,https://buff.163.com/market/goods?game=csgo&goods_id=35281
M4A4 | Desolate Space (Factory New),2026-08-15 12:00:00,542.45,537.48,210,https://buff.163.com/market/goods?game=csgo&goods_id=35281
M4A4 | Desolate Space (Factory New),2026-08-16 12:00:00,537.99,530.97,210,https://buff.163.com/market/goods?game=csgo&goods_id=35281
M4A4 | Desolate Space (Factory New),2026-08-17 12:00:00,518.0,503.0,215,https://buff.163.com/market/goods?game=csgo&goods_id=35281
M4A4 | Desolate Space (Factory New),2026-08-18 12:00:00,501.48,519.0,215,https://buff.163.com/market/goods?game=csgo&goods_id=35281
M4A4 | Desolate Space (Factory New),2026-08-19 12:00:00,519.5,514.5,206,https://buff.163.com/market/goods?game=csgo&goods_id=35281
M4A4 | Desolate Space (Factory New),2026-08-20 12:00:00,512.5,505.0,204,https://buff.163.com/market/goods?game=csgo&goods_id=35281
M4A4 | Desolate Space (Factory New),2026-08-21 12:00:00,512.5,550.0,203,https://buff.163.com/market/goods?game=csgo&goods_id=35281
M4A4 | Desolate Space (Factory New),2026-08-22 12:00:00,548.0,559.4,202,https://buff.163.com/market/goods?game=csgo&goods_id=35281
M4A4 | Desolate Space (Factory New),2026-08-23 12:00:00,599.99,590.0,193,https://buff.163.com/market/goods?game=csgo&goods_id=35281
M4A4 | Desolate Space (Factory New),2026-08-24 12:00:00,585.0,560.0,199,https://buff.163.com/market/goods?game=csgo&goods_id=35281
M4A4 | Desolate Space (Factory New),2026-08-25 12:00:00,560.0,557.0,200,https://buff.163.com/market/goods?game=csgo&goods_id=35281
M4A4 | Desolate Space (Factory New),2026-08-26 12:00:00,555.0,555.0,193,https://buff.163.com/market/goods?game=csgo&goods_id=35281
M4A4 | Desolate Space (Factory New),2026-08-27 12:00:00,549.0,580.0,183,https://buff.163.com/market/goods?game=csgo&goods_id=35281
M4A4 | Desolate Space (Factory New),2026-08-28 12:00:00,580.0,590.0,177,https://buff.163.com/market/goods?game=csgo&goods_id=35281
M4A4 | Desolate Space (Factory New),2026-08-29 12:00:00,658.0,635.0,165,https://buff.163.com/market/goods?game=csgo&goods_id=35281
M4A4 | Desolate Space (Factory New),2026-08-30 12:00:00,623.7,619.9,196,https://buff.163.com/market/goods?game=csgo&goods_id=35281
M4A4 | Desolate Space (Factory New),2026-08-31 12:00:00,620.0,620.0,198,https://buff.163.com/market/goods?game=csgo&goods_id=35281
Dreams & Nightmares Case,2025-08-31 12:00:00,9.69,9.69,20236,https://buff.163.com/market/goods?game=csgo&goods_id=886606
Dreams & Nightmares Case,2025-09-04 12:00:00,9.79,9.79,22441,https://buff.163.com/market/goods?game=csgo&goods_id=886606
Dreams & Nightmares Case,2025-09-10 12:00:00,9.9,9.9,17464,https://buff.163.com/market/goods?game=csgo&goods_id=886606
Dreams & Nightmares Case,2025-09-16 12:00:00,9.99,9.99,18640,https://buff.163.com/market/goods?game=csgo&goods_id=886606
Dreams & Nightmares Case,2025-09-22 12:00:00,10.0,10.0,20903,https://buff.163.com/market/goods?game=csgo&goods_id=886606
Dreams & Nightmares Case,2025-09-28 12:00:00,10.1,10.1,22337,https://buff.163.com/market/goods?game=csgo&goods_id=886606
Dreams & Nightmares Case,2025-10-04 12:00:00,10.2,10.2,20740,https://buff.163.com/market/goods?game=csgo&goods_id=886606
Dreams & Nightmares Case,2025-10-11 12:00:00,11.1,11.1,17415,https://buff.163.com/market/goods?game=csgo&goods_id=886606
Dreams & Nightmares Case,2025-10-17 12:00:00,10.8,10.8,19423,https://buff.163.com/market/goods?game=csgo&goods_id=886606
Dreams & Nightmares Case,2025-10-23 12:00:00,8.99,8.99,14435,https://buff.163.com/market/goods?game=csgo&goods_id=886606
Dreams & Nightmares Case,2025-10-29 12:00:00,8.67,8.67,15917,https://buff.163.com/market/goods?game=csgo&goods_id=886606
Dreams & Nightmares Case,2025-11-04 12:00:00,10.0,10.0,17701,https://buff.163.com/market/goods?game=csgo&goods_id=886606
Dreams & Nightmares Case,2025-11-10 12:00:00,9.89,9.89,23065,https://buff.163.com/market/goods?game=csgo&goods_id=886606
Dreams & Nightmares Case,2025-11-16 12:00:00,9.39,9.39,28550,https://buff.163.com/market/goods?game=csgo&goods_id=886606
Dreams & Nightmares Case,2025-11-22 12:00:00,8.88,8.88,31598,https://buff.163.com/market/goods?game=csgo&goods_id=886606
Dreams & Nightmares Case,2025-11-28 12:00:00,8.89,8.89,32419,https://buff.163.com/market/goods?game=csgo&goods_id=886606
Dreams & Nightmares Case,2025-12-04 12:00:00,8.89,8.89,33350,https://buff.163.com/market/goods?game=csgo&goods_id=886606
Dreams & Nightmares Case,2025-12-10 12:00:00,8.69,8.69,38055,https://buff.163.com/market/goods?game=csgo&goods_id=886606
Dreams & Nightmares Case,2025-12-16 12:00:00,8.49,8.49,38602,https://buff.163.com/market/goods?game=csgo&goods_id=886606
Dreams & Nightmares Case,2025-12-23 12:00:00,8.64,8.64,36698,https://buff.163.com/market/goods?game=csgo&goods_id=886606
Dreams & Nightmares Case,2025-12-29 12:00:00,8.89,8.89,34861,https://buff.163.com/market/goods?game=csgo&goods_id=886606
Dreams & Nightmares Case,2026-01-04 12:00:00,8.79,8.79,34405,https://buff.163.com/market/goods?game=csgo&goods_id=886606
Dreams & Nightmares Case,2026-01-10 12:00:00,8.7,8.7,36219,https://buff.163.com/market/goods?game=csgo&goods_id=886606
Dreams & Nightmares Case,2026-01-16 12:00:00,8.59,8.59,34163,https://buff.163.com/market/goods?game=csgo&goods_id=886606
Dreams & Nightmares Case,2026-01-22 12:00:00,8.29,8.29,36406,https://buff.163.com/market/goods?game=csgo&goods_id=886606
Dreams & Nightmares Case,2026-01-28 12:00:00,7.92,7.92,37966,https://buff.163.com/market/goods?game=csgo&goods_id=886606
Dreams & Nightmares Case,2026-02-03 12:00:00,7.67,7.67,38830,https://buff.163.com/market/goods?game=csgo&goods_id=886606
Dreams & Nightmares Case,2026-02-09 12:00:00,7.55,7.55,39221,https://buff.163.com/market/goods?game=csgo&goods_id=886606
Dreams & Nightmares Case,2026-02-15 12:00:00,7.95,7.95,36330,https://buff.163.com/market/goods?game=csgo&goods_id=886606
Dreams & Nightmares Case,2026-02-21 12:00:00,7.95,7.95,36744,https://buff.163.com/market/goods?game=csgo&goods_id=886606
Dreams & Nightmares Case,2026-02-27 12:00:00,8.09,8.09,36159,https://buff.163.com/market/goods?game=csgo&goods_id=886606
Dreams & Nightmares Case,2026-03-04 12:00:00,8.29,8.29,34369,https://buff.163.com/market/goods?game=csgo&goods_id=886606
Dreams & Nightmares Case,2026-03-06 12:00:00,8.59,8.59,33363,https://buff.163.com/market/goods?game=csgo&goods_id=886606
Dreams & Nightmares Case,2026-03-07 12:00:00,8.63,8.63,33277,https://buff.163.com/market/goods?game=csgo&goods_id=886606
Dreams & Nightmares Case,2026-03-10 12:00:00,8.69,8.69,33367,https://buff.163.com/market/goods?game=csgo&goods_id=886606
Dreams & Nightmares Case,2026-03-12 12:00:00,8.67,8.67,33188,https://buff.163.com/market/goods?game=csgo&goods_id=886606
Dreams & Nightmares Case,2026-03-13 12:00:00,8.69,8.69,32467,https://buff.163.com/market/goods?game=csgo&goods_id=886606
Dreams & Nightmares Case,2026-03-16 12:00:00,9.29,9.29,25836,https://buff.163.com/market/goods?game=csgo&goods_id=886606
Dreams & Nightmares Case,2026-03-18 12:00:00,8.86,8.86,31021,https://buff.163.com/market/goods?game=csgo&goods_id=886606
Dreams & Nightmares Case,2026-03-19 12:00:00,8.89,8.89,30331,https://buff.163.com/market/goods?game=csgo&goods_id=886606
Dreams & Nightmares Case,2026-03-22 12:00:00,9.04,9.04,29873,https://buff.163.com/market/goods?game=csgo&goods_id=886606
Dreams & Nightmares Case,2026-03-24 12:00:00,9.13,9.13,30611,https://buff.163.com/market/goods?game=csgo&goods_id=886606
Dreams & Nightmares Case,2026-03-25 12:00:00,9.1,9.1,30613,https://buff.163.com/market/goods?game=csgo&goods_id=886606
Dreams & Nightmares Case,2026-03-28 12:00:00,9.3,9.3,29492,https://buff.163.com/market/goods?game=csgo&goods_id=886606
Dreams & Nightmares Case,2026-03-30 12:00:00,9.39,9.39,30274,https://buff.163.com/market/goods?game=csgo&goods_id=886606
Dreams & Nightmares Case,2026-03-31 12:00:00,9.49,9.49,28723,https://buff.163.com/market/goods?game=csgo&goods_id=886606
Dreams & Nightmares Case,2026-04-03 12:00:00,9.5,9.5,28671,https://buff.163.com/market/goods?game=csgo&goods_id=886606
Dreams & Nightmares Case,2026-04-05 12:00:00,9.54,9.54,28831,https://buff.163.com/market/goods?game=csgo&goods_id=886606
Dreams & Nightmares Case,2026-04-06 12:00:00,9.88,9.88,28629,https://buff.163.com/market/goods?game=csgo&goods_id=886606
Dreams & Nightmares Case,2026-04-09 12:00:00,9.65,9.65,24515,https://buff.163.com/market/goods?game=csgo&goods_id=886606
Dreams & Nightmares Case,2026-04-11 12:00:00,9.79,9.79,23319,https://buff.163.com/market/goods?game=csgo&goods_id=886606
Dreams & Nightmares Case,2026-04-12 12:00:00,9.79,9.79,24529,https://buff.163.com/market/goods?game=csgo&goods_id=886606
Dreams & Nightmares Case,2026-04-15 12:00:00,9.9,9.9,22079,https://buff.163.com/market/goods?game=csgo&goods_id=886606
Dreams & Nightmares Case,2026-04-17 12:00:00,9.89,9.89,20048,https://buff.163.com/market/goods?game=csgo&goods_id=886606
Dreams & Nightmares Case,2026-04-18 12:00:00,9.95,9.95,21551,https://buff.163.com/market/goods?game=csgo&goods_id=886606
Dreams & Nightmares Case,2026-04-21 12:00:00,9.86,9.86,20815,https://buff.163.com/market/goods?game=csgo&goods_id=886606
Dreams & Nightmares Case,2026-04-23 12:00:00,9.68,9.68,22256,https://buff.163.com/market/goods?game=csgo&goods_id=886606
Dreams & Nightmares Case,2026-04-24 12:00:00,9.55,9.55,22316,https://buff.163.com/market/goods?game=csgo&goods_id=886606
Dreams & Nightmares Case,2026-04-27 12:00:00,9.69,9.69,23446,https://buff.163.com/market/goods?game=csgo&goods_id=886606
Dreams & Nightmares Case,2026-04-29 12:00:00,9.57,9.57,24575,https://buff.163.com/market/goods?game=csgo&goods_id=886606
Dreams & Nightmares Case,2026-04-30 12:00:00,9.49,9.49,24670,https://buff.163.com/market/goods?game=csgo&goods_id=886606
Dreams & Nightmares Case,2026-05-03 12:00:00,9.59,9.59,25308,https://buff.163.com/market/goods?game=csgo&goods_id=886606
Dreams & Nightmares Case,2026-05-05 12:00:00,9.4,9.4,26159,https://buff.163.com/market/goods?game=csgo&goods_id=886606
Dreams & Nightmares Case,2026-05-06 12:00:00,9.49,9.49,25791,https://buff.163.com/market/goods?game=csgo&goods_id=886606
Dreams & Nightmares Case,2026-05-09 12:00:00,9.44,9.44,27549,https://buff.163.com/market/goods?game=csgo&goods_id=886606
Dreams & Nightmares Case,2026-05-11 12:00:00,8.79,8.79,29180,https://buff.163.com/market/goods?game=csgo&goods_id=886606
Dreams & Nightmares Case,2026-05-12 12:00:00,9.0,9.0,27796,https://buff.163.com/market/goods?game=csgo&goods_id=886606
Dreams & Nightmares Case,2026-05-15 12:00:00,8.89,8.89,29026,https://buff.163.com/market/goods?game=csgo&goods_id=886606
Dreams & Nightmares Case,2026-05-18 12:00:00,8.89,8.89,29429,https://buff.163.com/market/goods?game=csgo&goods_id=886606
Dreams & Nightmares Case,2026-05-21 12:00:00,8.1,8.1,32338,https://buff.163.com/market/goods?game=csgo&goods_id=886606
Dreams & Nightmares Case,2026-05-24 12:00:00,7.96,7.99,31307,https://buff.163.com/market/goods?game=csgo&goods_id=886606
Dreams & Nightmares Case,2026-05-27 12:00:00,8.0,8.0,31124,https://buff.163.com/market/goods?game=csgo&goods_id=886606
Dreams & Nightmares Case,2026-05-30 12:00:00,8.29,8.23,31250,https://buff.163.com/market/goods?game=csgo&goods_id=886606
Dreams & Nightmares Case,2026-06-02 12:00:00,8.45,8.45,30390,https://buff.163.com/market/goods?game=csgo&goods_id=886606
Dreams & Nightmares Case,2026-06-03 12:00:00,8.2,8.2,32061,https://buff.163.com/market/goods?game=csgo&goods_id=886606
Dreams & Nightmares Case,2026-06-04 12:00:00,8.29,8.29,32886,https://buff.163.com/market/goods?game=csgo&goods_id=886606
Dreams & Nightmares Case,2026-06-05 12:00:00,8.48,8.39,31420,https://buff.163.com/market/goods?game=csgo&goods_id=886606
Dreams & Nightmares Case,2026-06-06 12:00:00,8.39,8.39,31198,https://buff.163.com/market/goods?game=csgo&goods_id=886606
Dreams & Nightmares Case,2026-06-07 12:00:00,8.4,8.4,32536,https://buff.163.com/market/goods?game=csgo&goods_id=886606
Dreams & Nightmares Case,2026-06-08 12:00:00,8.39,8.39,32095,https://buff.163.com/market/goods?game=csgo&goods_id=886606
Dreams & Nightmares Case,2026-06-09 12:00:00,8.39,8.39,32714,https://buff.163.com/market/goods?game=csgo&goods_id=886606
Dreams & Nightmares Case,2026-06-10 12:00:00,8.3,8.3,33343,https://buff.163.com/market/goods?game=csgo&goods_id=886606
Dreams & Nightmares Case,2026-06-11 12:00:00,8.33,8.38,32978,https://buff.163.com/market/goods?game=csgo&goods_id=886606
Dreams & Nightmares Case,2026-06-12 12:00:00,8.29,8.29,34533,https://buff.163.com/market/goods?game=csgo&goods_id=886606
Dreams & Nightmares Case,2026-06-13 12:00:00,8.29,8.29,32995,https://buff.163.com/market/goods?game=csgo&goods_id=886606
Dreams & Nightmares Case,2026-06-14 12:00:00,8.35,8.35,33695,https://buff.163.com/market/goods?game=csgo&goods_id=886606
Dreams & Nightmares Case,2026-06-15 12:00:00,8.35,8.35,33695,https://buff.163.com/market/goods?game=csgo&goods_id=886606
Dreams & Nightmares Case,2026-06-16 12:00:00,8.29,8.29,33727,https://buff.163.com/market/goods?game=csgo&goods_id=886606
Dreams & Nightmares Case,2026-06-17 12:00:00,8.3,8.29,33550,https://buff.163.com/market/goods?game=csgo&goods_id=886606
Dreams & Nightmares Case,2026-06-18 12:00:00,8.28,8.28,34641,https://buff.163.com/market/goods?game=csgo&goods_id=886606
Dreams & Nightmares Case,2026-06-19 12:00:00,8.23,8.23,35131,https://buff.163.com/market/goods?game=csgo&goods_id=886606
Dreams & Nightmares Case,2026-06-20 12:00:00,8.29,8.29,34789,https://buff.163.com/market/goods?game=csgo&goods_id=886606
Dreams & Nightmares Case,2026-06-21 12:00:00,8.28,8.28,35195,https://buff.163.com/market/goods?game=csgo&goods_id=886606
Dreams & Nightmares Case,2026-06-22 12:00:00,8.2,8.2,35763,https://buff.163.com/market/goods?game=csgo&goods_id=886606
Dreams & Nightmares Case,2026-06-23 12:00:00,8.19,8.2,35297,https://buff.163.com/market/goods?game=csgo&goods_id=886606
Dreams & Nightmares Case,2026-06-24 12:00:00,8.19,8.19,36124,https://buff.163.com/market/goods?game=csgo&goods_id=886606
Dreams & Nightmares Case,2026-06-25 12:00:00,8.28,8.28,38285,https://buff.163.com/market/goods?game=csgo&goods_id=886606
Dreams & Nightmares Case,2026-06-26 12:00:00,8.27,8.27,36693,https://buff.163.com/market/goods?game=csgo&goods_id=886606
Dreams & Nightmares Case,2026-06-27 12:00:00,8.19,8.19,37824,https://buff.163.com/market/goods?game=csgo&goods_id=886606
Dreams & Nightmares Case,2026-06-28 12:00:00,8.29,8.29,39416,https://buff.163.com/market/goods?game=csgo&goods_id=886606
Dreams & Nightmares Case,2026-06-29 12:00:00,8.33,8.23,36717,https://buff.163.com/market/goods?game=csgo&goods_id=886606
Dreams & Nightmares Case,2026-06-30 12:00:00,8.36,8.36,37655,https://buff.163.com/market/goods?game=csgo&goods_id=886606
Dreams & Nightmares Case,2026-07-01 12:00:00,8.19,8.19,38226,https://buff.163.com/market/goods?game=csgo&goods_id=886606
Dreams & Nightmares Case,2026-07-02 12:00:00,8.29,8.29,38464,https://buff.163.com/market/goods?game=csgo&goods_id=886606
Dreams & Nightmares Case,2026-07-03 12:00:00,8.29,8.29,38099,https://buff.163.com/market/goods?game=csgo&goods_id=886606
Dreams & Nightmares Case,2026-07-04 12:00:00,8.27,8.27,37693,https://buff.163.com/market/goods?game=csgo&goods_id=886606
Dreams & Nightmares Case,2026-07-05 12:00:00,8.29,8.17,36828,https://buff.163.com/market/goods?game=csgo&goods_id=886606
Dreams & Nightmares Case,2026-07-06 12:00:00,8.29,8.29,37867,https://buff.163.com/market/goods?game=csgo&goods_id=886606
Dreams & Nightmares Case,2026-07-07 12:00:00,8.18,8.18,39160,https://buff.163.com/market/goods?game=csgo&goods_id=886606
Dreams & Nightmares Case,2026-07-08 12:00:00,8.2,8.2,40928,https://buff.163.com/market/goods?game=csgo&goods_id=886606
Dreams & Nightmares Case,2026-07-09 12:00:00,8.2,8.2,40928,https://buff.163.com/market/goods?game=csgo&goods_id=886606
Dreams & Nightmares Case,2026-07-10 12:00:00,8.18,8.18,38232,https://buff.163.com/market/goods?game=csgo&goods_id=886606
Dreams & Nightmares Case,2026-07-11 12:00:00,8.26,8.1,38229,https://buff.163.com/market/goods?game=csgo&goods_id=886606
Dreams & Nightmares Case,2026-07-12 12:00:00,8.19,8.19,38388,https://buff.163.com/market/goods?game=csgo&goods_id=886606
Dreams & Nightmares Case,2026-07-13 12:00:00,8.23,8.23,38058,https://buff.163.com/market/goods?game=csgo&goods_id=886606
Dreams & Nightmares Case,2026-07-14 12:00:00,8.2,8.2,37042,https://buff.163.com/market/goods?game=csgo&goods_id=886606
Dreams & Nightmares Case,2026-07-15 12:00:00,8.09,8.09,38764,https://buff.163.com/market/goods?game=csgo&goods_id=886606
Dreams & Nightmares Case,2026-07-16 12:00:00,8.09,8.09,38628,https://buff.163.com/market/goods?game=csgo&goods_id=886606
Dreams & Nightmares Case,2026-07-17 12:00:00,8.12,8.09,38983,https://buff.163.com/market/goods?game=csgo&goods_id=886606
Dreams & Nightmares Case,2026-07-18 12:00:00,8.17,8.17,38705,https://buff.163.com/market/goods?game=csgo&goods_id=886606
Dreams & Nightmares Case,2026-07-19 12:00:00,8.16,8.16,37371,https://buff.163.com/market/goods?game=csgo&goods_id=886606
Dreams & Nightmares Case,2026-07-20 12:00:00,8.1,8.1,37409,https://buff.163.com/market/goods?game=csgo&goods_id=886606
Dreams & Nightmares Case,2026-07-21 12:00:00,8.16,8.16,37149,https://buff.163.com/market/goods?game=csgo&goods_id=886606
Dreams & Nightmares Case,2026-07-22 12:00:00,8.0,8.0,38958,https://buff.163.com/market/goods?game=csgo&goods_id=886606
Dreams & Nightmares Case,2026-07-23 12:00:00,8.0,7.99,40497,https://buff.163.com/market/goods?game=csgo&goods_id=886606
Dreams & Nightmares Case,2026-07-24 12:00:00,7.99,7.99,40312,https://buff.163.com/market/goods?game=csgo&goods_id=886606
Dreams & Nightmares Case,2026-07-25 12:00:00,8.05,8.05,39923,https://buff.163.com/market/goods?game=csgo&goods_id=886606
Dreams & Nightmares Case,2026-07-26 12:00:00,8.05,8.05,39923,https://buff.163.com/market/goods?game=csgo&goods_id=886606
Dreams & Nightmares Case,2026-07-27 12:00:00,8.0,8.0,40483,https://buff.163.com/market/goods?game=csgo&goods_id=886606
Dreams & Nightmares Case,2026-07-28 12:00:00,7.99,7.99,40061,https://buff.163.com/market/goods?game=csgo&goods_id=886606
Dreams & Nightmares Case,2026-07-29 12:00:00,7.89,7.89,40777,https://buff.163.com/market/goods?game=csgo&goods_id=886606
Dreams & Nightmares Case,2026-07-30 12:00:00,7.85,7.8,40740,https://buff.163.com/market/goods?game=csgo&goods_id=886606
Dreams & Nightmares Case,2026-07-31 12:00:00,7.82,7.82,41110,https://buff.163.com/market/goods?game=csgo&goods_id=886606
Dreams & Nightmares Case,2026-08-01 12:00:00,7.82,7.8,41110,https://buff.163.com/market/goods?game=csgo&goods_id=886606
Dreams & Nightmares Case,2026-08-02 12:00:00,7.89,7.79,41542,https://buff.163.com/market/goods?game=csgo&goods_id=886606
Dreams & Nightmares Case,2026-08-03 12:00:00,7.81,7.79,41255,https://buff.163.com/market/goods?game=csgo&goods_id=886606
Dreams & Nightmares Case,2026-08-04 12:00:00,7.84,7.79,41104,https://buff.163.com/market/goods?game=csgo&goods_id=886606
Dreams & Nightmares Case,2026-08-05 12:00:00,8.11,8.09,38221,https://buff.163.com/market/goods?game=csgo&goods_id=886606
Dreams & Nightmares Case,2026-08-06 12:00:00,8.15,8.09,37495,https://buff.163.com/market/goods?game=csgo&goods_id=886606
Dreams & Nightmares Case,2026-08-07 12:00:00,8.11,8.09,38221,https://buff.163.com/market/goods?game=csgo&goods_id=886606
Dreams & Nightmares Case,2026-08-08 12:00:00,8.11,8.12,39812,https://buff.163.com/market/goods?game=csgo&goods_id=886606
Dreams & Nightmares Case,2026-08-09 12:00:00,8.19,8.19,39128,https://buff.163.com/market/goods?game=csgo&goods_id=886606
Dreams & Nightmares Case,2026-08-10 12:00:00,8.19,8.2,38346,https://buff.163.com/market/goods?game=csgo&goods_id=886606
Dreams & Nightmares Case,2026-08-11 12:00:00,8.1,8.2,38019,https://buff.163.com/market/goods?game=csgo&goods_id=886606
Dreams & Nightmares Case,2026-08-12 12:00:00,8.15,7.99,38415,https://buff.163.com/market/goods?game=csgo&goods_id=886606
Dreams & Nightmares Case,2026-08-13 12:00:00,8.09,8.0,40075,https://buff.163.com/market/goods?game=csgo&goods_id=886606
Dreams & Nightmares Case,2026-08-14 12:00:00,8.0,7.99,41267,https://buff.163.com/market/goods?game=csgo&goods_id=886606
Dreams & Nightmares Case,2026-08-15 12:00:00,8.0,8.0,40718,https://buff.163.com/market/goods?game=csgo&goods_id=886606
Dreams & Nightmares Case,2026-08-16 12:00:00,8.05,8.0,40943,https://buff.163.com/market/goods?game=csgo&goods_id=886606
Dreams & Nightmares Case,2026-08-17 12:00:00,8.08,8.0,41374,https://buff.163.com/market/goods?game=csgo&goods_id=886606
Dreams & Nightmares Case,2026-08-18 12:00:00,8.0,7.79,41011,https://buff.163.com/market/goods?game=csgo&goods_id=886606
Dreams & Nightmares Case,2026-08-19 12:00:00,7.94,7.79,42793,https://buff.163.com/market/goods?game=csgo&goods_id=886606
Dreams & Nightmares Case,2026-08-20 12:00:00,7.8,7.8,42627,https://buff.163.com/market/goods?game=csgo&goods_id=886606
Dreams & Nightmares Case,2026-08-21 12:00:00,7.78,7.7,43547,https://buff.163.com/market/goods?game=csgo&goods_id=886606
Dreams & Nightmares Case,2026-08-22 12:00:00,7.75,7.7,43118,https://buff.163.com/market/goods?game=csgo&goods_id=886606
Dreams & Nightmares Case,2026-08-23 12:00:00,7.78,7.75,42404,https://buff.163.com/market/goods?game=csgo&goods_id=886606
Dreams & Nightmares Case,2026-08-24 12:00:00,7.7,7.7,41963,https://buff.163.com/market/goods?game=csgo&goods_id=886606
Dreams & Nightmares Case,2026-08-25 12:00:00,7.71,7.7,43822,https://buff.163.com/market/goods?game=csgo&goods_id=886606
Dreams & Nightmares Case,2026-08-26 12:00:00,7.64,7.64,44891,https://buff.163.com/market/goods?game=csgo&goods_id=886606
Dreams & Nightmares Case,2026-08-27 12:00:00,7.64,7.59,44682,https://buff.163.com/market/goods?game=csgo&goods_id=886606
Dreams & Nightmares Case,2026-08-28 12:00:00,7.56,7.59,45588,https://buff.163.com/market/goods?game=csgo&goods_id=886606
Dreams & Nightmares Case,2026-08-29 12:00:00,7.6,7.59,44142,https://buff.163.com/market/goods?game=csgo&goods_id=886606
Dreams & Nightmares Case,2026-08-30 12:00:00,7.59,7.59,45013,https://buff.163.com/market/goods?game=csgo&goods_id=886606
Dreams & Nightmares Case,2026-08-31 12:00:00,7.59,7.59,45128,https://buff.163.com/market/goods?game=csgo&goods_id=886606
Sticker | FaZe Clan (Holo) | Paris 2023,2025-08-31 12:00:00,7.73,7.73,1516,https://buff.163.com/market/goods?game=csgo&goods_id=928047
Sticker | FaZe Clan (Holo) | Paris 2023,2025-09-04 12:00:00,8.8,8.8,1443,https://buff.163.com/market/goods?game=csgo&goods_id=928047
Sticker | FaZe Clan (Holo) | Paris 2023,2025-09-10 12:00:00,11.5,11.5,1507,https://buff.163.com/market/goods?game=csgo&goods_id=928047
Sticker | FaZe Clan (Holo) | Paris 2023,2025-09-16 12:00:00,9.12,9.12,1683,https://buff.163.com/market/goods?game=csgo&goods_id=928047
Sticker | FaZe Clan (Holo) | Paris 2023,2025-09-22 12:00:00,9.03,9.03,1576,https://buff.163.com/market/goods?game=csgo&goods_id=928047
Sticker | FaZe Clan (Holo) | Paris 2023,2025-09-28 12:00:00,10.11,10.11,1389,https://buff.163.com/market/goods?game=csgo&goods_id=928047
Sticker | FaZe Clan (Holo) | Paris 2023,2025-10-04 12:00:00,10.0,10.0,1323,https://buff.163.com/market/goods?game=csgo&goods_id=928047
Sticker | FaZe Clan (Holo) | Paris 2023,2025-10-11 12:00:00,11.0,11.0,1237,https://buff.163.com/market/goods?game=csgo&goods_id=928047
Sticker | FaZe Clan (Holo) | Paris 2023,2025-10-17 12:00:00,10.45,10.45,1504,https://buff.163.com/market/goods?game=csgo&goods_id=928047
Sticker | FaZe Clan (Holo) | Paris 2023,2025-10-23 12:00:00,8.35,8.35,1261,https://buff.163.com/market/goods?game=csgo&goods_id=928047
Sticker | FaZe Clan (Holo) | Paris 2023,2025-10-29 12:00:00,7.98,7.98,1222,https://buff.163.com/market/goods?game=csgo&goods_id=928047
Sticker | FaZe Clan (Holo) | Paris 2023,2025-11-04 12:00:00,8.79,8.79,1479,https://buff.163.com/market/goods?game=csgo&goods_id=928047
Sticker | FaZe Clan (Holo) | Paris 2023,2025-11-10 12:00:00,8.57,8.57,1503,https://buff.163.com/market/goods?game=csgo&goods_id=928047
Sticker | FaZe Clan (Holo) | Paris 2023,2025-11-16 12:00:00,9.56,9.56,1393,https://buff.163.com/market/goods?game=csgo&goods_id=928047
Sticker | FaZe Clan (Holo) | Paris 2023,2025-11-22 12:00:00,9.14,9.14,1398,https://buff.163.com/market/goods?game=csgo&goods_id=928047
Sticker | FaZe Clan (Holo) | Paris 2023,2025-11-28 12:00:00,8.82,8.82,1184,https://buff.163.com/market/goods?game=csgo&goods_id=928047
Sticker | FaZe Clan (Holo) | Paris 2023,2025-12-04 12:00:00,8.95,8.95,1110,https://buff.163.com/market/goods?game=csgo&goods_id=928047
Sticker | FaZe Clan (Holo) | Paris 2023,2025-12-10 12:00:00,8.96,8.96,1314,https://buff.163.com/market/goods?game=csgo&goods_id=928047
Sticker | FaZe Clan (Holo) | Paris 2023,2025-12-16 12:00:00,8.91,8.91,1144,https://buff.163.com/market/goods?game=csgo&goods_id=928047
Sticker | FaZe Clan (Holo) | Paris 2023,2025-12-23 12:00:00,8.91,8.91,1306,https://buff.163.com/market/goods?game=csgo&goods_id=928047
Sticker | FaZe Clan (Holo) | Paris 2023,2025-12-29 12:00:00,8.96,8.96,1102,https://buff.163.com/market/goods?game=csgo&goods_id=928047
Sticker | FaZe Clan (Holo) | Paris 2023,2026-01-04 12:00:00,8.95,8.95,1299,https://buff.163.com/market/goods?game=csgo&goods_id=928047
Sticker | FaZe Clan (Holo) | Paris 2023,2026-01-10 12:00:00,8.89,8.89,1298,https://buff.163.com/market/goods?game=csgo&goods_id=928047
Sticker | FaZe Clan (Holo) | Paris 2023,2026-01-16 12:00:00,8.97,8.97,1252,https://buff.163.com/market/goods?game=csgo&goods_id=928047
Sticker | FaZe Clan (Holo) | Paris 2023,2026-01-22 12:00:00,9.19,9.19,1071,https://buff.163.com/market/goods?game=csgo&goods_id=928047
Sticker | FaZe Clan (Holo) | Paris 2023,2026-01-28 12:00:00,8.92,8.92,1300,https://buff.163.com/market/goods?game=csgo&goods_id=928047
Sticker | FaZe Clan (Holo) | Paris 2023,2026-02-03 12:00:00,9.0,9.0,1232,https://buff.163.com/market/goods?game=csgo&goods_id=928047
Sticker | FaZe Clan (Holo) | Paris 2023,2026-02-09 12:00:00,8.99,8.99,1267,https://buff.163.com/market/goods?game=csgo&goods_id=928047
Sticker | FaZe Clan (Holo) | Paris 2023,2026-02-15 12:00:00,9.14,9.14,1195,https://buff.163.com/market/goods?game=csgo&goods_id=928047
Sticker | FaZe Clan (Holo) | Paris 2023,2026-02-21 12:00:00,8.94,8.94,1386,https://buff.163.com/market/goods?game=csgo&goods_id=928047
Sticker | FaZe Clan (Holo) | Paris 2023,2026-02-27 12:00:00,9.15,9.15,1310,https://buff.163.com/market/goods?game=csgo&goods_id=928047
Sticker | FaZe Clan (Holo) | Paris 2023,2026-03-04 12:00:00,9.25,9.25,1385,https://buff.163.com/market/goods?game=csgo&goods_id=928047
Sticker | FaZe Clan (Holo) | Paris 2023,2026-03-06 12:00:00,9.2,9.2,1389,https://buff.163.com/market/goods?game=csgo&goods_id=928047
Sticker | FaZe Clan (Holo) | Paris 2023,2026-03-07 12:00:00,9.44,9.44,1655,https://buff.163.com/market/goods?game=csgo&goods_id=928047
Sticker | FaZe Clan (Holo) | Paris 2023,2026-03-10 12:00:00,9.27,9.27,1664,https://buff.163.com/market/goods?game=csgo&goods_id=928047
Sticker | FaZe Clan (Holo) | Paris 2023,2026-03-12 12:00:00,9.15,9.15,1476,https://buff.163.com/market/goods?game=csgo&goods_id=928047
Sticker | FaZe Clan (Holo) | Paris 2023,2026-03-13 12:00:00,9.28,9.28,1475,https://buff.163.com/market/goods?game=csgo&goods_id=928047
Sticker | FaZe Clan (Holo) | Paris 2023,2026-03-16 12:00:00,9.17,9.17,1444,https://buff.163.com/market/goods?game=csgo&goods_id=928047
Sticker | FaZe Clan (Holo) | Paris 2023,2026-03-18 12:00:00,9.2,9.2,1370,https://buff.163.com/market/goods?game=csgo&goods_id=928047
Sticker | FaZe Clan (Holo) | Paris 2023,2026-03-19 12:00:00,8.99,8.99,1377,https://buff.163.com/market/goods?game=csgo&goods_id=928047
Sticker | FaZe Clan (Holo) | Paris 2023,2026-03-22 12:00:00,9.16,9.16,1349,https://buff.163.com/market/goods?game=csgo&goods_id=928047
Sticker | FaZe Clan (Holo) | Paris 2023,2026-03-24 12:00:00,9.02,9.02,1308,https://buff.163.com/market/goods?game=csgo&goods_id=928047
Sticker | FaZe Clan (Holo) | Paris 2023,2026-03-25 12:00:00,9.1,9.1,1344,https://buff.163.com/market/goods?game=csgo&goods_id=928047
Sticker | FaZe Clan (Holo) | Paris 2023,2026-03-28 12:00:00,9.15,9.15,1379,https://buff.163.com/market/goods?game=csgo&goods_id=928047
Sticker | FaZe Clan (Holo) | Paris 2023,2026-03-30 12:00:00,9.19,9.19,1382,https://buff.163.com/market/goods?game=csgo&goods_id=928047
Sticker | FaZe Clan (Holo) | Paris 2023,2026-03-31 12:00:00,9.13,9.13,1379,https://buff.163.com/market/goods?game=csgo&goods_id=928047
Sticker | FaZe Clan (Holo) | Paris 2023,2026-04-03 12:00:00,9.19,9.19,1347,https://buff.163.com/market/goods?game=csgo&goods_id=928047
Sticker | FaZe Clan (Holo) | Paris 2023,2026-04-05 12:00:00,9.2,9.2,1287,https://buff.163.com/market/goods?game=csgo&goods_id=928047
Sticker | FaZe Clan (Holo) | Paris 2023,2026-04-06 12:00:00,9.2,9.2,1287,https://buff.163.com/market/goods?game=csgo&goods_id=928047
Sticker | FaZe Clan (Holo) | Paris 2023,2026-04-09 12:00:00,9.6,9.6,1204,https://buff.163.com/market/goods?game=csgo&goods_id=928047
Sticker | FaZe Clan (Holo) | Paris 2023,2026-04-11 12:00:00,9.35,9.35,1215,https://buff.163.com/market/goods?game=csgo&goods_id=928047
Sticker | FaZe Clan (Holo) | Paris 2023,2026-04-12 12:00:00,9.28,9.28,1326,https://buff.163.com/market/goods?game=csgo&goods_id=928047
Sticker | FaZe Clan (Holo) | Paris 2023,2026-04-15 12:00:00,9.56,9.56,1222,https://buff.163.com/market/goods?game=csgo&goods_id=928047
Sticker | FaZe Clan (Holo) | Paris 2023,2026-04-17 12:00:00,9.54,9.54,1275,https://buff.163.com/market/goods?game=csgo&goods_id=928047
Sticker | FaZe Clan (Holo) | Paris 2023,2026-04-18 12:00:00,9.39,9.39,1320,https://buff.163.com/market/goods?game=csgo&goods_id=928047
Sticker | FaZe Clan (Holo) | Paris 2023,2026-04-21 12:00:00,8.99,8.99,1244,https://buff.163.com/market/goods?game=csgo&goods_id=928047
Sticker | FaZe Clan (Holo) | Paris 2023,2026-04-23 12:00:00,8.9,8.9,1251,https://buff.163.com/market/goods?game=csgo&goods_id=928047
Sticker | FaZe Clan (Holo) | Paris 2023,2026-04-24 12:00:00,8.78,8.78,1213,https://buff.163.com/market/goods?game=csgo&goods_id=928047
Sticker | FaZe Clan (Holo) | Paris 2023,2026-04-27 12:00:00,9.0,9.0,1129,https://buff.163.com/market/goods?game=csgo&goods_id=928047
Sticker | FaZe Clan (Holo) | Paris 2023,2026-04-29 12:00:00,8.99,8.99,1266,https://buff.163.com/market/goods?game=csgo&goods_id=928047
Sticker | FaZe Clan (Holo) | Paris 2023,2026-04-30 12:00:00,8.99,8.99,1273,https://buff.163.com/market/goods?game=csgo&goods_id=928047
Sticker | FaZe Clan (Holo) | Paris 2023,2026-05-03 12:00:00,8.95,8.95,1278,https://buff.163.com/market/goods?game=csgo&goods_id=928047
Sticker | FaZe Clan (Holo) | Paris 2023,2026-05-05 12:00:00,8.89,8.89,1189,https://buff.163.com/market/goods?game=csgo&goods_id=928047
Sticker | FaZe Clan (Holo) | Paris 2023,2026-05-06 12:00:00,8.88,8.88,1236,https://buff.163.com/market/goods?game=csgo&goods_id=928047
Sticker | FaZe Clan (Holo) | Paris 2023,2026-05-09 12:00:00,8.81,8.81,1187,https://buff.163.com/market/goods?game=csgo&goods_id=928047
Sticker | FaZe Clan (Holo) | Paris 2023,2026-05-11 12:00:00,8.8,8.8,1197,https://buff.163.com/market/goods?game=csgo&goods_id=928047
Sticker | FaZe Clan (Holo) | Paris 2023,2026-05-12 12:00:00,8.87,8.87,1201,https://buff.163.com/market/goods?game=csgo&goods_id=928047
Sticker | FaZe Clan (Holo) | Paris 2023,2026-05-15 12:00:00,8.44,8.44,1227,https://buff.163.com/market/goods?game=csgo&goods_id=928047
Sticker | FaZe Clan (Holo) | Paris 2023,2026-05-18 12:00:00,8.15,8.13,1285,https://buff.163.com/market/goods?game=csgo&goods_id=928047
Sticker | FaZe Clan (Holo) | Paris 2023,2026-05-21 12:00:00,8.15,8.15,1287,https://buff.163.com/market/goods?game=csgo&goods_id=928047
Sticker | FaZe Clan (Holo) | Paris 2023,2026-05-24 12:00:00,8.34,8.58,1235,https://buff.163.com/market/goods?game=csgo&goods_id=928047
Sticker | FaZe Clan (Holo) | Paris 2023,2026-05-27 12:00:00,8.45,8.45,1222,https://buff.163.com/market/goods?game=csgo&goods_id=928047
Sticker | FaZe Clan (Holo) | Paris 2023,2026-05-30 12:00:00,8.88,8.6,1152,https://buff.163.com/market/goods?game=csgo&goods_id=928047
Sticker | FaZe Clan (Holo) | Paris 2023,2026-06-02 12:00:00,8.98,8.98,1127,https://buff.163.com/market/goods?game=csgo&goods_id=928047
Sticker | FaZe Clan (Holo) | Paris 2023,2026-06-03 12:00:00,8.72,8.72,1283,https://buff.163.com/market/goods?game=csgo&goods_id=928047
Sticker | FaZe Clan (Holo) | Paris 2023,2026-06-04 12:00:00,8.15,8.15,1321,https://buff.163.com/market/goods?game=csgo&goods_id=928047
Sticker | FaZe Clan (Holo) | Paris 2023,2026-06-05 12:00:00,8.16,8.14,1304,https://buff.163.com/market/goods?game=csgo&goods_id=928047
Sticker | FaZe Clan (Holo) | Paris 2023,2026-06-06 12:00:00,8.14,8.14,1311,https://buff.163.com/market/goods?game=csgo&goods_id=928047
Sticker | FaZe Clan (Holo) | Paris 2023,2026-06-07 12:00:00,8.69,8.69,1286,https://buff.163.com/market/goods?game=csgo&goods_id=928047
Sticker | FaZe Clan (Holo) | Paris 2023,2026-06-08 12:00:00,8.71,8.71,1286,https://buff.163.com/market/goods?game=csgo&goods_id=928047
Sticker | FaZe Clan (Holo) | Paris 2023,2026-06-09 12:00:00,8.6,8.6,1392,https://buff.163.com/market/goods?game=csgo&goods_id=928047
Sticker | FaZe Clan (Holo) | Paris 2023,2026-06-10 12:00:00,8.82,8.82,1370,https://buff.163.com/market/goods?game=csgo&goods_id=928047
Sticker | FaZe Clan (Holo) | Paris 2023,2026-06-11 12:00:00,8.57,8.73,1320,https://buff.163.com/market/goods?game=csgo&goods_id=928047
Sticker | FaZe Clan (Holo) | Paris 2023,2026-06-12 12:00:00,8.68,8.68,1321,https://buff.163.com/market/goods?game=csgo&goods_id=928047
Sticker | FaZe Clan (Holo) | Paris 2023,2026-06-13 12:00:00,8.49,8.49,1322,https://buff.163.com/market/goods?game=csgo&goods_id=928047
Sticker | FaZe Clan (Holo) | Paris 2023,2026-06-14 12:00:00,8.48,8.48,1290,https://buff.163.com/market/goods?game=csgo&goods_id=928047
Sticker | FaZe Clan (Holo) | Paris 2023,2026-06-15 12:00:00,8.47,8.47,1313,https://buff.163.com/market/goods?game=csgo&goods_id=928047
Sticker | FaZe Clan (Holo) | Paris 2023,2026-06-16 12:00:00,8.38,8.38,1319,https://buff.163.com/market/goods?game=csgo&goods_id=928047
Sticker | FaZe Clan (Holo) | Paris 2023,2026-06-17 12:00:00,8.15,8.38,1322,https://buff.163.com/market/goods?game=csgo&goods_id=928047
Sticker | FaZe Clan (Holo) | Paris 2023,2026-06-18 12:00:00,8.14,8.14,1326,https://buff.163.com/market/goods?game=csgo&goods_id=928047
Sticker | FaZe Clan (Holo) | Paris 2023,2026-06-19 12:00:00,8.19,8.19,1327,https://buff.163.com/market/goods?game=csgo&goods_id=928047
Sticker | FaZe Clan (Holo) | Paris 2023,2026-06-20 12:00:00,8.27,8.27,1324,https://buff.163.com/market/goods?game=csgo&goods_id=928047
Sticker | FaZe Clan (Holo) | Paris 2023,2026-06-21 12:00:00,8.16,8.16,1319,https://buff.163.com/market/goods?game=csgo&goods_id=928047
Sticker | FaZe Clan (Holo) | Paris 2023,2026-06-22 12:00:00,8.67,8.67,1297,https://buff.163.com/market/goods?game=csgo&goods_id=928047
Sticker | FaZe Clan (Holo) | Paris 2023,2026-06-23 12:00:00,8.79,8.5,1287,https://buff.163.com/market/goods?game=csgo&goods_id=928047
Sticker | FaZe Clan (Holo) | Paris 2023,2026-06-24 12:00:00,8.5,8.5,1304,https://buff.163.com/market/goods?game=csgo&goods_id=928047
Sticker | FaZe Clan (Holo) | Paris 2023,2026-06-25 12:00:00,8.84,8.84,1279,https://buff.163.com/market/goods?game=csgo&goods_id=928047
Sticker | FaZe Clan (Holo) | Paris 2023,2026-06-26 12:00:00,8.85,8.85,1278,https://buff.163.com/market/goods?game=csgo&goods_id=928047
Sticker | FaZe Clan (Holo) | Paris 2023,2026-06-27 12:00:00,8.85,8.85,1278,https://buff.163.com/market/goods?game=csgo&goods_id=928047
Sticker | FaZe Clan (Holo) | Paris 2023,2026-06-28 12:00:00,8.66,8.66,1280,https://buff.163.com/market/goods?game=csgo&goods_id=928047
Sticker | FaZe Clan (Holo) | Paris 2023,2026-06-29 12:00:00,8.61,8.62,1411,https://buff.163.com/market/goods?game=csgo&goods_id=928047
Sticker | FaZe Clan (Holo) | Paris 2023,2026-06-30 12:00:00,8.61,8.61,1411,https://buff.163.com/market/goods?game=csgo&goods_id=928047
Sticker | FaZe Clan (Holo) | Paris 2023,2026-07-01 12:00:00,8.6,8.6,1408,https://buff.163.com/market/goods?game=csgo&goods_id=928047
Sticker | FaZe Clan (Holo) | Paris 2023,2026-07-02 12:00:00,8.5,8.5,1384,https://buff.163.com/market/goods?game=csgo&goods_id=928047
Sticker | FaZe Clan (Holo) | Paris 2023,2026-07-03 12:00:00,8.48,8.48,1374,https://buff.163.com/market/goods?game=csgo&goods_id=928047
Sticker | FaZe Clan (Holo) | Paris 2023,2026-07-04 12:00:00,8.22,8.22,1451,https://buff.163.com/market/goods?game=csgo&goods_id=928047
Sticker | FaZe Clan (Holo) | Paris 2023,2026-07-05 12:00:00,8.22,8.2,1451,https://buff.163.com/market/goods?game=csgo&goods_id=928047
Sticker | FaZe Clan (Holo) | Paris 2023,2026-07-06 12:00:00,8.18,8.18,1433,https://buff.163.com/market/goods?game=csgo&goods_id=928047
Sticker | FaZe Clan (Holo) | Paris 2023,2026-07-07 12:00:00,8.15,8.15,1403,https://buff.163.com/market/goods?game=csgo&goods_id=928047
Sticker | FaZe Clan (Holo) | Paris 2023,2026-07-08 12:00:00,8.13,8.13,1409,https://buff.163.com/market/goods?game=csgo&goods_id=928047
Sticker | FaZe Clan (Holo) | Paris 2023,2026-07-09 12:00:00,8.12,8.12,1413,https://buff.163.com/market/goods?game=csgo&goods_id=928047
Sticker | FaZe Clan (Holo) | Paris 2023,2026-07-10 12:00:00,7.67,7.67,1479,https://buff.163.com/market/goods?game=csgo&goods_id=928047
Sticker | FaZe Clan (Holo) | Paris 2023,2026-07-11 12:00:00,7.66,7.63,1484,https://buff.163.com/market/goods?game=csgo&goods_id=928047
Sticker | FaZe Clan (Holo) | Paris 2023,2026-07-12 12:00:00,7.69,7.69,1463,https://buff.163.com/market/goods?game=csgo&goods_id=928047
Sticker | FaZe Clan (Holo) | Paris 2023,2026-07-13 12:00:00,7.5,7.5,1355,https://buff.163.com/market/goods?game=csgo&goods_id=928047
Sticker | FaZe Clan (Holo) | Paris 2023,2026-07-14 12:00:00,7.58,7.58,1335,https://buff.163.com/market/goods?game=csgo&goods_id=928047
Sticker | FaZe Clan (Holo) | Paris 2023,2026-07-15 12:00:00,7.6,7.6,1331,https://buff.163.com/market/goods?game=csgo&goods_id=928047
Sticker | FaZe Clan (Holo) | Paris 2023,2026-07-16 12:00:00,7.38,7.38,1388,https://buff.163.com/market/goods?game=csgo&goods_id=928047
Sticker | FaZe Clan (Holo) | Paris 2023,2026-07-17 12:00:00,7.38,7.3,1383,https://buff.163.com/market/goods?game=csgo&goods_id=928047
Sticker | FaZe Clan (Holo) | Paris 2023,2026-07-18 12:00:00,7.29,7.29,1388,https://buff.163.com/market/goods?game=csgo&goods_id=928047
Sticker | FaZe Clan (Holo) | Paris 2023,2026-07-19 12:00:00,7.34,7.34,1366,https://buff.163.com/market/goods?game=csgo&goods_id=928047
Sticker | FaZe Clan (Holo) | Paris 2023,2026-07-20 12:00:00,7.29,7.29,1381,https://buff.163.com/market/goods?game=csgo&goods_id=928047
Sticker | FaZe Clan (Holo) | Paris 2023,2026-07-21 12:00:00,7.2,7.2,1376,https://buff.163.com/market/goods?game=csgo&goods_id=928047
Sticker | FaZe Clan (Holo) | Paris 2023,2026-07-22 12:00:00,7.24,7.24,1375,https://buff.163.com/market/goods?game=csgo&goods_id=928047
Sticker | FaZe Clan (Holo) | Paris 2023,2026-07-23 12:00:00,7.27,7.04,1365,https://buff.163.com/market/goods?game=csgo&goods_id=928047
Sticker | FaZe Clan (Holo) | Paris 2023,2026-07-24 12:00:00,7.14,7.14,1589,https://buff.163.com/market/goods?game=csgo&goods_id=928047
Sticker | FaZe Clan (Holo) | Paris 2023,2026-07-25 12:00:00,6.97,6.97,1563,https://buff.163.com/market/goods?game=csgo&goods_id=928047
Sticker | FaZe Clan (Holo) | Paris 2023,2026-07-26 12:00:00,7.08,7.08,1551,https://buff.163.com/market/goods?game=csgo&goods_id=928047
Sticker | FaZe Clan (Holo) | Paris 2023,2026-07-27 12:00:00,7.04,7.04,1553,https://buff.163.com/market/goods?game=csgo&goods_id=928047
Sticker | FaZe Clan (Holo) | Paris 2023,2026-07-28 12:00:00,7.03,7.03,1561,https://buff.163.com/market/goods?game=csgo&goods_id=928047
Sticker | FaZe Clan (Holo) | Paris 2023,2026-07-29 12:00:00,6.99,6.99,1599,https://buff.163.com/market/goods?game=csgo&goods_id=928047
Sticker | FaZe Clan (Holo) | Paris 2023,2026-07-30 12:00:00,7.06,6.99,1600,https://buff.163.com/market/goods?game=csgo&goods_id=928047
Sticker | FaZe Clan (Holo) | Paris 2023,2026-07-31 12:00:00,6.97,6.97,1467,https://buff.163.com/market/goods?game=csgo&goods_id=928047
Sticker | FaZe Clan (Holo) | Paris 2023,2026-08-01 12:00:00,6.7,7.09,1457,https://buff.163.com/market/goods?game=csgo&goods_id=928047
Sticker | FaZe Clan (Holo) | Paris 2023,2026-08-02 12:00:00,7.04,7.03,1457,https://buff.163.com/market/goods?game=csgo&goods_id=928047
Sticker | FaZe Clan (Holo) | Paris 2023,2026-08-03 12:00:00,7.03,6.9,1448,https://buff.163.com/market/goods?game=csgo&goods_id=928047
Sticker | FaZe Clan (Holo) | Paris 2023,2026-08-04 12:00:00,6.87,6.94,1461,https://buff.163.com/market/goods?game=csgo&goods_id=928047
Sticker | FaZe Clan (Holo) | Paris 2023,2026-08-05 12:00:00,7.0,7.02,1421,https://buff.163.com/market/goods?game=csgo&goods_id=928047
Sticker | FaZe Clan (Holo) | Paris 2023,2026-08-06 12:00:00,6.98,7.01,1433,https://buff.163.com/market/goods?game=csgo&goods_id=928047
Sticker | FaZe Clan (Holo) | Paris 2023,2026-08-07 12:00:00,7.0,6.99,1421,https://buff.163.com/market/goods?game=csgo&goods_id=928047
Sticker | FaZe Clan (Holo) | Paris 2023,2026-08-08 12:00:00,7.04,6.99,1407,https://buff.163.com/market/goods?game=csgo&goods_id=928047
Sticker | FaZe Clan (Holo) | Paris 2023,2026-08-09 12:00:00,6.96,6.95,1247,https://buff.163.com/market/goods?game=csgo&goods_id=928047
Sticker | FaZe Clan (Holo) | Paris 2023,2026-08-10 12:00:00,6.95,6.88,1262,https://buff.163.com/market/goods?game=csgo&goods_id=928047
Sticker | FaZe Clan (Holo) | Paris 2023,2026-08-11 12:00:00,6.79,6.88,1275,https://buff.163.com/market/goods?game=csgo&goods_id=928047
Sticker | FaZe Clan (Holo) | Paris 2023,2026-08-12 12:00:00,6.85,6.8,1270,https://buff.163.com/market/goods?game=csgo&goods_id=928047
Sticker | FaZe Clan (Holo) | Paris 2023,2026-08-13 12:00:00,6.79,6.88,1299,https://buff.163.com/market/goods?game=csgo&goods_id=928047
Sticker | FaZe Clan (Holo) | Paris 2023,2026-08-14 12:00:00,6.87,6.82,1296,https://buff.163.com/market/goods?game=csgo&goods_id=928047
Sticker | FaZe Clan (Holo) | Paris 2023,2026-08-15 12:00:00,6.81,6.78,1373,https://buff.163.com/market/goods?game=csgo&goods_id=928047
Sticker | FaZe Clan (Holo) | Paris 2023,2026-08-16 12:00:00,6.78,6.83,1375,https://buff.163.com/market/goods?game=csgo&goods_id=928047
Sticker | FaZe Clan (Holo) | Paris 2023,2026-08-17 12:00:00,6.78,6.78,1369,https://buff.163.com/market/goods?game=csgo&goods_id=928047
Sticker | FaZe Clan (Holo) | Paris 2023,2026-08-18 12:00:00,6.68,6.47,1348,https://buff.163.com/market/goods?game=csgo&goods_id=928047
Sticker | FaZe Clan (Holo) | Paris 2023,2026-08-19 12:00:00,6.5,6.4,1358,https://buff.163.com/market/goods?game=csgo&goods_id=928047
Sticker | FaZe Clan (Holo) | Paris 2023,2026-08-20 12:00:00,6.24,6.2,1386,https://buff.163.com/market/goods?game=csgo&goods_id=928047
Sticker | FaZe Clan (Holo) | Paris 2023,2026-08-21 12:00:00,6.09,6.15,1457,https://buff.163.com/market/goods?game=csgo&goods_id=928047
Sticker | FaZe Clan (Holo) | Paris 2023,2026-08-22 12:00:00,6.15,6.35,1362,https://buff.163.com/market/goods?game=csgo&goods_id=928047
Sticker | FaZe Clan (Holo) | Paris 2023,2026-08-23 12:00:00,6.1,6.0,1391,https://buff.163.com/market/goods?game=csgo&goods_id=928047
Sticker | FaZe Clan (Holo) | Paris 2023,2026-08-24 12:00:00,5.98,5.87,1404,https://buff.163.com/market/goods?game=csgo&goods_id=928047
Sticker | FaZe Clan (Holo) | Paris 2023,2026-08-25 12:00:00,5.89,6.25,1372,https://buff.163.com/market/goods?game=csgo&goods_id=928047
Sticker | FaZe Clan (Holo) | Paris 2023,2026-08-26 12:00:00,6.26,6.26,1417,https://buff.163.com/market/goods?game=csgo&goods_id=928047
Sticker | FaZe Clan (Holo) | Paris 2023,2026-08-27 12:00:00,6.3,6.2,1409,https://buff.163.com/market/goods?game=csgo&goods_id=928047
Sticker | FaZe Clan (Holo) | Paris 2023,2026-08-28 12:00:00,6.39,6.26,1407,https://buff.163.com/market/goods?game=csgo&goods_id=928047
Sticker | FaZe Clan (Holo) | Paris 2023,2026-08-29 12:00:00,6.39,6.36,1378,https://buff.163.com/market/goods?game=csgo&goods_id=928047
Sticker | FaZe Clan (Holo) | Paris 2023,2026-08-30 12:00:00,6.29,6.29,1394,https://buff.163.com/market/goods?game=csgo&goods_id=928047
Sticker | FaZe Clan (Holo) | Paris 2023,2026-08-31 12:00:00,6.0,6.0,1333,https://buff.163.com/market/goods?game=csgo&goods_id=928047
M4A1-S | Decimator (Factory New),2025-08-31 12:00:00,530.0,530.0,141,https://buff.163.com/market/goods?game=csgo&goods_id=35197
M4A1-S | Decimator (Factory New),2025-09-04 12:00:00,655.0,655.0,115,https://buff.163.com/market/goods?game=csgo&goods_id=35197
M4A1-S | Decimator (Factory New),2025-09-10 12:00:00,925.0,925.0,61,https://buff.163.com/market/goods?game=csgo&goods_id=35197
M4A1-S | Decimator (Factory New),2025-09-16 12:00:00,638.0,638.0,190,https://buff.163.com/market/goods?game=csgo&goods_id=35197
M4A1-S | Decimator (Factory New),2025-09-22 12:00:00,678.5,678.5,248,https://buff.163.com/market/goods?game=csgo&goods_id=35197
M4A1-S | Decimator (Factory New),2025-09-28 12:00:00,772.0,772.0,242,https://buff.163.com/market/goods?game=csgo&goods_id=35197
M4A1-S | Decimator (Factory New),2025-10-04 12:00:00,766.39,766.39,265,https://buff.163.com/market/goods?game=csgo&goods_id=35197
M4A1-S | Decimator (Factory New),2025-10-11 12:00:00,778.0,778.0,229,https://buff.163.com/market/goods?game=csgo&goods_id=35197
M4A1-S | Decimator (Factory New),2025-10-17 12:00:00,665.5,665.5,287,https://buff.163.com/market/goods?game=csgo&goods_id=35197
M4A1-S | Decimator (Factory New),2025-10-23 12:00:00,369.5,369.5,283,https://buff.163.com/market/goods?game=csgo&goods_id=35197
M4A1-S | Decimator (Factory New),2025-10-29 12:00:00,394.5,394.5,304,https://buff.163.com/market/goods?game=csgo&goods_id=35197
M4A1-S | Decimator (Factory New),2025-11-04 12:00:00,470.0,470.0,365,https://buff.163.com/market/goods?game=csgo&goods_id=35197
M4A1-S | Decimator (Factory New),2025-11-10 12:00:00,455.0,455.0,378,https://buff.163.com/market/goods?game=csgo&goods_id=35197
M4A1-S | Decimator (Factory New),2025-11-16 12:00:00,550.0,550.0,331,https://buff.163.com/market/goods?game=csgo&goods_id=35197
M4A1-S | Decimator (Factory New),2025-11-22 12:00:00,577.5,577.5,314,https://buff.163.com/market/goods?game=csgo&goods_id=35197
M4A1-S | Decimator (Factory New),2025-11-28 12:00:00,590.0,590.0,326,https://buff.163.com/market/goods?game=csgo&goods_id=35197
M4A1-S | Decimator (Factory New),2025-12-04 12:00:00,507.5,507.5,366,https://buff.163.com/market/goods?game=csgo&goods_id=35197
M4A1-S | Decimator (Factory New),2025-12-10 12:00:00,503.0,503.0,388,https://buff.163.com/market/goods?game=csgo&goods_id=35197
M4A1-S | Decimator (Factory New),2025-12-16 12:00:00,490.0,490.0,375,https://buff.163.com/market/goods?game=csgo&goods_id=35197
M4A1-S | Decimator (Factory New),2025-12-23 12:00:00,508.49,508.49,374,https://buff.163.com/market/goods?game=csgo&goods_id=35197
M4A1-S | Decimator (Factory New),2025-12-29 12:00:00,610.0,610.0,323,https://buff.163.com/market/goods?game=csgo&goods_id=35197
M4A1-S | Decimator (Factory New),2026-01-04 12:00:00,624.0,624.0,317,https://buff.163.com/market/goods?game=csgo&goods_id=35197
M4A1-S | Decimator (Factory New),2026-01-10 12:00:00,619.5,619.5,346,https://buff.163.com/market/goods?game=csgo&goods_id=35197
M4A1-S | Decimator (Factory New),2026-01-16 12:00:00,628.5,628.5,295,https://buff.163.com/market/goods?game=csgo&goods_id=35197
M4A1-S | Decimator (Factory New),2026-01-22 12:00:00,599.5,599.5,309,https://buff.163.com/market/goods?game=csgo&goods_id=35197
M4A1-S | Decimator (Factory New),2026-01-28 12:00:00,605.86,605.86,312,https://buff.163.com/market/goods?game=csgo&goods_id=35197
M4A1-S | Decimator (Factory New),2026-02-03 12:00:00,593.0,593.0,334,https://buff.163.com/market/goods?game=csgo&goods_id=35197
M4A1-S | Decimator (Factory New),2026-02-09 12:00:00,565.0,565.0,344,https://buff.163.com/market/goods?game=csgo&goods_id=35197
M4A1-S | Decimator (Factory New),2026-02-15 12:00:00,588.0,588.0,339,https://buff.163.com/market/goods?game=csgo&goods_id=35197
M4A1-S | Decimator (Factory New),2026-02-21 12:00:00,599.0,599.0,335,https://buff.163.com/market/goods?game=csgo&goods_id=35197
M4A1-S | Decimator (Factory New),2026-02-27 12:00:00,587.0,587.0,338,https://buff.163.com/market/goods?game=csgo&goods_id=35197
M4A1-S | Decimator (Factory New),2026-03-04 12:00:00,589.0,589.0,338,https://buff.163.com/market/goods?game=csgo&goods_id=35197
M4A1-S | Decimator (Factory New),2026-03-06 12:00:00,600.0,600.0,335,https://buff.163.com/market/goods?game=csgo&goods_id=35197
M4A1-S | Decimator (Factory New),2026-03-07 12:00:00,604.99,604.99,328,https://buff.163.com/market/goods?game=csgo&goods_id=35197
M4A1-S | Decimator (Factory New),2026-03-10 12:00:00,599.0,599.0,348,https://buff.163.com/market/goods?game=csgo&goods_id=35197
M4A1-S | Decimator (Factory New),2026-03-12 12:00:00,601.0,601.0,328,https://buff.163.com/market/goods?game=csgo&goods_id=35197
M4A1-S | Decimator (Factory New),2026-03-13 12:00:00,604.0,604.0,321,https://buff.163.com/market/goods?game=csgo&goods_id=35197
M4A1-S | Decimator (Factory New),2026-03-16 12:00:00,697.5,697.5,254,https://buff.163.com/market/goods?game=csgo&goods_id=35197
M4A1-S | Decimator (Factory New),2026-03-18 12:00:00,688.5,688.5,247,https://buff.163.com/market/goods?game=csgo&goods_id=35197
M4A1-S | Decimator (Factory New),2026-03-19 12:00:00,680.0,680.0,251,https://buff.163.com/market/goods?game=csgo&goods_id=35197
M4A1-S | Decimator (Factory New),2026-03-22 12:00:00,635.0,635.0,261,https://buff.163.com/market/goods?game=csgo&goods_id=35197
M4A1-S | Decimator (Factory New),2026-03-24 12:00:00,617.0,617.0,283,https://buff.163.com/market/goods?game=csgo&goods_id=35197
M4A1-S | Decimator (Factory New),2026-03-25 12:00:00,626.0,626.0,276,https://buff.163.com/market/goods?game=csgo&goods_id=35197
M4A1-S | Decimator (Factory New),2026-03-28 12:00:00,608.0,608.0,288,https://buff.163.com/market/goods?game=csgo&goods_id=35197
M4A1-S | Decimator (Factory New),2026-03-30 12:00:00,597.5,597.5,296,https://buff.163.com/market/goods?game=csgo&goods_id=35197
M4A1-S | Decimator (Factory New),2026-03-31 12:00:00,595.0,595.0,295,https://buff.163.com/market/goods?game=csgo&goods_id=35197
M4A1-S | Decimator (Factory New),2026-04-03 12:00:00,592.99,592.99,306,https://buff.163.com/market/goods?game=csgo&goods_id=35197
M4A1-S | Decimator (Factory New),2026-04-05 12:00:00,581.0,581.0,327,https://buff.163.com/market/goods?game=csgo&goods_id=35197
M4A1-S | Decimator (Factory New),2026-04-06 12:00:00,581.0,581.0,327,https://buff.163.com/market/goods?game=csgo&goods_id=35197
M4A1-S | Decimator (Factory New),2026-04-09 12:00:00,569.5,569.5,329,https://buff.163.com/market/goods?game=csgo&goods_id=35197
M4A1-S | Decimator (Factory New),2026-04-11 12:00:00,554.0,554.0,328,https://buff.163.com/market/goods?game=csgo&goods_id=35197
M4A1-S | Decimator (Factory New),2026-04-12 12:00:00,555.0,555.0,340,https://buff.163.com/market/goods?game=csgo&goods_id=35197
M4A1-S | Decimator (Factory New),2026-04-15 12:00:00,525.5,525.5,330,https://buff.163.com/market/goods?game=csgo&goods_id=35197
M4A1-S | Decimator (Factory New),2026-04-17 12:00:00,499.0,499.0,344,https://buff.163.com/market/goods?game=csgo&goods_id=35197
M4A1-S | Decimator (Factory New),2026-04-18 12:00:00,523.0,523.0,337,https://buff.163.com/market/goods?game=csgo&goods_id=35197
M4A1-S | Decimator (Factory New),2026-04-21 12:00:00,482.5,482.5,346,https://buff.163.com/market/goods?game=csgo&goods_id=35197
M4A1-S | Decimator (Factory New),2026-04-23 12:00:00,479.47,479.47,361,https://buff.163.com/market/goods?game=csgo&goods_id=35197
M4A1-S | Decimator (Factory New),2026-04-24 12:00:00,506.7,506.7,332,https://buff.163.com/market/goods?game=csgo&goods_id=35197
M4A1-S | Decimator (Factory New),2026-04-27 12:00:00,470.0,470.0,358,https://buff.163.com/market/goods?game=csgo&goods_id=35197
M4A1-S | Decimator (Factory New),2026-04-29 12:00:00,465.99,465.99,352,https://buff.163.com/market/goods?game=csgo&goods_id=35197
M4A1-S | Decimator (Factory New),2026-04-30 12:00:00,488.0,488.0,339,https://buff.163.com/market/goods?game=csgo&goods_id=35197
M4A1-S | Decimator (Factory New),2026-05-03 12:00:00,467.99,467.99,349,https://buff.163.com/market/goods?game=csgo&goods_id=35197
M4A1-S | Decimator (Factory New),2026-05-05 12:00:00,444.9,444.9,367,https://buff.163.com/market/goods?game=csgo&goods_id=35197
M4A1-S | Decimator (Factory New),2026-05-06 12:00:00,448.99,448.99,363,https://buff.163.com/market/goods?game=csgo&goods_id=35197
M4A1-S | Decimator (Factory New),2026-05-09 12:00:00,414.5,414.5,381,https://buff.163.com/market/goods?game=csgo&goods_id=35197
M4A1-S | Decimator (Factory New),2026-05-11 12:00:00,399.5,399.5,365,https://buff.163.com/market/goods?game=csgo&goods_id=35197
M4A1-S | Decimator (Factory New),2026-05-12 12:00:00,400.0,400.0,365,https://buff.163.com/market/goods?game=csgo&goods_id=35197
M4A1-S | Decimator (Factory New),2026-05-15 12:00:00,403.0,403.0,367,https://buff.163.com/market/goods?game=csgo&goods_id=35197
M4A1-S | Decimator (Factory New),2026-05-18 12:00:00,400.49,404.49,369,https://buff.163.com/market/goods?game=csgo&goods_id=35197
M4A1-S | Decimator (Factory New),2026-05-21 12:00:00,381.99,381.99,371,https://buff.163.com/market/goods?game=csgo&goods_id=35197
M4A1-S | Decimator (Factory New),2026-05-24 12:00:00,337.4,294.0,356,https://buff.163.com/market/goods?game=csgo&goods_id=35197
M4A1-S | Decimator (Factory New),2026-05-27 12:00:00,375.5,375.5,334,https://buff.163.com/market/goods?game=csgo&goods_id=35197
M4A1-S | Decimator (Factory New),2026-05-30 12:00:00,380.99,379.5,367,https://buff.163.com/market/goods?game=csgo&goods_id=35197
M4A1-S | Decimator (Factory New),2026-06-02 12:00:00,394.49,394.49,356,https://buff.163.com/market/goods?game=csgo&goods_id=35197
M4A1-S | Decimator (Factory New),2026-06-03 12:00:00,439.0,439.0,317,https://buff.163.com/market/goods?game=csgo&goods_id=35197
M4A1-S | Decimator (Factory New),2026-06-04 12:00:00,442.87,442.87,317,https://buff.163.com/market/goods?game=csgo&goods_id=35197
M4A1-S | Decimator (Factory New),2026-06-05 12:00:00,434.5,435.0,319,https://buff.163.com/market/goods?game=csgo&goods_id=35197
M4A1-S | Decimator (Factory New),2026-06-06 12:00:00,434.5,434.5,327,https://buff.163.com/market/goods?game=csgo&goods_id=35197
M4A1-S | Decimator (Factory New),2026-06-07 12:00:00,437.99,437.99,323,https://buff.163.com/market/goods?game=csgo&goods_id=35197
M4A1-S | Decimator (Factory New),2026-06-08 12:00:00,469.0,469.0,304,https://buff.163.com/market/goods?game=csgo&goods_id=35197
M4A1-S | Decimator (Factory New),2026-06-09 12:00:00,469.0,469.0,304,https://buff.163.com/market/goods?game=csgo&goods_id=35197
M4A1-S | Decimator (Factory New),2026-06-10 12:00:00,458.0,458.0,312,https://buff.163.com/market/goods?game=csgo&goods_id=35197
M4A1-S | Decimator (Factory New),2026-06-11 12:00:00,413.98,413.98,321,https://buff.163.com/market/goods?game=csgo&goods_id=35197
M4A1-S | Decimator (Factory New),2026-06-12 12:00:00,413.98,413.98,319,https://buff.163.com/market/goods?game=csgo&goods_id=35197
M4A1-S | Decimator (Factory New),2026-06-13 12:00:00,423.99,423.99,328,https://buff.163.com/market/goods?game=csgo&goods_id=35197
M4A1-S | Decimator (Factory New),2026-06-14 12:00:00,399.0,399.0,340,https://buff.163.com/market/goods?game=csgo&goods_id=35197
M4A1-S | Decimator (Factory New),2026-06-15 12:00:00,398.49,398.49,345,https://buff.163.com/market/goods?game=csgo&goods_id=35197
M4A1-S | Decimator (Factory New),2026-06-16 12:00:00,425.0,425.0,338,https://buff.163.com/market/goods?game=csgo&goods_id=35197
M4A1-S | Decimator (Factory New),2026-06-17 12:00:00,390.0,407.0,362,https://buff.163.com/market/goods?game=csgo&goods_id=35197
M4A1-S | Decimator (Factory New),2026-06-18 12:00:00,398.5,398.5,358,https://buff.163.com/market/goods?game=csgo&goods_id=35197
M4A1-S | Decimator (Factory New),2026-06-19 12:00:00,369.5,369.5,360,https://buff.163.com/market/goods?game=csgo&goods_id=35197
M4A1-S | Decimator (Factory New),2026-06-20 12:00:00,377.5,377.5,371,https://buff.163.com/market/goods?game=csgo&goods_id=35197
M4A1-S | Decimator (Factory New),2026-06-21 12:00:00,377.5,377.5,371,https://buff.163.com/market/goods?game=csgo&goods_id=35197
M4A1-S | Decimator (Factory New),2026-06-22 12:00:00,390.0,390.0,352,https://buff.163.com/market/goods?game=csgo&goods_id=35197
M4A1-S | Decimator (Factory New),2026-06-23 12:00:00,404.0,400.0,346,https://buff.163.com/market/goods?game=csgo&goods_id=35197
M4A1-S | Decimator (Factory New),2026-06-24 12:00:00,404.5,404.5,348,https://buff.163.com/market/goods?game=csgo&goods_id=35197
M4A1-S | Decimator (Factory New),2026-06-25 12:00:00,404.5,404.5,343,https://buff.163.com/market/goods?game=csgo&goods_id=35197
M4A1-S | Decimator (Factory New),2026-06-26 12:00:00,400.0,400.0,358,https://buff.163.com/market/goods?game=csgo&goods_id=35197
M4A1-S | Decimator (Factory New),2026-06-27 12:00:00,397.9,397.9,368,https://buff.163.com/market/goods?game=csgo&goods_id=35197
M4A1-S | Decimator (Factory New),2026-06-28 12:00:00,408.98,408.98,352,https://buff.163.com/market/goods?game=csgo&goods_id=35197
M4A1-S | Decimator (Factory New),2026-06-29 12:00:00,407.5,395.99,349,https://buff.163.com/market/goods?game=csgo&goods_id=35197
M4A1-S | Decimator (Factory New),2026-06-30 12:00:00,399.93,399.93,358,https://buff.163.com/market/goods?game=csgo&goods_id=35197
M4A1-S | Decimator (Factory New),2026-07-01 12:00:00,393.48,393.48,350,https://buff.163.com/market/goods?game=csgo&goods_id=35197
M4A1-S | Decimator (Factory New),2026-07-02 12:00:00,393.48,393.48,350,https://buff.163.com/market/goods?game=csgo&goods_id=35197
M4A1-S | Decimator (Factory New),2026-07-03 12:00:00,399.5,399.5,352,https://buff.163.com/market/goods?game=csgo&goods_id=35197
M4A1-S | Decimator (Factory New),2026-07-04 12:00:00,395.0,395.0,364,https://buff.163.com/market/goods?game=csgo&goods_id=35197
M4A1-S | Decimator (Factory New),2026-07-05 12:00:00,388.4,386.5,377,https://buff.163.com/market/goods?game=csgo&goods_id=35197
M4A1-S | Decimator (Factory New),2026-07-06 12:00:00,388.4,388.4,377,https://buff.163.com/market/goods?game=csgo&goods_id=35197
M4A1-S | Decimator (Factory New),2026-07-07 12:00:00,378.97,378.97,385,https://buff.163.com/market/goods?game=csgo&goods_id=35197
M4A1-S | Decimator (Factory New),2026-07-08 12:00:00,379.5,379.5,365,https://buff.163.com/market/goods?game=csgo&goods_id=35197
M4A1-S | Decimator (Factory New),2026-07-09 12:00:00,380.0,380.0,373,https://buff.163.com/market/goods?game=csgo&goods_id=35197
M4A1-S | Decimator (Factory New),2026-07-10 12:00:00,379.0,379.0,368,https://buff.163.com/market/goods?game=csgo&goods_id=35197
M4A1-S | Decimator (Factory New),2026-07-11 12:00:00,398.0,414.0,363,https://buff.163.com/market/goods?game=csgo&goods_id=35197
M4A1-S | Decimator (Factory New),2026-07-12 12:00:00,398.0,398.0,363,https://buff.163.com/market/goods?game=csgo&goods_id=35197
M4A1-S | Decimator (Factory New),2026-07-13 12:00:00,434.8,434.8,321,https://buff.163.com/market/goods?game=csgo&goods_id=35197
M4A1-S | Decimator (Factory New),2026-07-14 12:00:00,434.8,434.8,321,https://buff.163.com/market/goods?game=csgo&goods_id=35197
M4A1-S | Decimator (Factory New),2026-07-15 12:00:00,430.0,430.0,320,https://buff.163.com/market/goods?game=csgo&goods_id=35197
M4A1-S | Decimator (Factory New),2026-07-16 12:00:00,450.0,450.0,309,https://buff.163.com/market/goods?game=csgo&goods_id=35197
M4A1-S | Decimator (Factory New),2026-07-17 12:00:00,450.0,439.0,309,https://buff.163.com/market/goods?game=csgo&goods_id=35197
M4A1-S | Decimator (Factory New),2026-07-18 12:00:00,456.0,456.0,315,https://buff.163.com/market/goods?game=csgo&goods_id=35197
M4A1-S | Decimator (Factory New),2026-07-19 12:00:00,449.5,449.5,327,https://buff.163.com/market/goods?game=csgo&goods_id=35197
M4A1-S | Decimator (Factory New),2026-07-20 12:00:00,416.78,416.78,347,https://buff.163.com/market/goods?game=csgo&goods_id=35197
M4A1-S | Decimator (Factory New),2026-07-21 12:00:00,412.0,412.0,344,https://buff.163.com/market/goods?game=csgo&goods_id=35197
M4A1-S | Decimator (Factory New),2026-07-22 12:00:00,429.8,429.8,343,https://buff.163.com/market/goods?game=csgo&goods_id=35197
M4A1-S | Decimator (Factory New),2026-07-23 12:00:00,429.8,420.0,339,https://buff.163.com/market/goods?game=csgo&goods_id=35197
M4A1-S | Decimator (Factory New),2026-07-24 12:00:00,427.36,427.36,358,https://buff.163.com/market/goods?game=csgo&goods_id=35197
M4A1-S | Decimator (Factory New),2026-07-25 12:00:00,419.5,419.5,347,https://buff.163.com/market/goods?game=csgo&goods_id=35197
M4A1-S | Decimator (Factory New),2026-07-26 12:00:00,415.0,415.0,353,https://buff.163.com/market/goods?game=csgo&goods_id=35197
M4A1-S | Decimator (Factory New),2026-07-27 12:00:00,414.0,414.0,354,https://buff.163.com/market/goods?game=csgo&goods_id=35197
M4A1-S | Decimator (Factory New),2026-07-28 12:00:00,408.0,408.0,362,https://buff.163.com/market/goods?game=csgo&goods_id=35197
M4A1-S | Decimator (Factory New),2026-07-29 12:00:00,398.5,398.5,360,https://buff.163.com/market/goods?game=csgo&goods_id=35197
M4A1-S | Decimator (Factory New),2026-07-30 12:00:00,378.5,392.02,370,https://buff.163.com/market/goods?game=csgo&goods_id=35197
M4A1-S | Decimator (Factory New),2026-07-31 12:00:00,380.0,380.0,367,https://buff.163.com/market/goods?game=csgo&goods_id=35197
M4A1-S | Decimator (Factory New),2026-08-01 12:00:00,386.0,385.5,371,https://buff.163.com/market/goods?game=csgo&goods_id=35197
M4A1-S | Decimator (Factory New),2026-08-02 12:00:00,385.27,378.91,367,https://buff.163.com/market/goods?game=csgo&goods_id=35197
M4A1-S | Decimator (Factory New),2026-08-03 12:00:00,365.0,360.0,373,https://buff.163.com/market/goods?game=csgo&goods_id=35197
M4A1-S | Decimator (Factory New),2026-08-04 12:00:00,360.0,359.0,382,https://buff.163.com/market/goods?game=csgo&goods_id=35197
M4A1-S | Decimator (Factory New),2026-08-05 12:00:00,372.3,359.49,376,https://buff.163.com/market/goods?game=csgo&goods_id=35197
M4A1-S | Decimator (Factory New),2026-08-06 12:00:00,360.0,374.8,378,https://buff.163.com/market/goods?game=csgo&goods_id=35197
M4A1-S | Decimator (Factory New),2026-08-07 12:00:00,374.8,374.79,384,https://buff.163.com/market/goods?game=csgo&goods_id=35197
M4A1-S | Decimator (Factory New),2026-08-08 12:00:00,374.3,372.3,375,https://buff.163.com/market/goods?game=csgo&goods_id=35197
M4A1-S | Decimator (Factory New),2026-08-09 12:00:00,372.3,366.0,374,https://buff.163.com/market/goods?game=csgo&goods_id=35197
M4A1-S | Decimator (Factory New),2026-08-10 12:00:00,367.0,361.5,381,https://buff.163.com/market/goods?game=csgo&goods_id=35197
M4A1-S | Decimator (Factory New),2026-08-11 12:00:00,361.5,343.82,382,https://buff.163.com/market/goods?game=csgo&goods_id=35197
M4A1-S | Decimator (Factory New),2026-08-12 12:00:00,341.0,331.0,391,https://buff.163.com/market/goods?game=csgo&goods_id=35197
M4A1-S | Decimator (Factory New),2026-08-13 12:00:00,330.0,331.3,392,https://buff.163.com/market/goods?game=csgo&goods_id=35197
M4A1-S | Decimator (Factory New),2026-08-14 12:00:00,329.78,328.9,394,https://buff.163.com/market/goods?game=csgo&goods_id=35197
M4A1-S | Decimator (Factory New),2026-08-15 12:00:00,328.0,313.97,395,https://buff.163.com/market/goods?game=csgo&goods_id=35197
M4A1-S | Decimator (Factory New),2026-08-16 12:00:00,314.98,302.97,406,https://buff.163.com/market/goods?game=csgo&goods_id=35197
M4A1-S | Decimator (Factory New),2026-08-17 12:00:00,295.0,299.5,406,https://buff.163.com/market/goods?game=csgo&goods_id=35197
M4A1-S | Decimator (Factory New),2026-08-18 12:00:00,300.0,297.5,403,https://buff.163.com/market/goods?game=csgo&goods_id=35197
M4A1-S | Decimator (Factory New),2026-08-19 12:00:00,300.0,285.0,400,https://buff.163.com/market/goods?game=csgo&goods_id=35197
M4A1-S | Decimator (Factory New),2026-08-20 12:00:00,288.38,295.0,395,https://buff.163.com/market/goods?game=csgo&goods_id=35197
M4A1-S | Decimator (Factory New),2026-08-21 12:00:00,295.49,310.0,398,https://buff.163.com/market/goods?game=csgo&goods_id=35197
M4A1-S | Decimator (Factory New),2026-08-22 12:00:00,308.8,340.0,391,https://buff.163.com/market/goods?game=csgo&goods_id=35197
M4A1-S | Decimator (Factory New),2026-08-23 12:00:00,341.9,330.0,376,https://buff.163.com/market/goods?game=csgo&goods_id=35197
M4A1-S | Decimator (Factory New),2026-08-24 12:00:00,325.0,321.0,376,https://buff.163.com/market/goods?game=csgo&goods_id=35197
M4A1-S | Decimator (Factory New),2026-08-25 12:00:00,309.0,305.0,396,https://buff.163.com/market/goods?game=csgo&goods_id=35197
M4A1-S | Decimator (Factory New),2026-08-26 12:00:00,308.99,308.99,401,https://buff.163.com/market/goods?game=csgo&goods_id=35197
M4A1-S | Decimator (Factory New),2026-08-27 12:00:00,315.0,330.0,384,https://buff.163.com/market/goods?game=csgo&goods_id=35197
M4A1-S | Decimator (Factory New),2026-08-28 12:00:00,334.2,331.0,383,https://buff.163.com/market/goods?game=csgo&goods_id=35197
M4A1-S | Decimator (Factory New),2026-08-29 12:00:00,349.98,339.5,387,https://buff.163.com/market/goods?game=csgo&goods_id=35197
M4A1-S | Decimator (Factory New),2026-08-30 12:00:00,336.0,335.3,396,https://buff.163.com/market/goods?game=csgo&goods_id=35197
M4A1-S | Decimator (Factory New),2026-08-31 12:00:00,336.0,336.0,373,https://buff.163.com/market/goods?game=csgo&goods_id=35197
Sticker | Team Liquid (Holo) | Paris 2023,2025-08-31 12:00:00,7.5,7.5,2426,https://buff.163.com/market/goods?game=csgo&goods_id=928188
Sticker | Team Liquid (Holo) | Paris 2023,2025-09-04 12:00:00,8.86,8.86,2604,https://buff.163.com/market/goods?game=csgo&goods_id=928188
Sticker | Team Liquid (Holo) | Paris 2023,2025-09-10 12:00:00,15.4,15.4,1131,https://buff.163.com/market/goods?game=csgo&goods_id=928188
Sticker | Team Liquid (Holo) | Paris 2023,2025-09-16 12:00:00,9.49,9.49,1237,https://buff.163.com/market/goods?game=csgo&goods_id=928188
Sticker | Team Liquid (Holo) | Paris 2023,2025-09-22 12:00:00,10.17,10.17,1370,https://buff.163.com/market/goods?game=csgo&goods_id=928188
Sticker | Team Liquid (Holo) | Paris 2023,2025-09-28 12:00:00,11.68,11.68,1518,https://buff.163.com/market/goods?game=csgo&goods_id=928188
Sticker | Team Liquid (Holo) | Paris 2023,2025-10-04 12:00:00,11.34,11.34,1530,https://buff.163.com/market/goods?game=csgo&goods_id=928188
Sticker | Team Liquid (Holo) | Paris 2023,2025-10-11 12:00:00,12.66,12.66,1491,https://buff.163.com/market/goods?game=csgo&goods_id=928188
Sticker | Team Liquid (Holo) | Paris 2023,2025-10-17 12:00:00,12.78,12.78,1707,https://buff.163.com/market/goods?game=csgo&goods_id=928188
Sticker | Team Liquid (Holo) | Paris 2023,2025-10-23 12:00:00,8.8,8.8,1622,https://buff.163.com/market/goods?game=csgo&goods_id=928188
Sticker | Team Liquid (Holo) | Paris 2023,2025-10-29 12:00:00,8.84,8.84,1544,https://buff.163.com/market/goods?game=csgo&goods_id=928188
Sticker | Team Liquid (Holo) | Paris 2023,2025-11-04 12:00:00,8.9,8.9,1819,https://buff.163.com/market/goods?game=csgo&goods_id=928188
Sticker | Team Liquid (Holo) | Paris 2023,2025-11-10 12:00:00,8.9,8.9,1683,https://buff.163.com/market/goods?game=csgo&goods_id=928188
Sticker | Team Liquid (Holo) | Paris 2023,2025-11-16 12:00:00,9.28,9.28,1684,https://buff.163.com/market/goods?game=csgo&goods_id=928188
Sticker | Team Liquid (Holo) | Paris 2023,2025-11-22 12:00:00,9.0,9.0,1737,https://buff.163.com/market/goods?game=csgo&goods_id=928188
Sticker | Team Liquid (Holo) | Paris 2023,2025-11-28 12:00:00,8.8,8.8,1714,https://buff.163.com/market/goods?game=csgo&goods_id=928188
Sticker | Team Liquid (Holo) | Paris 2023,2025-12-04 12:00:00,8.4,8.4,1742,https://buff.163.com/market/goods?game=csgo&goods_id=928188
Sticker | Team Liquid (Holo) | Paris 2023,2025-12-10 12:00:00,8.5,8.5,1637,https://buff.163.com/market/goods?game=csgo&goods_id=928188
Sticker | Team Liquid (Holo) | Paris 2023,2025-12-16 12:00:00,8.34,8.34,1747,https://buff.163.com/market/goods?game=csgo&goods_id=928188
Sticker | Team Liquid (Holo) | Paris 2023,2025-12-23 12:00:00,8.21,8.21,1683,https://buff.163.com/market/goods?game=csgo&goods_id=928188
Sticker | Team Liquid (Holo) | Paris 2023,2025-12-29 12:00:00,8.06,8.06,1757,https://buff.163.com/market/goods?game=csgo&goods_id=928188
Sticker | Team Liquid (Holo) | Paris 2023,2026-01-04 12:00:00,7.9,7.9,1678,https://buff.163.com/market/goods?game=csgo&goods_id=928188
Sticker | Team Liquid (Holo) | Paris 2023,2026-01-10 12:00:00,7.87,7.87,1881,https://buff.163.com/market/goods?game=csgo&goods_id=928188
Sticker | Team Liquid (Holo) | Paris 2023,2026-01-16 12:00:00,7.8,7.8,1868,https://buff.163.com/market/goods?game=csgo&goods_id=928188
Sticker | Team Liquid (Holo) | Paris 2023,2026-01-22 12:00:00,7.76,7.76,1756,https://buff.163.com/market/goods?game=csgo&goods_id=928188
Sticker | Team Liquid (Holo) | Paris 2023,2026-01-28 12:00:00,7.63,7.63,1683,https://buff.163.com/market/goods?game=csgo&goods_id=928188
Sticker | Team Liquid (Holo) | Paris 2023,2026-02-03 12:00:00,7.29,7.29,1649,https://buff.163.com/market/goods?game=csgo&goods_id=928188
Sticker | Team Liquid (Holo) | Paris 2023,2026-02-09 12:00:00,7.31,7.31,1672,https://buff.163.com/market/goods?game=csgo&goods_id=928188
Sticker | Team Liquid (Holo) | Paris 2023,2026-02-15 12:00:00,7.5,7.5,1600,https://buff.163.com/market/goods?game=csgo&goods_id=928188
Sticker | Team Liquid (Holo) | Paris 2023,2026-02-21 12:00:00,7.72,7.72,1717,https://buff.163.com/market/goods?game=csgo&goods_id=928188
Sticker | Team Liquid (Holo) | Paris 2023,2026-02-27 12:00:00,8.49,8.49,1419,https://buff.163.com/market/goods?game=csgo&goods_id=928188
Sticker | Team Liquid (Holo) | Paris 2023,2026-03-04 12:00:00,7.72,7.72,1601,https://buff.163.com/market/goods?game=csgo&goods_id=928188
Sticker | Team Liquid (Holo) | Paris 2023,2026-03-06 12:00:00,7.92,7.92,1554,https://buff.163.com/market/goods?game=csgo&goods_id=928188
Sticker | Team Liquid (Holo) | Paris 2023,2026-03-07 12:00:00,8.16,8.16,1547,https://buff.163.com/market/goods?game=csgo&goods_id=928188
Sticker | Team Liquid (Holo) | Paris 2023,2026-03-10 12:00:00,7.9,7.9,1562,https://buff.163.com/market/goods?game=csgo&goods_id=928188
Sticker | Team Liquid (Holo) | Paris 2023,2026-03-12 12:00:00,7.51,7.51,1597,https://buff.163.com/market/goods?game=csgo&goods_id=928188
Sticker | Team Liquid (Holo) | Paris 2023,2026-03-13 12:00:00,7.67,7.67,1535,https://buff.163.com/market/goods?game=csgo&goods_id=928188
Sticker | Team Liquid (Holo) | Paris 2023,2026-03-16 12:00:00,7.5,7.5,1534,https://buff.163.com/market/goods?game=csgo&goods_id=928188
Sticker | Team Liquid (Holo) | Paris 2023,2026-03-18 12:00:00,7.38,7.38,1580,https://buff.163.com/market/goods?game=csgo&goods_id=928188
Sticker | Team Liquid (Holo) | Paris 2023,2026-03-19 12:00:00,7.45,7.45,1474,https://buff.163.com/market/goods?game=csgo&goods_id=928188
Sticker | Team Liquid (Holo) | Paris 2023,2026-03-22 12:00:00,7.39,7.39,1565,https://buff.163.com/market/goods?game=csgo&goods_id=928188
Sticker | Team Liquid (Holo) | Paris 2023,2026-03-24 12:00:00,7.4,7.4,1649,https://buff.163.com/market/goods?game=csgo&goods_id=928188
Sticker | Team Liquid (Holo) | Paris 2023,2026-03-25 12:00:00,7.4,7.4,1640,https://buff.163.com/market/goods?game=csgo&goods_id=928188
Sticker | Team Liquid (Holo) | Paris 2023,2026-03-28 12:00:00,7.5,7.5,1580,https://buff.163.com/market/goods?game=csgo&goods_id=928188
Sticker | Team Liquid (Holo) | Paris 2023,2026-03-30 12:00:00,7.48,7.48,1591,https://buff.163.com/market/goods?game=csgo&goods_id=928188
Sticker | Team Liquid (Holo) | Paris 2023,2026-03-31 12:00:00,7.5,7.5,1548,https://buff.163.com/market/goods?game=csgo&goods_id=928188
Sticker | Team Liquid (Holo) | Paris 2023,2026-04-03 12:00:00,7.45,7.45,1518,https://buff.163.com/market/goods?game=csgo&goods_id=928188
Sticker | Team Liquid (Holo) | Paris 2023,2026-04-05 12:00:00,7.44,7.44,1516,https://buff.163.com/market/goods?game=csgo&goods_id=928188
Sticker | Team Liquid (Holo) | Paris 2023,2026-04-06 12:00:00,7.41,7.41,1493,https://buff.163.com/market/goods?game=csgo&goods_id=928188
Sticker | Team Liquid (Holo) | Paris 2023,2026-04-09 12:00:00,7.4,7.4,1591,https://buff.163.com/market/goods?game=csgo&goods_id=928188
Sticker | Team Liquid (Holo) | Paris 2023,2026-04-11 12:00:00,7.25,7.25,1662,https://buff.163.com/market/goods?game=csgo&goods_id=928188
Sticker | Team Liquid (Holo) | Paris 2023,2026-04-12 12:00:00,7.2,7.2,1662,https://buff.163.com/market/goods?game=csgo&goods_id=928188
Sticker | Team Liquid (Holo) | Paris 2023,2026-04-15 12:00:00,6.96,6.96,1592,https://buff.163.com/market/goods?game=csgo&goods_id=928188
Sticker | Team Liquid (Holo) | Paris 2023,2026-04-17 12:00:00,6.83,6.83,1629,https://buff.163.com/market/goods?game=csgo&goods_id=928188
Sticker | Team Liquid (Holo) | Paris 2023,2026-04-18 12:00:00,6.85,6.85,1581,https://buff.163.com/market/goods?game=csgo&goods_id=928188
Sticker | Team Liquid (Holo) | Paris 2023,2026-04-21 12:00:00,6.81,6.81,1500,https://buff.163.com/market/goods?game=csgo&goods_id=928188
Sticker | Team Liquid (Holo) | Paris 2023,2026-04-23 12:00:00,6.8,6.8,1493,https://buff.163.com/market/goods?game=csgo&goods_id=928188
Sticker | Team Liquid (Holo) | Paris 2023,2026-04-24 12:00:00,6.69,6.69,1416,https://buff.163.com/market/goods?game=csgo&goods_id=928188
Sticker | Team Liquid (Holo) | Paris 2023,2026-04-27 12:00:00,6.85,6.85,1328,https://buff.163.com/market/goods?game=csgo&goods_id=928188
Sticker | Team Liquid (Holo) | Paris 2023,2026-04-29 12:00:00,6.98,6.98,1536,https://buff.163.com/market/goods?game=csgo&goods_id=928188
Sticker | Team Liquid (Holo) | Paris 2023,2026-04-30 12:00:00,7.23,7.23,1529,https://buff.163.com/market/goods?game=csgo&goods_id=928188
Sticker | Team Liquid (Holo) | Paris 2023,2026-05-03 12:00:00,7.18,7.18,1549,https://buff.163.com/market/goods?game=csgo&goods_id=928188
Sticker | Team Liquid (Holo) | Paris 2023,2026-05-05 12:00:00,6.95,6.95,1713,https://buff.163.com/market/goods?game=csgo&goods_id=928188
Sticker | Team Liquid (Holo) | Paris 2023,2026-05-06 12:00:00,6.96,6.96,1687,https://buff.163.com/market/goods?game=csgo&goods_id=928188
Sticker | Team Liquid (Holo) | Paris 2023,2026-05-09 12:00:00,6.88,6.88,1711,https://buff.163.com/market/goods?game=csgo&goods_id=928188
Sticker | Team Liquid (Holo) | Paris 2023,2026-05-11 12:00:00,6.58,6.58,1512,https://buff.163.com/market/goods?game=csgo&goods_id=928188
Sticker | Team Liquid (Holo) | Paris 2023,2026-05-12 12:00:00,6.59,6.59,1521,https://buff.163.com/market/goods?game=csgo&goods_id=928188
Sticker | Team Liquid (Holo) | Paris 2023,2026-05-15 12:00:00,6.54,6.54,1471,https://buff.163.com/market/goods?game=csgo&goods_id=928188
Sticker | Team Liquid (Holo) | Paris 2023,2026-05-18 12:00:00,6.52,6.54,1481,https://buff.163.com/market/goods?game=csgo&goods_id=928188
Sticker | Team Liquid (Holo) | Paris 2023,2026-05-21 12:00:00,6.51,6.51,1632,https://buff.163.com/market/goods?game=csgo&goods_id=928188
Sticker | Team Liquid (Holo) | Paris 2023,2026-05-24 12:00:00,6.86,6.99,1520,https://buff.163.com/market/goods?game=csgo&goods_id=928188
Sticker | Team Liquid (Holo) | Paris 2023,2026-05-27 12:00:00,6.87,6.87,1521,https://buff.163.com/market/goods?game=csgo&goods_id=928188
Sticker | Team Liquid (Holo) | Paris 2023,2026-05-30 12:00:00,7.78,7.97,1330,https://buff.163.com/market/goods?game=csgo&goods_id=928188
Sticker | Team Liquid (Holo) | Paris 2023,2026-06-02 12:00:00,7.79,7.79,1331,https://buff.163.com/market/goods?game=csgo&goods_id=928188
Sticker | Team Liquid (Holo) | Paris 2023,2026-06-03 12:00:00,7.95,7.95,1320,https://buff.163.com/market/goods?game=csgo&goods_id=928188
Sticker | Team Liquid (Holo) | Paris 2023,2026-06-04 12:00:00,7.85,7.85,1405,https://buff.163.com/market/goods?game=csgo&goods_id=928188
Sticker | Team Liquid (Holo) | Paris 2023,2026-06-05 12:00:00,7.42,7.47,1400,https://buff.163.com/market/goods?game=csgo&goods_id=928188
Sticker | Team Liquid (Holo) | Paris 2023,2026-06-06 12:00:00,7.42,7.42,1416,https://buff.163.com/market/goods?game=csgo&goods_id=928188
Sticker | Team Liquid (Holo) | Paris 2023,2026-06-07 12:00:00,7.28,7.28,1441,https://buff.163.com/market/goods?game=csgo&goods_id=928188
Sticker | Team Liquid (Holo) | Paris 2023,2026-06-08 12:00:00,7.19,7.19,1456,https://buff.163.com/market/goods?game=csgo&goods_id=928188
Sticker | Team Liquid (Holo) | Paris 2023,2026-06-09 12:00:00,7.11,7.11,1416,https://buff.163.com/market/goods?game=csgo&goods_id=928188
Sticker | Team Liquid (Holo) | Paris 2023,2026-06-10 12:00:00,6.93,6.93,1404,https://buff.163.com/market/goods?game=csgo&goods_id=928188
Sticker | Team Liquid (Holo) | Paris 2023,2026-06-11 12:00:00,6.8,6.89,1525,https://buff.163.com/market/goods?game=csgo&goods_id=928188
Sticker | Team Liquid (Holo) | Paris 2023,2026-06-12 12:00:00,6.79,6.79,1528,https://buff.163.com/market/goods?game=csgo&goods_id=928188
Sticker | Team Liquid (Holo) | Paris 2023,2026-06-13 12:00:00,6.79,6.79,1507,https://buff.163.com/market/goods?game=csgo&goods_id=928188
Sticker | Team Liquid (Holo) | Paris 2023,2026-06-14 12:00:00,6.79,6.79,1507,https://buff.163.com/market/goods?game=csgo&goods_id=928188
Sticker | Team Liquid (Holo) | Paris 2023,2026-06-15 12:00:00,6.8,6.8,1497,https://buff.163.com/market/goods?game=csgo&goods_id=928188
Sticker | Team Liquid (Holo) | Paris 2023,2026-06-16 12:00:00,6.87,6.87,1495,https://buff.163.com/market/goods?game=csgo&goods_id=928188
Sticker | Team Liquid (Holo) | Paris 2023,2026-06-17 12:00:00,6.85,6.86,1465,https://buff.163.com/market/goods?game=csgo&goods_id=928188
Sticker | Team Liquid (Holo) | Paris 2023,2026-06-18 12:00:00,6.85,6.85,1465,https://buff.163.com/market/goods?game=csgo&goods_id=928188
Sticker | Team Liquid (Holo) | Paris 2023,2026-06-19 12:00:00,6.84,6.84,1462,https://buff.163.com/market/goods?game=csgo&goods_id=928188
Sticker | Team Liquid (Holo) | Paris 2023,2026-06-20 12:00:00,6.85,6.85,1435,https://buff.163.com/market/goods?game=csgo&goods_id=928188
Sticker | Team Liquid (Holo) | Paris 2023,2026-06-21 12:00:00,6.87,6.87,1402,https://buff.163.com/market/goods?game=csgo&goods_id=928188
Sticker | Team Liquid (Holo) | Paris 2023,2026-06-22 12:00:00,7.1,7.1,1431,https://buff.163.com/market/goods?game=csgo&goods_id=928188
Sticker | Team Liquid (Holo) | Paris 2023,2026-06-23 12:00:00,7.08,7.08,1412,https://buff.163.com/market/goods?game=csgo&goods_id=928188
Sticker | Team Liquid (Holo) | Paris 2023,2026-06-24 12:00:00,6.98,6.98,1415,https://buff.163.com/market/goods?game=csgo&goods_id=928188
Sticker | Team Liquid (Holo) | Paris 2023,2026-06-25 12:00:00,6.99,6.99,1456,https://buff.163.com/market/goods?game=csgo&goods_id=928188
Sticker | Team Liquid (Holo) | Paris 2023,2026-06-26 12:00:00,6.99,6.99,1410,https://buff.163.com/market/goods?game=csgo&goods_id=928188
Sticker | Team Liquid (Holo) | Paris 2023,2026-06-27 12:00:00,6.99,6.99,1410,https://buff.163.com/market/goods?game=csgo&goods_id=928188
Sticker | Team Liquid (Holo) | Paris 2023,2026-06-28 12:00:00,6.93,6.93,1465,https://buff.163.com/market/goods?game=csgo&goods_id=928188
Sticker | Team Liquid (Holo) | Paris 2023,2026-06-29 12:00:00,6.86,6.87,1490,https://buff.163.com/market/goods?game=csgo&goods_id=928188
Sticker | Team Liquid (Holo) | Paris 2023,2026-06-30 12:00:00,6.86,6.86,1490,https://buff.163.com/market/goods?game=csgo&goods_id=928188
Sticker | Team Liquid (Holo) | Paris 2023,2026-07-01 12:00:00,6.87,6.87,1452,https://buff.163.com/market/goods?game=csgo&goods_id=928188
Sticker | Team Liquid (Holo) | Paris 2023,2026-07-02 12:00:00,6.87,6.87,1454,https://buff.163.com/market/goods?game=csgo&goods_id=928188
Sticker | Team Liquid (Holo) | Paris 2023,2026-07-03 12:00:00,6.85,6.85,1584,https://buff.163.com/market/goods?game=csgo&goods_id=928188
Sticker | Team Liquid (Holo) | Paris 2023,2026-07-04 12:00:00,6.77,6.77,1605,https://buff.163.com/market/goods?game=csgo&goods_id=928188
Sticker | Team Liquid (Holo) | Paris 2023,2026-07-05 12:00:00,6.76,6.56,1589,https://buff.163.com/market/goods?game=csgo&goods_id=928188
Sticker | Team Liquid (Holo) | Paris 2023,2026-07-06 12:00:00,6.74,6.74,1593,https://buff.163.com/market/goods?game=csgo&goods_id=928188
Sticker | Team Liquid (Holo) | Paris 2023,2026-07-07 12:00:00,6.5,6.5,1627,https://buff.163.com/market/goods?game=csgo&goods_id=928188
Sticker | Team Liquid (Holo) | Paris 2023,2026-07-08 12:00:00,6.51,6.51,1629,https://buff.163.com/market/goods?game=csgo&goods_id=928188
Sticker | Team Liquid (Holo) | Paris 2023,2026-07-09 12:00:00,6.46,6.46,1667,https://buff.163.com/market/goods?game=csgo&goods_id=928188
Sticker | Team Liquid (Holo) | Paris 2023,2026-07-10 12:00:00,6.43,6.43,1662,https://buff.163.com/market/goods?game=csgo&goods_id=928188
Sticker | Team Liquid (Holo) | Paris 2023,2026-07-11 12:00:00,6.39,6.29,1716,https://buff.163.com/market/goods?game=csgo&goods_id=928188
Sticker | Team Liquid (Holo) | Paris 2023,2026-07-12 12:00:00,6.36,6.36,1725,https://buff.163.com/market/goods?game=csgo&goods_id=928188
Sticker | Team Liquid (Holo) | Paris 2023,2026-07-13 12:00:00,6.21,6.21,1797,https://buff.163.com/market/goods?game=csgo&goods_id=928188
Sticker | Team Liquid (Holo) | Paris 2023,2026-07-14 12:00:00,6.21,6.21,1797,https://buff.163.com/market/goods?game=csgo&goods_id=928188
Sticker | Team Liquid (Holo) | Paris 2023,2026-07-15 12:00:00,6.2,6.2,1640,https://buff.163.com/market/goods?game=csgo&goods_id=928188
Sticker | Team Liquid (Holo) | Paris 2023,2026-07-16 12:00:00,6.15,6.15,1658,https://buff.163.com/market/goods?game=csgo&goods_id=928188
Sticker | Team Liquid (Holo) | Paris 2023,2026-07-17 12:00:00,6.1,6.06,1637,https://buff.163.com/market/goods?game=csgo&goods_id=928188
Sticker | Team Liquid (Holo) | Paris 2023,2026-07-18 12:00:00,6.1,6.1,1625,https://buff.163.com/market/goods?game=csgo&goods_id=928188
Sticker | Team Liquid (Holo) | Paris 2023,2026-07-19 12:00:00,6.04,6.04,1682,https://buff.163.com/market/goods?game=csgo&goods_id=928188
Sticker | Team Liquid (Holo) | Paris 2023,2026-07-20 12:00:00,6.02,6.02,1664,https://buff.163.com/market/goods?game=csgo&goods_id=928188
Sticker | Team Liquid (Holo) | Paris 2023,2026-07-21 12:00:00,5.99,5.99,1647,https://buff.163.com/market/goods?game=csgo&goods_id=928188
Sticker | Team Liquid (Holo) | Paris 2023,2026-07-22 12:00:00,6.0,6.0,1639,https://buff.163.com/market/goods?game=csgo&goods_id=928188
Sticker | Team Liquid (Holo) | Paris 2023,2026-07-23 12:00:00,5.99,5.85,1790,https://buff.163.com/market/goods?game=csgo&goods_id=928188
Sticker | Team Liquid (Holo) | Paris 2023,2026-07-24 12:00:00,5.88,5.88,1798,https://buff.163.com/market/goods?game=csgo&goods_id=928188
Sticker | Team Liquid (Holo) | Paris 2023,2026-07-25 12:00:00,5.84,5.84,1839,https://buff.163.com/market/goods?game=csgo&goods_id=928188
Sticker | Team Liquid (Holo) | Paris 2023,2026-07-26 12:00:00,5.84,5.84,1827,https://buff.163.com/market/goods?game=csgo&goods_id=928188
Sticker | Team Liquid (Holo) | Paris 2023,2026-07-27 12:00:00,5.85,5.85,2146,https://buff.163.com/market/goods?game=csgo&goods_id=928188
Sticker | Team Liquid (Holo) | Paris 2023,2026-07-28 12:00:00,5.78,5.78,2130,https://buff.163.com/market/goods?game=csgo&goods_id=928188
Sticker | Team Liquid (Holo) | Paris 2023,2026-07-29 12:00:00,5.74,5.74,2163,https://buff.163.com/market/goods?game=csgo&goods_id=928188
Sticker | Team Liquid (Holo) | Paris 2023,2026-07-30 12:00:00,5.67,5.74,2016,https://buff.163.com/market/goods?game=csgo&goods_id=928188
Sticker | Team Liquid (Holo) | Paris 2023,2026-07-31 12:00:00,5.64,5.64,2050,https://buff.163.com/market/goods?game=csgo&goods_id=928188
Sticker | Team Liquid (Holo) | Paris 2023,2026-08-01 12:00:00,5.64,5.6,2050,https://buff.163.com/market/goods?game=csgo&goods_id=928188
Sticker | Team Liquid (Holo) | Paris 2023,2026-08-02 12:00:00,5.58,5.59,2000,https://buff.163.com/market/goods?game=csgo&goods_id=928188
Sticker | Team Liquid (Holo) | Paris 2023,2026-08-03 12:00:00,5.59,5.47,2123,https://buff.163.com/market/goods?game=csgo&goods_id=928188
Sticker | Team Liquid (Holo) | Paris 2023,2026-08-04 12:00:00,5.48,5.46,2088,https://buff.163.com/market/goods?game=csgo&goods_id=928188
Sticker | Team Liquid (Holo) | Paris 2023,2026-08-05 12:00:00,5.38,5.37,2134,https://buff.163.com/market/goods?game=csgo&goods_id=928188
Sticker | Team Liquid (Holo) | Paris 2023,2026-08-06 12:00:00,5.2,5.25,1967,https://buff.163.com/market/goods?game=csgo&goods_id=928188
Sticker | Team Liquid (Holo) | Paris 2023,2026-08-07 12:00:00,5.28,5.23,1864,https://buff.163.com/market/goods?game=csgo&goods_id=928188
Sticker | Team Liquid (Holo) | Paris 2023,2026-08-08 12:00:00,5.23,5.33,1860,https://buff.163.com/market/goods?game=csgo&goods_id=928188
Sticker | Team Liquid (Holo) | Paris 2023,2026-08-09 12:00:00,5.38,5.35,2134,https://buff.163.com/market/goods?game=csgo&goods_id=928188
Sticker | Team Liquid (Holo) | Paris 2023,2026-08-10 12:00:00,5.36,5.32,2095,https://buff.163.com/market/goods?game=csgo&goods_id=928188
Sticker | Team Liquid (Holo) | Paris 2023,2026-08-11 12:00:00,5.3,5.3,1904,https://buff.163.com/market/goods?game=csgo&goods_id=928188
Sticker | Team Liquid (Holo) | Paris 2023,2026-08-12 12:00:00,5.3,5.26,1933,https://buff.163.com/market/goods?game=csgo&goods_id=928188
Sticker | Team Liquid (Holo) | Paris 2023,2026-08-13 12:00:00,5.28,5.27,2074,https://buff.163.com/market/goods?game=csgo&goods_id=928188
Sticker | Team Liquid (Holo) | Paris 2023,2026-08-14 12:00:00,5.24,5.21,2030,https://buff.163.com/market/goods?game=csgo&goods_id=928188
Sticker | Team Liquid (Holo) | Paris 2023,2026-08-15 12:00:00,5.21,5.15,1987,https://buff.163.com/market/goods?game=csgo&goods_id=928188
Sticker | Team Liquid (Holo) | Paris 2023,2026-08-16 12:00:00,5.15,5.15,1991,https://buff.163.com/market/goods?game=csgo&goods_id=928188
Sticker | Team Liquid (Holo) | Paris 2023,2026-08-17 12:00:00,5.15,5.14,1979,https://buff.163.com/market/goods?game=csgo&goods_id=928188
Sticker | Team Liquid (Holo) | Paris 2023,2026-08-18 12:00:00,5.1,4.86,1988,https://buff.163.com/market/goods?game=csgo&goods_id=928188
Sticker | Team Liquid (Holo) | Paris 2023,2026-08-19 12:00:00,4.89,4.85,2055,https://buff.163.com/market/goods?game=csgo&goods_id=928188
Sticker | Team Liquid (Holo) | Paris 2023,2026-08-20 12:00:00,4.82,4.75,2038,https://buff.163.com/market/goods?game=csgo&goods_id=928188
Sticker | Team Liquid (Holo) | Paris 2023,2026-08-21 12:00:00,4.72,4.79,1992,https://buff.163.com/market/goods?game=csgo&goods_id=928188
Sticker | Team Liquid (Holo) | Paris 2023,2026-08-22 12:00:00,4.78,4.79,2040,https://buff.163.com/market/goods?game=csgo&goods_id=928188
Sticker | Team Liquid (Holo) | Paris 2023,2026-08-23 12:00:00,4.99,5.11,1952,https://buff.163.com/market/goods?game=csgo&goods_id=928188
Sticker | Team Liquid (Holo) | Paris 2023,2026-08-24 12:00:00,5.11,4.92,2050,https://buff.163.com/market/goods?game=csgo&goods_id=928188
Sticker | Team Liquid (Holo) | Paris 2023,2026-08-25 12:00:00,4.92,4.83,2077,https://buff.163.com/market/goods?game=csgo&goods_id=928188
Sticker | Team Liquid (Holo) | Paris 2023,2026-08-26 12:00:00,4.75,4.75,2114,https://buff.163.com/market/goods?game=csgo&goods_id=928188
Sticker | Team Liquid (Holo) | Paris 2023,2026-08-27 12:00:00,4.76,4.75,1987,https://buff.163.com/market/goods?game=csgo&goods_id=928188
Sticker | Team Liquid (Holo) | Paris 2023,2026-08-28 12:00:00,4.75,4.95,1886,https://buff.163.com/market/goods?game=csgo&goods_id=928188
Sticker | Team Liquid (Holo) | Paris 2023,2026-08-29 12:00:00,4.92,4.87,1912,https://buff.163.com/market/goods?game=csgo&goods_id=928188
Sticker | Team Liquid (Holo) | Paris 2023,2026-08-30 12:00:00,4.69,4.87,1877,https://buff.163.com/market/goods?game=csgo&goods_id=928188
Sticker | Team Liquid (Holo) | Paris 2023,2026-08-31 12:00:00,5.0,5.0,1840,https://buff.163.com/market/goods?game=csgo&goods_id=928188
AK-47 | Asiimov (Factory New),2025-08-31 12:00:00,1854.0,1854.0,155,https://buff.163.com/market/goods?game=csgo&goods_id=763469
AK-47 | Asiimov (Factory New),2025-09-04 12:00:00,1978.5,1978.5,133,https://buff.163.com/market/goods?game=csgo&goods_id=763469
AK-47 | Asiimov (Factory New),2025-09-10 12:00:00,2570.0,2570.0,56,https://buff.163.com/market/goods?game=csgo&goods_id=763469
AK-47 | Asiimov (Factory New),2025-09-16 12:00:00,2298.0,2298.0,81,https://buff.163.com/market/goods?game=csgo&goods_id=763469
AK-47 | Asiimov (Factory New),2025-09-22 12:00:00,2290.0,2290.0,119,https://buff.163.com/market/goods?game=csgo&goods_id=763469
AK-47 | Asiimov (Factory New),2025-09-28 12:00:00,2600.0,2600.0,105,https://buff.163.com/market/goods?game=csgo&goods_id=763469
AK-47 | Asiimov (Factory New),2025-10-04 12:00:00,3188.0,3188.0,57,https://buff.163.com/market/goods?game=csgo&goods_id=763469
AK-47 | Asiimov (Factory New),2025-10-11 12:00:00,3420.0,3420.0,71,https://buff.163.com/market/goods?game=csgo&goods_id=763469
AK-47 | Asiimov (Factory New),2025-10-17 12:00:00,3000.0,3000.0,95,https://buff.163.com/market/goods?game=csgo&goods_id=763469
AK-47 | Asiimov (Factory New),2025-10-23 12:00:00,2590.0,2590.0,101,https://buff.163.com/market/goods?game=csgo&goods_id=763469
AK-47 | Asiimov (Factory New),2025-10-29 12:00:00,2499.0,2499.0,88,https://buff.163.com/market/goods?game=csgo&goods_id=763469
AK-47 | Asiimov (Factory New),2025-11-04 12:00:00,2990.0,2990.0,88,https://buff.163.com/market/goods?game=csgo&goods_id=763469
AK-47 | Asiimov (Factory New),2025-11-10 12:00:00,3099.5,3099.5,88,https://buff.163.com/market/goods?game=csgo&goods_id=763469
AK-47 | Asiimov (Factory New),2025-11-16 12:00:00,2984.0,2984.0,100,https://buff.163.com/market/goods?game=csgo&goods_id=763469
AK-47 | Asiimov (Factory New),2025-11-22 12:00:00,2870.0,2870.0,95,https://buff.163.com/market/goods?game=csgo&goods_id=763469
AK-47 | Asiimov (Factory New),2025-11-28 12:00:00,3000.0,3000.0,81,https://buff.163.com/market/goods?game=csgo&goods_id=763469
AK-47 | Asiimov (Factory New),2025-12-04 12:00:00,2899.0,2899.0,97,https://buff.163.com/market/goods?game=csgo&goods_id=763469
AK-47 | Asiimov (Factory New),2025-12-10 12:00:00,3100.0,3100.0,87,https://buff.163.com/market/goods?game=csgo&goods_id=763469
AK-47 | Asiimov (Factory New),2025-12-16 12:00:00,4240.0,4240.0,45,https://buff.163.com/market/goods?game=csgo&goods_id=763469
AK-47 | Asiimov (Factory New),2025-12-23 12:00:00,4199.48,4199.48,62,https://buff.163.com/market/goods?game=csgo&goods_id=763469
AK-47 | Asiimov (Factory New),2025-12-29 12:00:00,4776.5,4776.5,56,https://buff.163.com/market/goods?game=csgo&goods_id=763469
AK-47 | Asiimov (Factory New),2026-01-04 12:00:00,4553.0,4553.0,62,https://buff.163.com/market/goods?game=csgo&goods_id=763469
AK-47 | Asiimov (Factory New),2026-01-10 12:00:00,5300.0,5300.0,32,https://buff.163.com/market/goods?game=csgo&goods_id=763469
AK-47 | Asiimov (Factory New),2026-01-16 12:00:00,5200.0,5200.0,41,https://buff.163.com/market/goods?game=csgo&goods_id=763469
AK-47 | Asiimov (Factory New),2026-01-22 12:00:00,5100.0,5100.0,48,https://buff.163.com/market/goods?game=csgo&goods_id=763469
AK-47 | Asiimov (Factory New),2026-01-28 12:00:00,5000.0,5000.0,47,https://buff.163.com/market/goods?game=csgo&goods_id=763469
AK-47 | Asiimov (Factory New),2026-02-03 12:00:00,4460.0,4460.0,57,https://buff.163.com/market/goods?game=csgo&goods_id=763469
AK-47 | Asiimov (Factory New),2026-02-09 12:00:00,4228.66,4228.66,63,https://buff.163.com/market/goods?game=csgo&goods_id=763469
AK-47 | Asiimov (Factory New),2026-02-15 12:00:00,4698.5,4698.5,51,https://buff.163.com/market/goods?game=csgo&goods_id=763469
AK-47 | Asiimov (Factory New),2026-02-21 12:00:00,4649.0,4649.0,55,https://buff.163.com/market/goods?game=csgo&goods_id=763469
AK-47 | Asiimov (Factory New),2026-02-27 12:00:00,4499.0,4499.0,63,https://buff.163.com/market/goods?game=csgo&goods_id=763469
AK-47 | Asiimov (Factory New),2026-03-04 12:00:00,4474.5,4474.5,64,https://buff.163.com/market/goods?game=csgo&goods_id=763469
AK-47 | Asiimov (Factory New),2026-03-06 12:00:00,4860.0,4860.0,57,https://buff.163.com/market/goods?game=csgo&goods_id=763469
AK-47 | Asiimov (Factory New),2026-03-07 12:00:00,4949.0,4949.0,55,https://buff.163.com/market/goods?game=csgo&goods_id=763469
AK-47 | Asiimov (Factory New),2026-03-10 12:00:00,4999.0,4999.0,51,https://buff.163.com/market/goods?game=csgo&goods_id=763469
AK-47 | Asiimov (Factory New),2026-03-12 12:00:00,5555.0,5555.0,36,https://buff.163.com/market/goods?game=csgo&goods_id=763469
AK-47 | Asiimov (Factory New),2026-03-13 12:00:00,5548.34,5548.34,40,https://buff.163.com/market/goods?game=csgo&goods_id=763469
AK-47 | Asiimov (Factory New),2026-03-16 12:00:00,5776.77,5776.77,44,https://buff.163.com/market/goods?game=csgo&goods_id=763469
AK-47 | Asiimov (Factory New),2026-03-18 12:00:00,5696.0,5696.0,47,https://buff.163.com/market/goods?game=csgo&goods_id=763469
AK-47 | Asiimov (Factory New),2026-03-19 12:00:00,5599.0,5599.0,54,https://buff.163.com/market/goods?game=csgo&goods_id=763469
AK-47 | Asiimov (Factory New),2026-03-22 12:00:00,5049.4,5049.4,61,https://buff.163.com/market/goods?game=csgo&goods_id=763469
AK-47 | Asiimov (Factory New),2026-03-24 12:00:00,4888.0,4888.0,63,https://buff.163.com/market/goods?game=csgo&goods_id=763469
AK-47 | Asiimov (Factory New),2026-03-25 12:00:00,4888.0,4888.0,65,https://buff.163.com/market/goods?game=csgo&goods_id=763469
AK-47 | Asiimov (Factory New),2026-03-28 12:00:00,4881.88,4881.88,73,https://buff.163.com/market/goods?game=csgo&goods_id=763469
AK-47 | Asiimov (Factory New),2026-03-30 12:00:00,4844.49,4844.49,72,https://buff.163.com/market/goods?game=csgo&goods_id=763469
AK-47 | Asiimov (Factory New),2026-03-31 12:00:00,4842.99,4842.99,72,https://buff.163.com/market/goods?game=csgo&goods_id=763469
AK-47 | Asiimov (Factory New),2026-04-03 12:00:00,4469.58,4469.58,72,https://buff.163.com/market/goods?game=csgo&goods_id=763469
AK-47 | Asiimov (Factory New),2026-04-05 12:00:00,4292.0,4292.0,71,https://buff.163.com/market/goods?game=csgo&goods_id=763469
AK-47 | Asiimov (Factory New),2026-04-06 12:00:00,4292.0,4292.0,71,https://buff.163.com/market/goods?game=csgo&goods_id=763469
AK-47 | Asiimov (Factory New),2026-04-09 12:00:00,4449.5,4449.5,69,https://buff.163.com/market/goods?game=csgo&goods_id=763469
AK-47 | Asiimov (Factory New),2026-04-11 12:00:00,4363.49,4363.49,78,https://buff.163.com/market/goods?game=csgo&goods_id=763469
AK-47 | Asiimov (Factory New),2026-04-12 12:00:00,4363.49,4363.49,78,https://buff.163.com/market/goods?game=csgo&goods_id=763469
AK-47 | Asiimov (Factory New),2026-04-15 12:00:00,4060.42,4060.42,79,https://buff.163.com/market/goods?game=csgo&goods_id=763469
AK-47 | Asiimov (Factory New),2026-04-17 12:00:00,3900.0,3900.0,85,https://buff.163.com/market/goods?game=csgo&goods_id=763469
AK-47 | Asiimov (Factory New),2026-04-18 12:00:00,3986.88,3986.88,81,https://buff.163.com/market/goods?game=csgo&goods_id=763469
AK-47 | Asiimov (Factory New),2026-04-21 12:00:00,3699.0,3699.0,78,https://buff.163.com/market/goods?game=csgo&goods_id=763469
AK-47 | Asiimov (Factory New),2026-04-23 12:00:00,3955.0,3955.0,73,https://buff.163.com/market/goods?game=csgo&goods_id=763469
AK-47 | Asiimov (Factory New),2026-04-24 12:00:00,4000.0,4000.0,69,https://buff.163.com/market/goods?game=csgo&goods_id=763469
AK-47 | Asiimov (Factory New),2026-04-27 12:00:00,3949.0,3949.0,72,https://buff.163.com/market/goods?game=csgo&goods_id=763469
AK-47 | Asiimov (Factory New),2026-04-29 12:00:00,4095.92,4095.92,71,https://buff.163.com/market/goods?game=csgo&goods_id=763469
AK-47 | Asiimov (Factory New),2026-04-30 12:00:00,4100.0,4100.0,64,https://buff.163.com/market/goods?game=csgo&goods_id=763469
AK-47 | Asiimov (Factory New),2026-05-03 12:00:00,4162.01,4162.01,71,https://buff.163.com/market/goods?game=csgo&goods_id=763469
AK-47 | Asiimov (Factory New),2026-05-05 12:00:00,3698.4,3698.4,74,https://buff.163.com/market/goods?game=csgo&goods_id=763469
AK-47 | Asiimov (Factory New),2026-05-06 12:00:00,3650.0,3650.0,75,https://buff.163.com/market/goods?game=csgo&goods_id=763469
AK-47 | Asiimov (Factory New),2026-05-09 12:00:00,3697.9,3697.9,76,https://buff.163.com/market/goods?game=csgo&goods_id=763469
AK-47 | Asiimov (Factory New),2026-05-11 12:00:00,3550.0,3550.0,77,https://buff.163.com/market/goods?game=csgo&goods_id=763469
AK-47 | Asiimov (Factory New),2026-05-12 12:00:00,3628.99,3628.99,83,https://buff.163.com/market/goods?game=csgo&goods_id=763469
AK-47 | Asiimov (Factory New),2026-05-15 12:00:00,3499.9,3499.9,84,https://buff.163.com/market/goods?game=csgo&goods_id=763469
AK-47 | Asiimov (Factory New),2026-05-18 12:00:00,3115.53,3200.0,90,https://buff.163.com/market/goods?game=csgo&goods_id=763469
AK-47 | Asiimov (Factory New),2026-05-21 12:00:00,2536.98,2536.98,90,https://buff.163.com/market/goods?game=csgo&goods_id=763469
AK-47 | Asiimov (Factory New),2026-05-24 12:00:00,2762.72,2475.0,84,https://buff.163.com/market/goods?game=csgo&goods_id=763469
AK-47 | Asiimov (Factory New),2026-05-27 12:00:00,2890.0,2890.0,85,https://buff.163.com/market/goods?game=csgo&goods_id=763469
AK-47 | Asiimov (Factory New),2026-05-30 12:00:00,2737.77,2737.0,89,https://buff.163.com/market/goods?game=csgo&goods_id=763469
AK-47 | Asiimov (Factory New),2026-06-02 12:00:00,2598.0,2598.0,81,https://buff.163.com/market/goods?game=csgo&goods_id=763469
AK-47 | Asiimov (Factory New),2026-06-03 12:00:00,3340.0,3340.0,80,https://buff.163.com/market/goods?game=csgo&goods_id=763469
AK-47 | Asiimov (Factory New),2026-06-04 12:00:00,3200.0,3200.0,80,https://buff.163.com/market/goods?game=csgo&goods_id=763469
AK-47 | Asiimov (Factory New),2026-06-05 12:00:00,3203.31,3329.0,80,https://buff.163.com/market/goods?game=csgo&goods_id=763469
AK-47 | Asiimov (Factory New),2026-06-06 12:00:00,3343.0,3343.0,78,https://buff.163.com/market/goods?game=csgo&goods_id=763469
AK-47 | Asiimov (Factory New),2026-06-07 12:00:00,3173.14,3173.14,79,https://buff.163.com/market/goods?game=csgo&goods_id=763469
AK-47 | Asiimov (Factory New),2026-06-08 12:00:00,3169.0,3169.0,76,https://buff.163.com/market/goods?game=csgo&goods_id=763469
AK-47 | Asiimov (Factory New),2026-06-09 12:00:00,3169.0,3169.0,75,https://buff.163.com/market/goods?game=csgo&goods_id=763469
AK-47 | Asiimov (Factory New),2026-06-10 12:00:00,3000.0,3000.0,79,https://buff.163.com/market/goods?game=csgo&goods_id=763469
AK-47 | Asiimov (Factory New),2026-06-11 12:00:00,2707.91,2722.19,79,https://buff.163.com/market/goods?game=csgo&goods_id=763469
AK-47 | Asiimov (Factory New),2026-06-12 12:00:00,2600.0,2600.0,83,https://buff.163.com/market/goods?game=csgo&goods_id=763469
AK-47 | Asiimov (Factory New),2026-06-13 12:00:00,2708.41,2708.41,80,https://buff.163.com/market/goods?game=csgo&goods_id=763469
AK-47 | Asiimov (Factory New),2026-06-14 12:00:00,2707.91,2707.91,79,https://buff.163.com/market/goods?game=csgo&goods_id=763469
AK-47 | Asiimov (Factory New),2026-06-15 12:00:00,2707.91,2707.91,79,https://buff.163.com/market/goods?game=csgo&goods_id=763469
AK-47 | Asiimov (Factory New),2026-06-16 12:00:00,3100.0,3100.0,73,https://buff.163.com/market/goods?game=csgo&goods_id=763469
AK-47 | Asiimov (Factory New),2026-06-17 12:00:00,2739.02,3100.0,77,https://buff.163.com/market/goods?game=csgo&goods_id=763469
AK-47 | Asiimov (Factory New),2026-06-18 12:00:00,2888.0,2888.0,75,https://buff.163.com/market/goods?game=csgo&goods_id=763469
AK-47 | Asiimov (Factory New),2026-06-19 12:00:00,2900.0,2900.0,73,https://buff.163.com/market/goods?game=csgo&goods_id=763469
AK-47 | Asiimov (Factory New),2026-06-20 12:00:00,2739.02,2739.02,77,https://buff.163.com/market/goods?game=csgo&goods_id=763469
AK-47 | Asiimov (Factory New),2026-06-21 12:00:00,2726.49,2726.49,76,https://buff.163.com/market/goods?game=csgo&goods_id=763469
AK-47 | Asiimov (Factory New),2026-06-22 12:00:00,2720.26,2720.26,81,https://buff.163.com/market/goods?game=csgo&goods_id=763469
AK-47 | Asiimov (Factory New),2026-06-23 12:00:00,2720.26,2719.74,81,https://buff.163.com/market/goods?game=csgo&goods_id=763469
AK-47 | Asiimov (Factory New),2026-06-24 12:00:00,2726.0,2726.0,80,https://buff.163.com/market/goods?game=csgo&goods_id=763469
AK-47 | Asiimov (Factory New),2026-06-25 12:00:00,2869.65,2869.65,79,https://buff.163.com/market/goods?game=csgo&goods_id=763469
AK-47 | Asiimov (Factory New),2026-06-26 12:00:00,2720.61,2720.61,79,https://buff.163.com/market/goods?game=csgo&goods_id=763469
AK-47 | Asiimov (Factory New),2026-06-27 12:00:00,2720.61,2720.61,79,https://buff.163.com/market/goods?game=csgo&goods_id=763469
AK-47 | Asiimov (Factory New),2026-06-28 12:00:00,2783.72,2783.72,82,https://buff.163.com/market/goods?game=csgo&goods_id=763469
AK-47 | Asiimov (Factory New),2026-06-29 12:00:00,2699.98,2550.0,86,https://buff.163.com/market/goods?game=csgo&goods_id=763469
AK-47 | Asiimov (Factory New),2026-06-30 12:00:00,2580.0,2580.0,88,https://buff.163.com/market/goods?game=csgo&goods_id=763469
AK-47 | Asiimov (Factory New),2026-07-01 12:00:00,2499.0,2499.0,89,https://buff.163.com/market/goods?game=csgo&goods_id=763469
AK-47 | Asiimov (Factory New),2026-07-02 12:00:00,2450.0,2450.0,88,https://buff.163.com/market/goods?game=csgo&goods_id=763469
AK-47 | Asiimov (Factory New),2026-07-03 12:00:00,2449.98,2449.98,88,https://buff.163.com/market/goods?game=csgo&goods_id=763469
AK-47 | Asiimov (Factory New),2026-07-04 12:00:00,2450.0,2450.0,84,https://buff.163.com/market/goods?game=csgo&goods_id=763469
AK-47 | Asiimov (Factory New),2026-07-05 12:00:00,2409.5,2396.0,87,https://buff.163.com/market/goods?game=csgo&goods_id=763469
AK-47 | Asiimov (Factory New),2026-07-06 12:00:00,2399.0,2399.0,90,https://buff.163.com/market/goods?game=csgo&goods_id=763469
AK-47 | Asiimov (Factory New),2026-07-07 12:00:00,2309.5,2309.5,90,https://buff.163.com/market/goods?game=csgo&goods_id=763469
AK-47 | Asiimov (Factory New),2026-07-08 12:00:00,2309.5,2309.5,90,https://buff.163.com/market/goods?game=csgo&goods_id=763469
AK-47 | Asiimov (Factory New),2026-07-09 12:00:00,2348.5,2348.5,88,https://buff.163.com/market/goods?game=csgo&goods_id=763469
AK-47 | Asiimov (Factory New),2026-07-10 12:00:00,2329.5,2329.5,91,https://buff.163.com/market/goods?game=csgo&goods_id=763469
AK-47 | Asiimov (Factory New),2026-07-11 12:00:00,2329.5,2300.0,92,https://buff.163.com/market/goods?game=csgo&goods_id=763469
AK-47 | Asiimov (Factory New),2026-07-12 12:00:00,2310.0,2310.0,93,https://buff.163.com/market/goods?game=csgo&goods_id=763469
AK-47 | Asiimov (Factory New),2026-07-13 12:00:00,2329.5,2329.5,96,https://buff.163.com/market/goods?game=csgo&goods_id=763469
AK-47 | Asiimov (Factory New),2026-07-14 12:00:00,2329.5,2329.5,96,https://buff.163.com/market/goods?game=csgo&goods_id=763469
AK-47 | Asiimov (Factory New),2026-07-15 12:00:00,2249.0,2249.0,97,https://buff.163.com/market/goods?game=csgo&goods_id=763469
AK-47 | Asiimov (Factory New),2026-07-16 12:00:00,2320.0,2320.0,94,https://buff.163.com/market/goods?game=csgo&goods_id=763469
AK-47 | Asiimov (Factory New),2026-07-17 12:00:00,2219.0,2219.0,98,https://buff.163.com/market/goods?game=csgo&goods_id=763469
AK-47 | Asiimov (Factory New),2026-07-18 12:00:00,2219.0,2219.0,96,https://buff.163.com/market/goods?game=csgo&goods_id=763469
AK-47 | Asiimov (Factory New),2026-07-19 12:00:00,2219.0,2219.0,95,https://buff.163.com/market/goods?game=csgo&goods_id=763469
AK-47 | Asiimov (Factory New),2026-07-20 12:00:00,2214.0,2214.0,98,https://buff.163.com/market/goods?game=csgo&goods_id=763469
AK-47 | Asiimov (Factory New),2026-07-21 12:00:00,2150.0,2150.0,97,https://buff.163.com/market/goods?game=csgo&goods_id=763469
AK-47 | Asiimov (Factory New),2026-07-22 12:00:00,2149.5,2149.5,94,https://buff.163.com/market/goods?game=csgo&goods_id=763469
AK-47 | Asiimov (Factory New),2026-07-23 12:00:00,2200.0,2150.0,89,https://buff.163.com/market/goods?game=csgo&goods_id=763469
AK-47 | Asiimov (Factory New),2026-07-24 12:00:00,2200.0,2200.0,90,https://buff.163.com/market/goods?game=csgo&goods_id=763469
AK-47 | Asiimov (Factory New),2026-07-25 12:00:00,2150.0,2150.0,92,https://buff.163.com/market/goods?game=csgo&goods_id=763469
AK-47 | Asiimov (Factory New),2026-07-26 12:00:00,2150.0,2150.0,92,https://buff.163.com/market/goods?game=csgo&goods_id=763469
AK-47 | Asiimov (Factory New),2026-07-27 12:00:00,2150.0,2150.0,90,https://buff.163.com/market/goods?game=csgo&goods_id=763469
AK-47 | Asiimov (Factory New),2026-07-28 12:00:00,2150.0,2150.0,100,https://buff.163.com/market/goods?game=csgo&goods_id=763469
AK-47 | Asiimov (Factory New),2026-07-29 12:00:00,2149.0,2149.0,99,https://buff.163.com/market/goods?game=csgo&goods_id=763469
AK-47 | Asiimov (Factory New),2026-07-30 12:00:00,2054.5,2055.0,102,https://buff.163.com/market/goods?game=csgo&goods_id=763469
AK-47 | Asiimov (Factory New),2026-07-31 12:00:00,2054.5,2054.5,103,https://buff.163.com/market/goods?game=csgo&goods_id=763469
AK-47 | Asiimov (Factory New),2026-08-01 12:00:00,2054.5,2049.5,103,https://buff.163.com/market/goods?game=csgo&goods_id=763469
AK-47 | Asiimov (Factory New),2026-08-02 12:00:00,2049.5,2047.0,103,https://buff.163.com/market/goods?game=csgo&goods_id=763469
AK-47 | Asiimov (Factory New),2026-08-03 12:00:00,2045.0,1950.0,108,https://buff.163.com/market/goods?game=csgo&goods_id=763469
AK-47 | Asiimov (Factory New),2026-08-04 12:00:00,1950.0,1945.96,110,https://buff.163.com/market/goods?game=csgo&goods_id=763469
AK-47 | Asiimov (Factory New),2026-08-05 12:00:00,2000.0,1932.23,103,https://buff.163.com/market/goods?game=csgo&goods_id=763469
AK-47 | Asiimov (Factory New),2026-08-06 12:00:00,1924.49,2000.0,105,https://buff.163.com/market/goods?game=csgo&goods_id=763469
AK-47 | Asiimov (Factory New),2026-08-07 12:00:00,2000.0,2000.0,102,https://buff.163.com/market/goods?game=csgo&goods_id=763469
AK-47 | Asiimov (Factory New),2026-08-08 12:00:00,2000.0,2010.0,101,https://buff.163.com/market/goods?game=csgo&goods_id=763469
AK-47 | Asiimov (Factory New),2026-08-09 12:00:00,2040.0,1950.0,100,https://buff.163.com/market/goods?game=csgo&goods_id=763469
AK-47 | Asiimov (Factory New),2026-08-10 12:00:00,1980.0,1920.0,106,https://buff.163.com/market/goods?game=csgo&goods_id=763469
AK-47 | Asiimov (Factory New),2026-08-11 12:00:00,1870.0,1934.44,106,https://buff.163.com/market/goods?game=csgo&goods_id=763469
AK-47 | Asiimov (Factory New),2026-08-12 12:00:00,1869.5,1868.5,107,https://buff.163.com/market/goods?game=csgo&goods_id=763469
AK-47 | Asiimov (Factory New),2026-08-13 12:00:00,1850.0,1800.0,100,https://buff.163.com/market/goods?game=csgo&goods_id=763469
AK-47 | Asiimov (Factory New),2026-08-14 12:00:00,1800.0,1750.0,113,https://buff.163.com/market/goods?game=csgo&goods_id=763469
AK-47 | Asiimov (Factory New),2026-08-15 12:00:00,1749.5,1795.0,116,https://buff.163.com/market/goods?game=csgo&goods_id=763469
AK-47 | Asiimov (Factory New),2026-08-16 12:00:00,1830.0,1780.0,105,https://buff.163.com/market/goods?game=csgo&goods_id=763469
AK-47 | Asiimov (Factory New),2026-08-17 12:00:00,1720.0,1672.22,123,https://buff.163.com/market/goods?game=csgo&goods_id=763469
AK-47 | Asiimov (Factory New),2026-08-18 12:00:00,1639.5,1683.85,123,https://buff.163.com/market/goods?game=csgo&goods_id=763469
AK-47 | Asiimov (Factory New),2026-08-19 12:00:00,1684.37,1633.0,106,https://buff.163.com/market/goods?game=csgo&goods_id=763469
AK-47 | Asiimov (Factory New),2026-08-20 12:00:00,1600.0,1680.0,104,https://buff.163.com/market/goods?game=csgo&goods_id=763469
AK-47 | Asiimov (Factory New),2026-08-21 12:00:00,1690.0,1949.0,105,https://buff.163.com/market/goods?game=csgo&goods_id=763469
AK-47 | Asiimov (Factory New),2026-08-22 12:00:00,1790.0,1949.0,97,https://buff.163.com/market/goods?game=csgo&goods_id=763469
AK-47 | Asiimov (Factory New),2026-08-23 12:00:00,1949.0,1968.0,96,https://buff.163.com/market/goods?game=csgo&goods_id=763469
AK-47 | Asiimov (Factory New),2026-08-24 12:00:00,1900.0,1918.88,100,https://buff.163.com/market/goods?game=csgo&goods_id=763469
AK-47 | Asiimov (Factory New),2026-08-25 12:00:00,1918.88,1866.66,98,https://buff.163.com/market/goods?game=csgo&goods_id=763469
AK-47 | Asiimov (Factory New),2026-08-26 12:00:00,1949.0,1949.0,95,https://buff.163.com/market/goods?game=csgo&goods_id=763469
AK-47 | Asiimov (Factory New),2026-08-27 12:00:00,2000.0,2200.0,90,https://buff.163.com/market/goods?game=csgo&goods_id=763469
AK-47 | Asiimov (Factory New),2026-08-28 12:00:00,2200.0,2349.9,82,https://buff.163.com/market/goods?game=csgo&goods_id=763469
AK-47 | Asiimov (Factory New),2026-08-29 12:00:00,2600.0,2550.0,71,https://buff.163.com/market/goods?game=csgo&goods_id=763469
AK-47 | Asiimov (Factory New),2026-08-30 12:00:00,2550.0,2580.0,75,https://buff.163.com/market/goods?game=csgo&goods_id=763469
AK-47 | Asiimov (Factory New),2026-08-31 12:00:00,2550.0,2550.0,73,https://buff.163.com/market/goods?game=csgo&goods_id=763469
