publish_time,title,publisher,link,summary,score,num_comments,subreddit
2026-08-31 10:40:50,小蜜蜂哪个比赛才能原班人马？,小师叔不小,https://bbs.nga.cn/read.php?tid=47472681,小蜜蜂哪个比赛才能原班人马？,0,3,CS:GO
2026-08-31 10:18:47,爪子刀换蝴蝶(最好大理石) 多普勒P4 T2模版货 刀身非常蓝,taotao’sNGA,https://bbs.nga.cn/read.php?tid=47472528,爪子刀换蝴蝶(最好大理石) 多普勒P4 T2模版货 刀身非常蓝,0,0,CS:GO
2026-08-31 08:48:33,无人在意的角落，ewc的evp还没出,LLTH,https://bbs.nga.cn/read.php?tid=47472030,无人在意的角落，ewc的evp还没出,0,0,CS:GO
2026-08-31 08:20:58,[外设讨论] 请教下用双模显示器玩CS的，效果咋样呀,月下不寻欢,https://bbs.nga.cn/read.php?tid=47471920,[外设讨论] 请教下用双模显示器玩CS的，效果咋样呀,0,7,CS:GO
2026-08-31 05:59:28,navi现状只能用伟乌生随踢一解决了,chelly99,https://bbs.nga.cn/read.php?tid=47471706,navi现状只能用伟乌生随踢一解决了,0,9,CS:GO
2026-08-31 04:20:35,[赛事]为啥apex大伙都在骂，我进去看战绩他杀最多,卡德加的智慧球,https://bbs.nga.cn/read.php?tid=47471623,[赛事]为啥apex大伙都在骂，我进去看战绩他杀最多,0,27,CS:GO
2026-08-31 04:19:59,菊花发狂了，被僵尸王打崩了,aabbac,https://bbs.nga.cn/read.php?tid=47471622,菊花发狂了，被僵尸王打崩了,0,3,CS:GO
2026-08-31 04:12:38,载物这把别爆了,如烟77,https://bbs.nga.cn/read.php?tid=47471619,载物这把别爆了,0,1,CS:GO
2026-08-31 03:48:25,这比赛怎么能这么变态啊,rosevalley46,https://bbs.nga.cn/read.php?tid=47471599,这比赛怎么能这么变态啊,0,1,CS:GO
2026-08-31 03:45:24,一边一个a÷，很久没有如此公平的对决了,暮洛池明,https://bbs.nga.cn/read.php?tid=47471596,一边一个a÷，很久没有如此公平的对决了,0,8,CS:GO
2026-08-31 03:14:48,看到apex即使是最想串的人也沉默了,这把我全责,https://bbs.nga.cn/read.php?tid=47471566,看到apex即使是最想串的人也沉默了,0,10,CS:GO
2026-08-31 03:01:22,完辣，这图7分不够,落叶拒绝,https://bbs.nga.cn/read.php?tid=47471559,完辣，这图7分不够,0,6,CS:GO
2026-08-31 02:47:04,光明磊落僵尸王，不偷背身只打正面,鹿仁是带着花的路人,https://bbs.nga.cn/read.php?tid=47471546,光明磊落僵尸王，不偷背身只打正面,0,6,CS:GO
2026-08-31 02:37:20,世界第七的队伍打世界第五，极致精彩、惊天大翻盘、每个人的表现都远超观众想象的2：10大翻盘比赛,丢人杯,https://bbs.nga.cn/read.php?tid=47471538,世界第七的队伍打世界第五，极致精彩、惊天大翻盘、每个人的表现都远超观众想象的2：10大翻盘比赛,0,1,CS:GO
2026-08-31 02:20:47,这图一我只能说观赏性很强,PedroGonzalez,https://bbs.nga.cn/read.php?tid=47471517,这图一我只能说观赏性很强,0,10,CS:GO
2026-08-31 02:16:34,盲人CS，best cs,一酱33呦,https://bbs.nga.cn/read.php?tid=47471512,盲人CS，best cs,0,4,CS:GO
2026-08-31 02:14:58,僵尸世界大战,残星月影S,https://bbs.nga.cn/read.php?tid=47471507,僵尸世界大战,0,6,CS:GO
2026-08-31 02:13:12,法國趕尸人zywoo,凉子大神,https://bbs.nga.cn/read.php?tid=47471503,法國趕尸人zywoo,0,7,CS:GO
2026-08-31 02:12:09,着两队的大份集锦能剪多长啊？,神山彩_AwK,https://bbs.nga.cn/read.php?tid=47471502,着两队的大份集锦能剪多长啊？,0,12,CS:GO
2026-08-31 01:42:15,这小蜜蜂在玩什么,PASSER-BY_A,https://bbs.nga.cn/read.php?tid=47471463,这小蜜蜂在玩什么,0,6,CS:GO
2026-08-31 01:42:00,车主这是怎么了,ShiningH,https://bbs.nga.cn/read.php?tid=47471461,车主这是怎么了,0,14,CS:GO
2026-08-31 01:41:40,紫色这玩的比棕色还宗比，超绝匪厅僵尸,燕窝粥123,https://bbs.nga.cn/read.php?tid=47471459,紫色这玩的比棕色还宗比，超绝匪厅僵尸,0,0,CS:GO
2026-08-31 01:40:23,小蜜蜂完蛋啦,白茶木,https://bbs.nga.cn/read.php?tid=47471455,小蜜蜂完蛋啦,0,81,CS:GO
2026-08-31 01:34:50,我想问一个问题。为啥相对本能的南美区队伍看家的是核子这张最复杂的图？,jcuddk,https://bbs.nga.cn/read.php?tid=47471445,我想问一个问题。为啥相对本能的南美区队伍看家的是核子这张最复杂的图？,0,10,CS:GO
2026-08-31 01:34:01,这赛事ECO翻盘率也太高了…,Derelexanda,https://bbs.nga.cn/read.php?tid=47471437,这赛事ECO翻盘率也太高了…,0,0,CS:GO
2026-08-31 01:32:04,这个nissim是我这半年看得最爽的自由人,溜冰小飞侠,https://bbs.nga.cn/read.php?tid=47471427,这个nissim是我这半年看得最爽的自由人,0,10,CS:GO
2026-08-31 01:26:21,真是上将nissim可战载物么,如烟77,https://bbs.nga.cn/read.php?tid=47471418,真是上将nissim可战载物么,0,1,CS:GO
2026-08-31 01:25:50,不是哥们今天跟昨天判若两try啊,哇我裂开,https://bbs.nga.cn/read.php?tid=47471417,不是哥们今天跟昨天判若两try啊,0,3,CS:GO
2026-08-31 01:17:05,这铁板局部1v4,来自非洲大草原的16,https://bbs.nga.cn/read.php?tid=47471395,这铁板局部1v4,0,2,CS:GO
2026-08-30 23:56:46,绿龙这个队，在中国人气高真是有理有据啊,成为配乐谢谢394,https://bbs.nga.cn/read.php?tid=47471156,绿龙这个队，在中国人气高真是有理有据啊,0,22,CS:GO
2026-08-30 21:56:59,[新闻资讯] 当玩机器说出其实不想离婚的时候，这个婚迟早得离了,一酱33呦,https://bbs.nga.cn/read.php?tid=47470698,[新闻资讯] 当玩机器说出其实不想离婚的时候，这个婚迟早得离了,0,23,CS:GO
2026-08-30 21:08:07,我真觉得navi该重组了,林映纯学姐,https://bbs.nga.cn/read.php?tid=47470468,我真觉得navi该重组了,0,18,CS:GO
2026-08-30 20:55:21,launx跟fut爆了(原帖已被删除)。倒霉的是他的手还被狗咬伤了，还挺严重得养一段时间,丹塔里奥,https://bbs.nga.cn/read.php?tid=47470409,launx跟fut爆了(原帖已被删除)。倒霉的是他的手还被狗咬伤了，还挺严重得养一段时间,0,5,CS:GO
2026-08-30 20:33:22,BLAST波尔图公开赛第四日汇总：LVG告别赛场,露露yl,https://bbs.nga.cn/read.php?tid=47470273,BLAST波尔图公开赛第四日汇总：LVG告别赛场,0,0,CS:GO
2026-08-30 20:16:03,感觉“全世界都知道navi变强了， 就龙美不知道”这句话要变成经典咏流传了,JoyHunos,https://bbs.nga.cn/read.php?tid=47470198,感觉“全世界都知道navi变强了， 就龙美不知道”这句话要变成经典咏流传了,0,3,CS:GO
2026-08-30 19:55:10,navi现在就处于队伍出问题了必须换一个人，但没人可换的尴尬地位,梦的单行线,https://bbs.nga.cn/read.php?tid=47470093,navi现在就处于队伍出问题了必须换一个人，但没人可换的尴尬地位,0,7,CS:GO
2026-08-30 19:53:37,孩神的采访这是一波zywoo play啊,丢人杯,https://bbs.nga.cn/read.php?tid=47470084,孩神的采访这是一波zywoo play啊,0,14,CS:GO
2026-08-30 19:43:19,这navi又回家了,buptexia,https://bbs.nga.cn/read.php?tid=47470043,这navi又回家了,0,5,CS:GO
2026-08-30 19:20:55,blade还不下台吗？换个环境吧，拿着TOP1看着要进不了TOP20了啊,omelons,https://bbs.nga.cn/read.php?tid=47469911,blade还不下台吗？换个环境吧，拿着TOP1看着要进不了TOP20了啊,0,27,CS:GO
2026-08-30 18:07:33,马卡泽这个下滑真是难以理解,丹塔里奥,https://bbs.nga.cn/read.php?tid=47469550,马卡泽这个下滑真是难以理解,0,34,CS:GO
2026-08-30 18:04:49,卧槽重尬,zxxcccvvvv01,https://bbs.nga.cn/read.php?tid=47469534,卧槽重尬,0,5,CS:GO
2026-08-30 17:51:33,芒果好像战绩很猛啊？有没有潜力,如烟77,https://bbs.nga.cn/read.php?tid=47469458,芒果好像战绩很猛啊？有没有潜力,0,7,CS:GO
2026-08-30 16:52:28,原来死在科隆的人不是重尬，而是马岱,风吹云舒卷,https://bbs.nga.cn/read.php?tid=47469165,原来死在科隆的人不是重尬，而是马岱,0,12,CS:GO
2026-08-30 15:01:46,哈利现在是不是真的蜕变了,星辉极光,https://bbs.nga.cn/read.php?tid=47468742,哈利现在是不是真的蜕变了,0,5,CS:GO
2026-08-30 14:47:51,我们现在没有信心，也没有做出正确的决策,A18837282786,https://bbs.nga.cn/read.php?tid=47468687,我们现在没有信心，也没有做出正确的决策,0,2,CS:GO
2026-08-30 14:42:14,猎鹰队大胜Legacy队，挺进公开季后赛,A18837282786,https://bbs.nga.cn/read.php?tid=47468668,猎鹰队大胜Legacy队，挺进公开季后赛,0,0,CS:GO
2026-08-30 13:57:19,[技巧交流] CS里反应速度和瞄准，到底哪个更影响实战？,nalife520,https://bbs.nga.cn/read.php?tid=47468501,[技巧交流] CS里反应速度和瞄准，到底哪个更影响实战？,0,16,CS:GO
2026-08-30 09:56:53,孩神现在想拿冠军的心已经到了顶点,轮椅术士小宝,https://bbs.nga.cn/read.php?tid=47467435,孩神现在想拿冠军的心已经到了顶点,0,1,CS:GO
2026-08-30 08:28:03,从心态层面来看，看到我们能够完成逆转是件好事,A18837282786,https://bbs.nga.cn/read.php?tid=47467107,从心态层面来看，看到我们能够完成逆转是件好事,0,0,CS:GO
2026-08-30 04:11:05,观赛感受及赛后提问,溜冰小飞侠,https://bbs.nga.cn/read.php?tid=47466836,观赛感受及赛后提问,0,6,CS:GO
2026-08-30 04:03:36,25号更新完有没有道具巨黏手的？,chelly99,https://bbs.nga.cn/read.php?tid=47466831,25号更新完有没有道具巨黏手的？,0,0,CS:GO
2026-08-30 03:54:15,猎小鹰感觉可以先不选遗迹了,燕赵之地多慷慨悲歌之士,https://bbs.nga.cn/read.php?tid=47466826,猎小鹰感觉可以先不选遗迹了,0,20,CS:GO
2026-08-30 03:45:39,京介图二被偷了无数个背身,Inightmares,https://bbs.nga.cn/read.php?tid=47466818,京介图二被偷了无数个背身,0,4,CS:GO
2026-08-30 03:42:32,看完比赛，感觉要不是俄罗斯电竞被ban。。。,naclhhn,https://bbs.nga.cn/read.php?tid=47466814,看完比赛，感觉要不是俄罗斯电竞被ban。。。,0,10,CS:GO
2026-08-30 03:41:30,京芥神了,大白给师,https://bbs.nga.cn/read.php?tid=47466813,京芥神了,0,4,CS:GO
2026-08-30 03:37:41,绿鹰这三大哥发挥起来加上龙火力算是理论第一了。,dmasdfdmazz,https://bbs.nga.cn/read.php?tid=47466807,绿鹰这三大哥发挥起来加上龙火力算是理论第一了。,0,27,CS:GO
2026-08-30 03:33:51,警喷守a门，站在这个位置给我一种不知道在看几线比赛的感觉,丢人杯,https://bbs.nga.cn/read.php?tid=47466792,警喷守a门，站在这个位置给我一种不知道在看几线比赛的感觉,0,11,CS:GO
2026-08-30 03:27:54,孩神 孩神!,断水流二师叔,https://bbs.nga.cn/read.php?tid=47466782,孩神 孩神!,0,8,CS:GO
2026-08-30 03:02:24,感觉今天猎鹰没数值啊,fersken,https://bbs.nga.cn/read.php?tid=47466762,感觉今天猎鹰没数值啊,0,4,CS:GO
2026-08-30 02:56:15,京介是不是顶级枪男里上下限差距最大的？,一包劳白沙,https://bbs.nga.cn/read.php?tid=47466754,京介是不是顶级枪男里上下限差距最大的？,0,18,CS:GO
2026-08-30 02:40:51,转折点是那分打对面强起放A，Niko装自己最有理解的,颜艺达人scp,https://bbs.nga.cn/read.php?tid=47466738,转折点是那分打对面强起放A，Niko装自己最有理解的,0,3,CS:GO
2026-08-30 02:37:47,京小介图三还能找回手感吗？,aabbac,https://bbs.nga.cn/read.php?tid=47466734,京小介图三还能找回手感吗？,0,4,CS:GO
2026-08-30 02:34:04,这猎鹰怎么想的选遗迹,哇我裂开,https://bbs.nga.cn/read.php?tid=47466718,这猎鹰怎么想的选遗迹,0,11,CS:GO
2026-08-30 02:28:26,京小介：有时候打比赛也挺无助的，到处有人卖我,梦的单行线,https://bbs.nga.cn/read.php?tid=47466706,京小介：有时候打比赛也挺无助的，到处有人卖我,0,5,CS:GO
2026-08-30 02:18:06,这比赛也太有意思了,溜冰小飞侠,https://bbs.nga.cn/read.php?tid=47466688,这比赛也太有意思了,0,14,CS:GO
2026-08-30 01:58:22,我擦，猎鹰这是要爆冷吗,亡灵紫苑,https://bbs.nga.cn/read.php?tid=47466653,我擦，猎鹰这是要爆冷吗,0,5,CS:GO
2026-08-30 01:36:55,猎鹰：我觉得菊花最近的表现可以称得上一线队了,qshzzh,https://bbs.nga.cn/read.php?tid=47466606,猎鹰：我觉得菊花最近的表现可以称得上一线队了,0,0,CS:GO
2026-08-30 01:33:45,今天的猎鹰猛的让我陌生,白塔的守夜人,https://bbs.nga.cn/read.php?tid=47466584,今天的猎鹰猛的让我陌生,0,17,CS:GO
2026-08-30 01:30:48,猎鹰这是花式飞二楼啊,哇我裂开,https://bbs.nga.cn/read.php?tid=47466578,猎鹰这是花式飞二楼啊,0,5,CS:GO
2026-08-30 00:56:37,猎鹰完蛋啦,ShiningH,https://bbs.nga.cn/read.php?tid=47466485,猎鹰完蛋啦,0,180,CS:GO
2026-08-30 00:42:14,菊花猎鹰永远打这三张图啊。。。。,ccccc葱1,https://bbs.nga.cn/read.php?tid=47466445,菊花猎鹰永远打这三张图啊。。。。,0,10,CS:GO
2026-08-30 00:22:36,LVG叫个暂停是为了让队员吵架？,二十八号技师,https://bbs.nga.cn/read.php?tid=47466370,LVG叫个暂停是为了让队员吵架？,0,0,CS:GO
2026-08-30 00:14:51,看LVG比赛总感觉他们timing很差,深不知何处,https://bbs.nga.cn/read.php?tid=47466339,看LVG比赛总感觉他们timing很差,0,5,CS:GO
2026-08-30 00:09:13,半年没打cs，有人能告诉我fut突然进化了吗,m527798157,https://bbs.nga.cn/read.php?tid=47466318,半年没打cs，有人能告诉我fut突然进化了吗,0,12,CS:GO
2026-08-29 23:43:39,LVG还是脑子不够用了,aabbac,https://bbs.nga.cn/read.php?tid=47466210,LVG还是脑子不够用了,0,12,CS:GO
2026-08-29 23:36:35,cmtry真不是当狙击手的料,恐怖图腾风吻之刃,https://bbs.nga.cn/read.php?tid=47466164,cmtry真不是当狙击手的料,0,1,CS:GO
2026-08-29 23:02:27,现在cs论坛风气差并不能怪niko选手本身,夏掌柜,https://bbs.nga.cn/read.php?tid=47465983,现在cs论坛风气差并不能怪niko选手本身,0,8,CS:GO
2026-08-29 22:10:57,LVG VS FUT 谁赢谁打蜜蜂，看起来LVG想家了,omelons,https://bbs.nga.cn/read.php?tid=47465691,LVG VS FUT 谁赢谁打蜜蜂，看起来LVG想家了,0,19,CS:GO
2026-08-29 20:39:12,老鼠感觉有点猛啊  各种暴打对手   战术完爆  枪法更完爆,ccccc葱1,https://bbs.nga.cn/read.php?tid=47465093,老鼠感觉有点猛啊  各种暴打对手   战术完爆  枪法更完爆,0,14,CS:GO
2026-08-29 19:54:41,搬运几条和im有关的段子,丢人杯,https://bbs.nga.cn/read.php?tid=47464841,搬运几条和im有关的段子,0,6,CS:GO
2026-08-29 17:42:44,现在社区环境更糟糕的原因是猎鹰拿major了,唯爱冫孤单,https://bbs.nga.cn/read.php?tid=47464016,现在社区环境更糟糕的原因是猎鹰拿major了,0,49,CS:GO
2026-08-29 17:41:33,JL：安心休产假，哥们等你回来,荷笠归远,https://bbs.nga.cn/read.php?tid=47464003,JL：安心休产假，哥们等你回来,0,5,CS:GO
2026-08-29 17:30:38,jl这么猛？mezi脸色要不对了,如烟77,https://bbs.nga.cn/read.php?tid=47463935,jl这么猛？mezi脸色要不对了,0,18,CS:GO
2026-08-29 17:00:11,蜜蜂 vs 9z,本子咕咕咕,https://bbs.nga.cn/read.php?tid=47463788,蜜蜂 vs 9z,0,37,CS:GO
2026-08-29 16:57:10,我发现有龙美喜欢拿这张图论证龙美是最纯良的,这把我全责,https://bbs.nga.cn/read.php?tid=47463776,我发现有龙美喜欢拿这张图论证龙美是最纯良的,0,52,CS:GO
2026-08-29 16:41:04,FaZe趣味问答：队员门心目中的CS历史最佳阵容,A17630559072,https://bbs.nga.cn/read.php?tid=47463714,FaZe趣味问答：队员门心目中的CS历史最佳阵容,0,8,CS:GO
2026-08-29 16:35:52,yuurih：找认为直接晋级半决赛会很有利,A17630559072,https://bbs.nga.cn/read.php?tid=47463679,yuurih：找认为直接晋级半决赛会很有利,0,1,CS:GO
2026-08-29 16:30:03,官宜：MIBR签 下tomaszin,A17630559072,https://bbs.nga.cn/read.php?tid=47463641,官宜：MIBR签 下tomaszin,0,0,CS:GO
2026-08-29 16:08:17,无人在意的角落，载大哥北京时间凌晨又开始打洲了,看这月色真美啊,https://bbs.nga.cn/read.php?tid=47463547,无人在意的角落，载大哥北京时间凌晨又开始打洲了,0,0,CS:GO
2026-08-29 15:02:16,看到老汤说自己老了心酸，看到后面雨神和塞人单挑半天没人受伤又想笑,喵汪喵汪喵？,https://bbs.nga.cn/read.php?tid=47463233,看到老汤说自己老了心酸，看到后面雨神和塞人单挑半天没人受伤又想笑,0,0,CS:GO
2026-08-29 13:45:25,据说大表哥身体不适换总监替补了？ 还能这样啊？ 对波哈神器？,naclhhn,https://bbs.nga.cn/read.php?tid=47462934,据说大表哥身体不适换总监替补了？ 还能这样啊？ 对波哈神器？,0,5,CS:GO
2026-08-29 13:14:30,麻蛋 猎鹰又是午夜场,断水流二师叔,https://bbs.nga.cn/read.php?tid=47462775,麻蛋 猎鹰又是午夜场,0,22,CS:GO
2026-08-29 12:42:03,为什么总有人洗哈利啊？,永远的王者罗,https://bbs.nga.cn/read.php?tid=47462611,为什么总有人洗哈利啊？,0,13,CS:GO
2026-08-29 12:31:01,以前觉得绿龙队标是邪恶的龙吐舌头，现在觉得是弯腰龙拿一把小手枪。,意续,https://bbs.nga.cn/read.php?tid=47462533,以前觉得绿龙队标是邪恶的龙吐舌头，现在觉得是弯腰龙拿一把小手枪。,0,20,CS:GO
2026-08-29 11:56:36,猎鹰这场要赢啊，输了就是小蜜蜂(残缺版)+FUT(满怒版)了,omelons,https://bbs.nga.cn/read.php?tid=47462345,猎鹰这场要赢啊，输了就是小蜜蜂(残缺版)+FUT(满怒版)了,0,15,CS:GO
2026-08-29 10:17:01,关于major最高rating的问题,Fo_Rsevr,https://bbs.nga.cn/read.php?tid=47461706,关于major最高rating的问题,0,2,CS:GO
2026-08-29 00:04:03,这Navi在玩很新的东西,溜冰小飞侠,https://bbs.nga.cn/read.php?tid=47460374,这Navi在玩很新的东西,0,11,CS:GO
2026-08-28 23:48:06,玩出直播间又上调了发言等级,骆驼彪子,https://bbs.nga.cn/read.php?tid=47460306,玩出直播间又上调了发言等级,0,51,CS:GO
2026-08-28 23:36:11,夏季蜜蜂到底是谁的水平下滑了,如我西迟5,https://bbs.nga.cn/read.php?tid=47460257,夏季蜜蜂到底是谁的水平下滑了,0,20,CS:GO
2026-08-28 23:30:43,我一直以为误封都是谣言,你们的幸福,https://bbs.nga.cn/read.php?tid=47460225,我一直以为误封都是谣言,0,3,CS:GO
2026-08-28 22:16:20,点菜绿龙的叉车,zxxcccvvvv01,https://bbs.nga.cn/read.php?tid=47459883,点菜绿龙的叉车,0,31,CS:GO
2026-08-28 22:07:08,话说最近有哈龙挺猛的。,亡灵紫苑,https://bbs.nga.cn/read.php?tid=47459838,话说最近有哈龙挺猛的。,0,45,CS:GO
2026-08-28 22:05:57,所以哈圣帝君到底咋样,结月小天使,https://bbs.nga.cn/read.php?tid=47459830,所以哈圣帝君到底咋样,0,24,CS:GO
2026-08-28 21:45:05,donk：ACE像呼吸一样简单了,拟喻,https://bbs.nga.cn/read.php?tid=47459729,donk：ACE像呼吸一样简单了,0,7,CS:GO
2026-08-28 21:40:31,还有哪一把武器有五杀梦,永远的王者罗,https://bbs.nga.cn/read.php?tid=47459708,还有哪一把武器有五杀梦,0,2,CS:GO
2026-08-28 21:39:29,donk：杀五个能赢,荷笠归远,https://bbs.nga.cn/read.php?tid=47459704,donk：杀五个能赢,0,21,CS:GO
2026-08-28 21:28:26,这些队个个给绿龙高强度特训叉车真的好吗,水逆0208,https://bbs.nga.cn/read.php?tid=47459640,这些队个个给绿龙高强度特训叉车真的好吗,0,44,CS:GO
2026-08-28 21:28:07,g2这新狙是真流脓吧？,恐怖图腾风吻之刃,https://bbs.nga.cn/read.php?tid=47459638,g2这新狙是真流脓吧？,0,28,CS:GO
2026-08-28 21:16:28,重尬今天真晕啊,深不知何处,https://bbs.nga.cn/read.php?tid=47459584,重尬今天真晕啊,0,13,CS:GO
2026-08-28 21:08:43,比赛练道具？？？,永远的王者罗,https://bbs.nga.cn/read.php?tid=47459548,比赛练道具？？？,0,14,CS:GO
2026-08-28 20:52:16,该说不说,LeoのAiolia,https://bbs.nga.cn/read.php?tid=47459469,该说不说,0,3,CS:GO
2026-08-28 20:42:15,上半场输手枪局给3分，下半场赢手枪局然后被刚翻，再给3分,JoyHunos,https://bbs.nga.cn/read.php?tid=47459421,上半场输手枪局给3分，下半场赢手枪局然后被刚翻，再给3分,0,13,CS:GO
2026-08-28 20:32:05,驴的性格真是好 只为队友大声喝彩,月灀,https://bbs.nga.cn/read.php?tid=47459357,驴的性格真是好 只为队友大声喝彩,0,34,CS:GO
2026-08-28 20:26:51,绿龙的长枪局是真的nb啊,我喜欢追寻光的自己,https://bbs.nga.cn/read.php?tid=47459331,绿龙的长枪局是真的nb啊,0,1,CS:GO
2026-08-28 20:25:53,世一长枪局绿龙有感觉吗,微雨红尘音,https://bbs.nga.cn/read.php?tid=47459326,世一长枪局绿龙有感觉吗,0,18,CS:GO
2026-08-28 20:25:46,绿龙这枪杆热得冒火,哇我裂开,https://bbs.nga.cn/read.php?tid=47459325,绿龙这枪杆热得冒火,0,6,CS:GO
2026-08-28 20:19:57,G2这么多保枪啊,沧海朱泪,https://bbs.nga.cn/read.php?tid=47459288,G2这么多保枪啊,0,20,CS:GO
2026-08-28 20:08:09,Vitality青训队启动年轻选手公开招募,露露yl,https://bbs.nga.cn/read.php?tid=47459234,Vitality青训队启动年轻选手公开招募,0,3,CS:GO
2026-08-28 17:22:21,有种预感，绿龙要被g2配了，有懂的吗,aaasuka111,https://bbs.nga.cn/read.php?tid=47458252,有种预感，绿龙要被g2配了，有懂的吗,0,43,CS:GO
2026-08-28 15:33:33,如果小蜜蜂真的崩了，会有选手流到市面上吗,溜冰小飞侠,https://bbs.nga.cn/read.php?tid=47457606,如果小蜜蜂真的崩了，会有选手流到市面上吗,0,29,CS:GO
2026-08-28 13:48:01,fucking goat：vitality without me?barely ten,MizuKiF,https://bbs.nga.cn/read.php?tid=47456982,fucking goat：vitality without me?barely ten,0,3,CS:GO
2026-08-28 11:24:29,豪情在天，谁能与我争锋！,咕咕就是咕咕,https://bbs.nga.cn/read.php?tid=47456105,豪情在天，谁能与我争锋！,0,25,CS:GO
2026-08-28 04:22:07,lvg这队员换着送,如我西迟5,https://bbs.nga.cn/read.php?tid=47454442,lvg这队员换着送,0,0,CS:GO
2026-08-28 04:09:20,lvg也是贡献名场面了,洪柱赋,https://bbs.nga.cn/read.php?tid=47454430,lvg也是贡献名场面了,0,0,CS:GO
2026-08-28 04:08:46,好变态的比赛,燕赵之地多慷慨悲歌之士,https://bbs.nga.cn/read.php?tid=47454429,好变态的比赛,0,9,CS:GO
2026-08-28 04:06:07,这猎鹰的比赛确实有观赏性，不得不服,如是zi,https://bbs.nga.cn/read.php?tid=47454426,这猎鹰的比赛确实有观赏性，不得不服,0,6,CS:GO
2026-08-28 03:50:57,猎鹰还是得灌注青春风暴,陆闲林,https://bbs.nga.cn/read.php?tid=47454408,猎鹰还是得灌注青春风暴,0,6,CS:GO
2026-08-28 03:24:54,猎鹰这TOP2不杀人，是想感化对面吗？,omelons,https://bbs.nga.cn/read.php?tid=47454375,猎鹰这TOP2不杀人，是想感化对面吗？,0,16,CS:GO
2026-08-28 02:47:29,这猎鹰怎么越看越像绿龙了,Tikei,https://bbs.nga.cn/read.php?tid=47454337,这猎鹰怎么越看越像绿龙了,0,18,CS:GO
2026-08-28 02:37:13,大表哥来猎鹰之后的遗迹是菜到家了，还喜欢选,颜艺达人scp,https://bbs.nga.cn/read.php?tid=47454327,大表哥来猎鹰之后的遗迹是菜到家了，还喜欢选,0,10,CS:GO
2026-08-28 02:35:32,我发现前压这一套打法非常克猎鹰啊,哇我裂开,https://bbs.nga.cn/read.php?tid=47454319,我发现前压这一套打法非常克猎鹰啊,0,14,CS:GO
2026-08-28 01:58:39,为啥天禄外战怎么也能打个几分的  时不时还能咬上一口,断水流二师叔,https://bbs.nga.cn/read.php?tid=47454248,为啥天禄外战怎么也能打个几分的  时不时还能咬上一口,0,16,CS:GO
2026-08-28 01:52:58,lvg真tm菜啊,落叶拒绝,https://bbs.nga.cn/read.php?tid=47454240,lvg真tm菜啊,0,44,CS:GO
2026-08-28 00:36:51,猎鹰不翻车的话又要到经典的菊花vs猎鹰的时间,梦的单行线,https://bbs.nga.cn/read.php?tid=47454006,猎鹰不翻车的话又要到经典的菊花vs猎鹰的时间,0,15,CS:GO
2026-08-28 00:35:03,fut和菊花太暴力了,FrederickForever,https://bbs.nga.cn/read.php?tid=47453993,fut和菊花太暴力了,0,3,CS:GO
2026-08-27 23:38:00,#BCGameEsports最新动态,A13135903488,https://bbs.nga.cn/read.php?tid=47453739,#BCGameEsports最新动态,0,2,CS:GO
2026-08-27 22:58:55,菊花 vs fut,本子咕咕咕,https://bbs.nga.cn/read.php?tid=47453528,菊花 vs fut,0,58,CS:GO
2026-08-27 21:37:41,今天是中元节，看好凯瑞根rating上1.5,omelons,https://bbs.nga.cn/read.php?tid=47453082,今天是中元节，看好凯瑞根rating上1.5,0,8,CS:GO
2026-08-27 21:32:38,王朝队伍末期 队员开始轮流休息一蹶不振…,齐国召唤师,https://bbs.nga.cn/read.php?tid=47453040,王朝队伍末期 队员开始轮流休息一蹶不振…,0,21,CS:GO
2026-08-27 21:23:48,在无人在意的角落里，MONTE自爆了,quantage,https://bbs.nga.cn/read.php?tid=47452998,在无人在意的角落里，MONTE自爆了,0,19,CS:GO
2026-08-27 20:57:12,米人这个17局20-5只有99ADR怎么打出来的,ccccc葱1,https://bbs.nga.cn/read.php?tid=47452869,米人这个17局20-5只有99ADR怎么打出来的,0,1,CS:GO
2026-08-27 20:21:23,这pr真不是老汤私生子吗,喵汪喵汪喵？,https://bbs.nga.cn/read.php?tid=47452694,这pr真不是老汤私生子吗,0,13,CS:GO
2026-08-27 19:36:39,下半年没新PV诞生，否则蜜蜂有可能二阶段了,swc099,https://bbs.nga.cn/read.php?tid=47452451,下半年没新PV诞生，否则蜜蜂有可能二阶段了,0,8,CS:GO
2026-08-27 19:34:56,一年前就想Dawy去Navi了，这次能实现么,轶懿,https://bbs.nga.cn/read.php?tid=47452441,一年前就想Dawy去Navi了，这次能实现么,0,3,CS:GO
2026-08-27 19:23:31,今天不是对面打的好吗？感觉绿龙来了也得输,aaasuka111,https://bbs.nga.cn/read.php?tid=47452356,今天不是对面打的好吗？感觉绿龙来了也得输,0,41,CS:GO
2026-08-27 19:16:09,今天中元节apex僵尸复苏可惜比不过积分下乡,荷笠归远,https://bbs.nga.cn/read.php?tid=47452327,今天中元节apex僵尸复苏可惜比不过积分下乡,0,5,CS:GO
2026-08-27 19:14:31,豆豆劳累啊,白塔的守夜人,https://bbs.nga.cn/read.php?tid=47452319,豆豆劳累啊,0,13,CS:GO
2026-08-27 19:11:30,载大哥的u盘不会给腾讯的反作弊扫坏了吧,星见纯那,https://bbs.nga.cn/read.php?tid=47452302,载大哥的u盘不会给腾讯的反作弊扫坏了吧,0,4,CS:GO
2026-08-27 19:10:54,LVG:怎么回事，我又打蜜蜂吗？,二十八号技师,https://bbs.nga.cn/read.php?tid=47452298,LVG:怎么回事，我又打蜜蜂吗？,0,11,CS:GO
2026-08-27 19:10:07,你们觉得小蜜蜂新加坡major会不会淹死在2阶段啊？,LeonMathilda,https://bbs.nga.cn/read.php?tid=47452296,你们觉得小蜜蜂新加坡major会不会淹死在2阶段啊？,0,5,CS:GO
2026-08-27 19:09:46,预感猎鹰和小蜜蜂在败者组相遇了,断水流二师叔,https://bbs.nga.cn/read.php?tid=47452294,预感猎鹰和小蜜蜂在败者组相遇了,0,9,CS:GO
2026-08-27 19:07:21,啊？？小蜜蜂被这队给打的狗篮子都肿了这合理吗？,轮椅术士小宝,https://bbs.nga.cn/read.php?tid=47452277,啊？？小蜜蜂被这队给打的狗篮子都肿了这合理吗？,0,26,CS:GO
2026-08-27 19:02:40,不是哥们，这个inc哪来的,aabbac,https://bbs.nga.cn/read.php?tid=47452258,不是哥们，这个inc哪来的,0,19,CS:GO
2026-08-27 19:02:27,蜜蜂也拿的昨天土狗剧本？,一酱33呦,https://bbs.nga.cn/read.php?tid=47452256,蜜蜂也拿的昨天土狗剧本？,0,0,CS:GO
2026-08-27 18:42:02,XX就是运气好的XX...这条烂梗有什么比较恶毒的排列方式吗,wwwrrrryyyyy,https://bbs.nga.cn/read.php?tid=47452152,XX就是运气好的XX...这条烂梗有什么比较恶毒的排列方式吗,0,2,CS:GO
2026-08-27 18:37:03,獵鷹、老鼠：if載物墨爾本就玩三角洲,凉子大神,https://bbs.nga.cn/read.php?tid=47452117,獵鷹、老鼠：if載物墨爾本就玩三角洲,0,13,CS:GO
2026-08-27 18:35:08,mezii去哪了？,驱蚊大师,https://bbs.nga.cn/read.php?tid=47452102,mezii去哪了？,0,2,CS:GO
2026-08-27 17:58:39,？？？赛场睡觉，给你狂的,永远的王者罗,https://bbs.nga.cn/read.php?tid=47451889,？？？赛场睡觉，给你狂的,0,3,CS:GO
2026-08-27 17:45:12,小蜜蜂是区啊，是区啊！,白塔的守夜人,https://bbs.nga.cn/read.php?tid=47451819,小蜜蜂是区啊，是区啊！,0,90,CS:GO
2026-08-27 17:35:02,蜜蜂的手枪局为什么变成这样了……,花雪有寒,https://bbs.nga.cn/read.php?tid=47451752,蜜蜂的手枪局为什么变成这样了……,0,0,CS:GO
2026-08-27 17:20:24,JL:说好的来抱大腿的，怎么我杀最多啊,一酱33呦,https://bbs.nga.cn/read.php?tid=47451665,JL:说好的来抱大腿的，怎么我杀最多啊,0,0,CS:GO
2026-08-27 17:13:29,载物开局0-6,断水流二师叔,https://bbs.nga.cn/read.php?tid=47451620,载物开局0-6,0,24,CS:GO
2026-08-27 17:12:40,载物0-5开局嘛,荷笠归远,https://bbs.nga.cn/read.php?tid=47451616,载物0-5开局嘛,0,4,CS:GO
2026-08-27 12:49:03,这次猎鹰的赛程有点爽啊,Huhuhu33399,https://bbs.nga.cn/read.php?tid=47449958,这次猎鹰的赛程有点爽啊,0,18,CS:GO
2026-08-27 12:26:57,听过詹姆斯悖论吗？现在整出一个老尼悖论来讽刺猎鹰粉丝的,狗堂少,https://bbs.nga.cn/read.php?tid=47449808,听过詹姆斯悖论吗？现在整出一个老尼悖论来讽刺猎鹰粉丝的,0,0,CS:GO
2026-08-27 11:41:12,糟糕…若子越来越像尼公子了,轮椅术士小宝,https://bbs.nga.cn/read.php?tid=47449472,糟糕…若子越来越像尼公子了,0,6,CS:GO
2026-08-27 08:52:47,navi换人我从去年年底听到现在,荷笠归远,https://bbs.nga.cn/read.php?tid=47447868,navi换人我从去年年底听到现在,0,13,CS:GO
2026-08-27 07:21:01,navi烂掉是因为它自己告诉队员可以躺平,丹塔里奥,https://bbs.nga.cn/read.php?tid=47447350,navi烂掉是因为它自己告诉队员可以躺平,0,20,CS:GO
2026-08-27 01:31:38,全世界都知道navi变强了，就绿龙....,swc099,https://bbs.nga.cn/read.php?tid=47446954,全世界都知道navi变强了，就绿龙....,0,26,CS:GO
2026-08-27 01:19:11,navi可能要连续三个比赛路边了,rosevalley46,https://bbs.nga.cn/read.php?tid=47446912,navi可能要连续三个比赛路边了,0,8,CS:GO
2026-08-27 01:17:13,突然有个暴论大家别喷哦,断水流二师叔,https://bbs.nga.cn/read.php?tid=47446909,突然有个暴论大家别喷哦,0,21,CS:GO
2026-08-27 01:05:34,招笑top1,白塔的守夜人,https://bbs.nga.cn/read.php?tid=47446875,招笑top1,0,13,CS:GO
2026-08-27 00:49:01,等等m80队服上5颗星星是几个意思啊,断水流二师叔,https://bbs.nga.cn/read.php?tid=47446809,等等m80队服上5颗星星是几个意思啊,0,1,CS:GO
2026-08-27 00:25:02,jL已随队出席BLAST波尔图公开赛媒体日,A13135903488,https://bbs.nga.cn/read.php?tid=47446713,jL已随队出席BLAST波尔图公开赛媒体日,0,11,CS:GO
2026-08-27 00:21:42,萨福诺夫祝贺Spirit夺得EWC冠军:实至名归,beelee血枫,https://bbs.nga.cn/read.php?tid=47446703,萨福诺夫祝贺Spirit夺得EWC冠军:实至名归,0,7,CS:GO
2026-08-27 00:10:51,navi要等到新加坡结束后再变阵吗,断水流二师叔,https://bbs.nga.cn/read.php?tid=47446651,navi要等到新加坡结束后再变阵吗,0,45,CS:GO
2026-08-26 23:36:16,有打CS好友吗,老李的水果不太甜,https://bbs.nga.cn/read.php?tid=47446531,有打CS好友吗,0,0,CS:GO
2026-08-26 23:22:05,关于绿龙的变化，最明显的还是哈利吧？,二十八号技师,https://bbs.nga.cn/read.php?tid=47446465,关于绿龙的变化，最明显的还是哈利吧？,0,14,CS:GO
2026-08-26 23:09:13,有一种预感，绿龙会教会大家玩叉车,星灵尘,https://bbs.nga.cn/read.php?tid=47446410,有一种预感，绿龙会教会大家玩叉车,0,24,CS:GO
2026-08-26 21:49:31,绿龙：刚夺冠，开始化虫且,荷笠归远,https://bbs.nga.cn/read.php?tid=47446049,绿龙：刚夺冠，开始化虫且,0,25,CS:GO
2026-08-26 21:23:23,一张图两个ACE吗？？,aabbac,https://bbs.nga.cn/read.php?tid=47445916,一张图两个ACE吗？？,0,17,CS:GO
2026-08-26 20:59:15,来点话题，你们觉得EWC这样办下去会成为下一个超精赛事吗？,好几块哈哈,https://bbs.nga.cn/read.php?tid=47445812,来点话题，你们觉得EWC这样办下去会成为下一个超精赛事吗？,0,21,CS:GO
2026-08-26 20:56:06,绿龙现在比赛也太公式化了,永远的王者罗,https://bbs.nga.cn/read.php?tid=47445789,绿龙现在比赛也太公式化了,0,8,CS:GO
2026-08-26 20:10:26,这个得得乐是什么队,沧海朱泪,https://bbs.nga.cn/read.php?tid=47445547,这个得得乐是什么队,0,13,CS:GO
2026-08-26 20:03:28,donk这个定妆照就像是脸上一条长疤一样,百裂冲击,https://bbs.nga.cn/read.php?tid=47445525,donk这个定妆照就像是脸上一条长疤一样,0,17,CS:GO
2026-08-26 17:11:41,Aurora vs g2,本子咕咕咕,https://bbs.nga.cn/read.php?tid=47444593,Aurora vs g2,0,22,CS:GO
2026-08-26 14:56:46,banks说navi夏天曾试图请回dziugss，但选手拒绝了,丹塔里奥,https://bbs.nga.cn/read.php?tid=47443811,banks说navi夏天曾试图请回dziugss，但选手拒绝了,0,25,CS:GO
2026-08-26 12:36:58,怎么感觉年青一代叫的上名字的天才哥都是毛子啊,心若飞尘,https://bbs.nga.cn/read.php?tid=47443000,怎么感觉年青一代叫的上名字的天才哥都是毛子啊,0,26,CS:GO
2026-08-26 10:23:00,巴西人与巴西人交手就是大喊大叫，就像是一场战争,beelee血枫,https://bbs.nga.cn/read.php?tid=47441984,巴西人与巴西人交手就是大喊大叫，就像是一场战争,0,2,CS:GO
2026-08-26 10:18:27,molodoy谈与paiN的对决:和巴西队伍交手总是很困难,A13135903488,https://bbs.nga.cn/read.php?tid=47441944,molodoy谈与paiN的对决:和巴西队伍交手总是很困难,0,0,CS:GO
2026-08-26 06:52:13,zont1x:随着每一年过去，火力的重要性都在不断降低,各自的一年,https://bbs.nga.cn/read.php?tid=47441023,zont1x:随着每一年过去，火力的重要性都在不断降低,0,28,CS:GO
2026-08-26 01:52:58,来不及清算和庆祝了，马上迎来新比赛了,swc099,https://bbs.nga.cn/read.php?tid=47440703,来不及清算和庆祝了，马上迎来新比赛了,0,14,CS:GO
2026-08-25 22:57:10,cmtry：不知道观众“哦”些什么,荷笠归远,https://bbs.nga.cn/read.php?tid=47440103,cmtry：不知道观众“哦”些什么,0,8,CS:GO
2026-08-25 21:50:23,感觉驴的女朋友相当“嘉欣”,林映纯学姐,https://bbs.nga.cn/read.php?tid=47439792,感觉驴的女朋友相当“嘉欣”,0,21,CS:GO
2026-08-25 21:30:59,有没有做cs编年史之类节目的博主？,LEECUEX,https://bbs.nga.cn/read.php?tid=47439683,有没有做cs编年史之类节目的博主？,0,27,CS:GO
2026-08-25 19:48:43,挂两个3000小时仍在c段组队炸鱼，并且故意输控分的,现世歌凉,https://bbs.nga.cn/read.php?tid=47439174,挂两个3000小时仍在c段组队炸鱼，并且故意输控分的,0,8,CS:GO
2026-08-25 18:20:54,过去的rt方式容易产出瘤子，现在的rt容易产出蹭局势。,我喜欢追寻光的自己,https://bbs.nga.cn/read.php?tid=47438715,过去的rt方式容易产出瘤子，现在的rt容易产出蹭局势。,0,12,CS:GO
2026-08-25 17:36:07,若：什么叫选择&gt;努力，sh1ro追平s1mple成为独联体奖杯最多的选手   ,swc099,https://bbs.nga.cn/read.php?tid=47438511,若：什么叫选择&gt;努力，sh1ro追平s1mple成为独联体奖杯最多的选手   ,0,22,CS:GO
2026-08-25 16:39:36,Boombl4分享心目中的俄罗斯梦之队,露露yl,https://bbs.nga.cn/read.php?tid=47438207,Boombl4分享心目中的俄罗斯梦之队,0,7,CS:GO
2026-08-25 16:25:44,如果绿龙死城之谜没有大的进步，下半年打这几个强队真的很劣势,鹏鹏0218,https://bbs.nga.cn/read.php?tid=47438135,如果绿龙死城之谜没有大的进步，下半年打这几个强队真的很劣势,0,33,CS:GO
2026-08-25 15:18:38,有同时看cs和dota的进来，为什么两个分部场馆待遇差这么多,青云剑辰,https://bbs.nga.cn/read.php?tid=47437759,有同时看cs和dota的进来，为什么两个分部场馆待遇差这么多,0,29,CS:GO
2026-08-25 13:07:31,绿龙的t方感觉老想玩点复杂的战术,键来1,https://bbs.nga.cn/read.php?tid=47437108,绿龙的t方感觉老想玩点复杂的战术,0,11,CS:GO
2026-08-25 12:35:44,找到了！世界线的开始！！！,永远的王者罗,https://bbs.nga.cn/read.php?tid=47436940,找到了！世界线的开始！！！,0,0,CS:GO
2026-08-25 10:44:03,高手不赢手枪局的原因是什么,枢星子,https://bbs.nga.cn/read.php?tid=47436254,高手不赢手枪局的原因是什么,0,11,CS:GO
2026-08-25 10:06:43,LVG为啥不打一些10万刀比赛？,kkkkng,https://bbs.nga.cn/read.php?tid=47435957,LVG为啥不打一些10万刀比赛？,0,31,CS:GO
2026-08-25 09:43:26,现在挂是不是很泛滥？,夜之陨星,https://bbs.nga.cn/read.php?tid=47435828,现在挂是不是很泛滥？,0,56,CS:GO
2026-08-25 09:07:44,都说宗主因为国籍问题在镜头前很克制，那为啥鸭头肉就没事。,鹏鹏0218,https://bbs.nga.cn/read.php?tid=47435627,都说宗主因为国籍问题在镜头前很克制，那为啥鸭头肉就没事。,0,22,CS:GO
2026-08-25 08:56:21,阿雨老汤怎么预选赛被踢死了,溜冰小飞侠,https://bbs.nga.cn/read.php?tid=47435581,阿雨老汤怎么预选赛被踢死了,0,4,CS:GO
2026-08-25 03:53:28,找队友 完美1.46钻s 有一起玩的可以dd 语音频道kook：77876236,孟小轩cs2,https://bbs.nga.cn/read.php?tid=47435151,找队友 完美1.46钻s 有一起玩的可以dd 语音频道kook：77876236,0,2,CS:GO
2026-08-24 23:21:29,IEM北京站公开预选赛进入16强阶段,露露yl,https://bbs.nga.cn/read.php?tid=47434540,IEM北京站公开预选赛进入16强阶段,0,1,CS:GO
2026-08-24 22:38:37,继续聊聊我觉得最搞笑的烂梗if,禹后清 晨,https://bbs.nga.cn/read.php?tid=47434344,继续聊聊我觉得最搞笑的烂梗if,0,32,CS:GO
2026-08-24 22:15:20,电子竞技基金会副首席运营官专访:EWC迁址、赛事未来与CS新赛制,A13135903488,https://bbs.nga.cn/read.php?tid=47434233,电子竞技基金会副首席运营官专访:EWC迁址、赛事未来与CS新赛制,0,20,CS:GO
2026-08-24 22:11:20,sh1ro动态:具有纪念意义的第10座冠军奖杯，爱我的妻子,beelee血枫,https://bbs.nga.cn/read.php?tid=47434216,sh1ro动态:具有纪念意义的第10座冠军奖杯，爱我的妻子,0,9,CS:GO
2026-08-24 20:06:28,donk超越b1t成为史上最年轻的百万美元奖金选手,swc099,https://bbs.nga.cn/read.php?tid=47433691,donk超越b1t成为史上最年轻的百万美元奖金选手,0,36,CS:GO
2026-08-24 18:31:14,我们精疲力竭了，而且你能看出来Ancient的失利对他们打击很大,A18837282786,https://bbs.nga.cn/read.php?tid=47433258,我们精疲力竭了，而且你能看出来Ancient的失利对他们打击很大,0,0,CS:GO
2026-08-24 18:26:04,donk再次表忠心，表示一辈子职业生涯都在绿龙度过,五十钱啊,https://bbs.nga.cn/read.php?tid=47433222,donk再次表忠心，表示一辈子职业生涯都在绿龙度过,0,68,CS:GO
2026-08-24 18:21:38,EWC 回顾、寻找 FalleN 替代者，以及 BLAST 波尔图站目标,A18837282786,https://bbs.nga.cn/read.php?tid=47433203,EWC 回顾、寻找 FalleN 替代者，以及 BLAST 波尔图站目标,0,0,CS:GO
2026-08-24 18:19:55,虽然绿龙没参加iem北京,咕咕就是咕咕,https://bbs.nga.cn/read.php?tid=47433194,虽然绿龙没参加iem北京,0,10,CS:GO
2026-08-24 16:29:00,别纠结了，准备看猎鹰复仇记,Clyneathrun,https://bbs.nga.cn/read.php?tid=47432594,别纠结了，准备看猎鹰复仇记,0,35,CS:GO
2026-08-24 16:22:13,话说绿龙这次底座怎么不选fut选了b8啊，有什么说法,赠人玫瑰手留余香,https://bbs.nga.cn/read.php?tid=47432557,话说绿龙这次底座怎么不选fut选了b8啊，有什么说法,0,5,CS:GO
2026-08-24 16:20:48,有没有经常打完美和官皮的队友？想找几个人一起组队打，官皮太难了。,Yuddy旭,https://bbs.nga.cn/read.php?tid=47432550,有没有经常打完美和官皮的队友？想找几个人一起组队打，官皮太难了。,0,0,CS:GO
2026-08-24 14:36:19,这届ewc的最佳阵容你能怎么选？,jcuddk,https://bbs.nga.cn/read.php?tid=47431988,这届ewc的最佳阵容你能怎么选？,0,11,CS:GO
2026-08-24 13:58:30,不久前很多人都在说载物今年TOP1稳的一批，DONK估计连TOP2都难,GGGandGG,https://bbs.nga.cn/read.php?tid=47431782,不久前很多人都在说载物今年TOP1稳的一批，DONK估计连TOP2都难,0,26,CS:GO
2026-08-24 12:55:18,[赛事] Donk和绿龙本质奖杯收集者,Derelexanda,https://bbs.nga.cn/read.php?tid=47431474,[赛事] Donk和绿龙本质奖杯收集者,0,3,CS:GO
2026-08-24 12:46:57,孩子们，双教练是对的,Tikei,https://bbs.nga.cn/read.php?tid=47431425,孩子们，双教练是对的,0,19,CS:GO
2026-08-24 12:45:09,这次EWC的中文翻译有没有社交平台账号？,冷冽谷的波尔多1,https://bbs.nga.cn/read.php?tid=47431414,这次EWC的中文翻译有没有社交平台账号？,0,4,CS:GO
2026-08-24 12:19:28,Try：ewc首次让我证明自己，我把他当最后一次机会来对待,荷笠归远,https://bbs.nga.cn/read.php?tid=47431260,Try：ewc首次让我证明自己，我把他当最后一次机会来对待,0,4,CS:GO
2026-08-24 12:16:12,索菲克这回真爆了！！,aabbac,https://bbs.nga.cn/read.php?tid=47431238,索菲克这回真爆了！！,0,11,CS:GO
2026-08-24 12:09:46,绿龙真的好懒啊,永远的王者罗,https://bbs.nga.cn/read.php?tid=47431211,绿龙真的好懒啊,0,35,CS:GO
2026-08-24 12:05:44,[赛事]这决赛宗宗进化成棕色了啊,Lloyd不做决定,https://bbs.nga.cn/read.php?tid=47431190,[赛事]这决赛宗宗进化成棕色了啊,0,0,CS:GO
2026-08-24 11:26:47,开爆！Donk看到哈利被奖牌单杀，竟高举双手庆祝,轮椅术士小宝,https://bbs.nga.cn/read.php?tid=47430942,开爆！Donk看到哈利被奖牌单杀，竟高举双手庆祝,0,8,CS:GO
2026-08-24 10:58:10,donk&amp;magixx赛后采访:这对我们俱乐部来说意义重大,A13135903488,https://bbs.nga.cn/read.php?tid=47430707,donk&amp;magixx赛后采访:这对我们俱乐部来说意义重大,0,4,CS:GO
2026-08-24 10:54:53,春风得意!Spirit俱乐部一日之内连续赢得T|和EWC冠军,beelee血枫,https://bbs.nga.cn/read.php?tid=47430680,春风得意!Spirit俱乐部一日之内连续赢得T|和EWC冠军,0,0,CS:GO
2026-08-24 10:42:28,无人在意的角落，BC Game 又被一脚踢死了。失去了来北京的资格,Yuddy旭,https://bbs.nga.cn/read.php?tid=47430584,无人在意的角落，BC Game 又被一脚踢死了。失去了来北京的资格,0,11,CS:GO
2026-08-24 10:36:28,哈利再次证明自己的执教能力,tomkoo,https://bbs.nga.cn/read.php?tid=47430542,哈利再次证明自己的执教能力,0,14,CS:GO
2026-08-24 10:02:06,都说绿龙也是神队，但绿龙成绩还真挺稳定的,a465711973,https://bbs.nga.cn/read.php?tid=47430279,都说绿龙也是神队，但绿龙成绩还真挺稳定的,0,34,CS:GO
2026-08-24 08:13:31,怎么没人喷哈利啊,彼身非复旧时身,https://bbs.nga.cn/read.php?tid=47429648,怎么没人喷哈利啊,0,32,CS:GO
2026-08-24 08:12:14,if FUT ban的是核子,wer1111,https://bbs.nga.cn/read.php?tid=47429645,if FUT ban的是核子,0,44,CS:GO
2026-08-24 07:48:11,donk进场老搞这么帅,永远的王者罗,https://bbs.nga.cn/read.php?tid=47429581,donk进场老搞这么帅,0,5,CS:GO
2026-08-24 07:42:11,在不为人知的角落，BCG在IEM北京预选赛上被一脚踢死了,久野かずや,https://bbs.nga.cn/read.php?tid=47429567,在不为人知的角落，BCG在IEM北京预选赛上被一脚踢死了,0,16,CS:GO
2026-08-24 04:55:39,我感觉device的历史地位被低估了,Kalpo,https://bbs.nga.cn/read.php?tid=47429420,我感觉device的历史地位被低估了,0,58,CS:GO
2026-08-24 02:17:27,好了，我的预言成真了，是时候讨论一下spirit的历史地位了,絔夜殇,https://bbs.nga.cn/read.php?tid=47429278,好了，我的预言成真了，是时候讨论一下spirit的历史地位了,0,18,CS:GO
2026-08-24 02:06:44,[赛事] 绿龙长枪局还是太强了。。今天又输了不少手枪局吧,whisper131415,https://bbs.nga.cn/read.php?tid=47429257,[赛事] 绿龙长枪局还是太强了。。今天又输了不少手枪局吧,0,27,CS:GO
2026-08-24 01:54:08,小驴:一想到接下来会发生什么我就想笑,Tikei,https://bbs.nga.cn/read.php?tid=47429235,小驴:一想到接下来会发生什么我就想笑,0,1,CS:GO
2026-08-24 01:35:26,ewc是个什么级别的赛事,疏影渐斜,https://bbs.nga.cn/read.php?tid=47429182,ewc是个什么级别的赛事,0,37,CS:GO
2026-08-24 01:30:30,这么看哈利病的那一次确实改变了绿龙的世界线啊,莫哈维游骑兵,https://bbs.nga.cn/read.php?tid=47429162,这么看哈利病的那一次确实改变了绿龙的世界线啊,0,21,CS:GO
2026-08-24 01:22:11,宗主亲自认证烂梗,穆云霄,https://bbs.nga.cn/read.php?tid=47429132,宗主亲自认证烂梗,0,1,CS:GO
2026-08-24 01:21:40,从人山人海，两兄弟，再到人山人海,swc099,https://bbs.nga.cn/read.php?tid=47429131,从人山人海，两兄弟，再到人山人海,0,1,CS:GO
2026-08-24 01:18:30,今天宗主难得暴力发挥，发点宗宗的建模图吧,残星月影S,https://bbs.nga.cn/read.php?tid=47429127,今天宗主难得暴力发挥，发点宗宗的建模图吧,0,7,CS:GO
2026-08-24 01:11:12,绿龙最后底座选了JIJIEHAO B8还有哪个队啊,今天我健康,https://bbs.nga.cn/read.php?tid=47429103,绿龙最后底座选了JIJIEHAO B8还有哪个队啊,0,11,CS:GO
2026-08-24 01:05:40,世 界 名 画,可爱的小阿喵,https://bbs.nga.cn/read.php?tid=47429082,世 界 名 画,0,10,CS:GO
2026-08-24 01:05:28,那个大个子是谁？魔山？,zmzhydron2,https://bbs.nga.cn/read.php?tid=47429078,那个大个子是谁？魔山？,0,5,CS:GO
2026-08-24 01:03:23,距离下个blast很接近，没时间练图了,swc099,https://bbs.nga.cn/read.php?tid=47429070,距离下个blast很接近，没时间练图了,0,34,CS:GO
2026-08-24 01:02:36,Ewc赛事，donk17图1.5rating夺冠,荷笠归远,https://bbs.nga.cn/read.php?tid=47429068,Ewc赛事，donk17图1.5rating夺冠,0,16,CS:GO
2026-08-24 01:02:22,宗主上台这个回头的侧脸真帅吧,w40243062,https://bbs.nga.cn/read.php?tid=47429066,宗主上台这个回头的侧脸真帅吧,0,12,CS:GO
2026-08-24 01:01:54,等下，石油杯是CSGO最后压底吗？,二十八号技师,https://bbs.nga.cn/read.php?tid=47429063,等下，石油杯是CSGO最后压底吗？,0,16,CS:GO
2026-08-24 01:01:29,年度最佳俱乐部有机会了，一天2个大冠军,浮云象床,https://bbs.nga.cn/read.php?tid=47429058,年度最佳俱乐部有机会了，一天2个大冠军,0,13,CS:GO
2026-08-24 01:00:38,驴这算大满贯了吗,mooreduo,https://bbs.nga.cn/read.php?tid=47429057,驴这算大满贯了吗,0,17,CS:GO
2026-08-24 01:00:32,终于结束了,溜冰小飞侠,https://bbs.nga.cn/read.php?tid=47429056,终于结束了,0,5,CS:GO
2026-08-24 01:00:29,宗主有点惨啊,陆苍苔,https://bbs.nga.cn/read.php?tid=47429055,宗主有点惨啊,0,8,CS:GO
2026-08-24 00:59:36,冷知识 集结号在ewc对绿龙的胜率仍然是百分百,百裂冲击,https://bbs.nga.cn/read.php?tid=47429052,冷知识 集结号在ewc对绿龙的胜率仍然是百分百,0,3,CS:GO
2026-08-24 00:57:23,我宗帅啊啊啊啊啊啊啊啊啊啊啊啊啊啊啊,燕窝粥123,https://bbs.nga.cn/read.php?tid=47429046,我宗帅啊啊啊啊啊啊啊啊啊啊啊啊啊啊啊,0,0,CS:GO
2026-08-24 00:56:16,奖杯差点完成了所有驴美想做的事情,咋没的,https://bbs.nga.cn/read.php?tid=47429034,奖杯差点完成了所有驴美想做的事情,0,4,CS:GO
2026-08-24 00:55:51,这个demon是何许人也？,大白给师,https://bbs.nga.cn/read.php?tid=47429030,这个demon是何许人也？,0,24,CS:GO
2026-08-24 00:53:57,捧盘子啊，绿龙第一次捧石油杯奖杯没经验,JoyHunos,https://bbs.nga.cn/read.php?tid=47429026,捧盘子啊，绿龙第一次捧石油杯奖杯没经验,0,14,CS:GO
2026-08-24 00:51:42,经典小驴结束比赛剧情,aabbac,https://bbs.nga.cn/read.php?tid=47429016,经典小驴结束比赛剧情,0,31,CS:GO
2026-08-24 00:50:59,这是不是最恶心的现场之一了,Tikei,https://bbs.nga.cn/read.php?tid=47429012,这是不是最恶心的现场之一了,0,48,CS:GO
2026-08-24 00:50:18,恭喜绿龙,幸运ee,https://bbs.nga.cn/read.php?tid=47429007,恭喜绿龙,0,3,CS:GO
2026-08-24 00:41:15,rop棕真的强吧,xyzond,https://bbs.nga.cn/read.php?tid=47428964,rop棕真的强吧,0,2,CS:GO
2026-08-24 00:37:54,看来确实借了这一分,Jc03,https://bbs.nga.cn/read.php?tid=47428950,看来确实借了这一分,0,18,CS:GO
2026-08-24 00:34:51,绿龙今天2冠军，都是败者组/死亡半区打上来的。俄罗斯/塞尔维亚的黄金时代来临了,omelons,https://bbs.nga.cn/read.php?tid=47428931,绿龙今天2冠军，都是败者组/死亡半区打上来的。俄罗斯/塞尔维亚的黄金时代来临了,0,2,CS:GO
2026-08-24 00:34:32,G，兵败如山倒，甘拜下风，改日再战，fut且战且退，fut面如死灰，fut打出了gg,轮椅术士小宝,https://bbs.nga.cn/read.php?tid=47428928,G，兵败如山倒，甘拜下风，改日再战，fut且战且退，fut面如死灰，fut打出了gg,0,5,CS:GO
2026-08-24 00:32:17,结束了结束了，这核子FUT玩不了一点,可爱的小阿喵,https://bbs.nga.cn/read.php?tid=47428920,结束了结束了，这核子FUT玩不了一点,0,0,CS:GO
2026-08-24 00:29:03,cmtry连坑四把？,如我西迟5,https://bbs.nga.cn/read.php?tid=47428905,cmtry连坑四把？,0,18,CS:GO
2026-08-24 00:21:24,宗宗今天真有点强吧,丝瓜菓菓,https://bbs.nga.cn/read.php?tid=47428867,宗宗今天真有点强吧,0,29,CS:GO
2026-08-24 00:10:04,Nuke胜率fut是0…绿龙也不高，难道图4是病友的互相发病局吗,轮椅术士小宝,https://bbs.nga.cn/read.php?tid=47428810,Nuke胜率fut是0…绿龙也不高，难道图4是病友的互相发病局吗,0,22,CS:GO
2026-08-24 00:01:28,感觉核子fut要兵败如山倒了,shsjsjsbsnsksksj,https://bbs.nga.cn/read.php?tid=47428761,感觉核子fut要兵败如山倒了,0,20,CS:GO
2026-08-24 00:01:23,donk燃尽了？,永远的王者罗,https://bbs.nga.cn/read.php?tid=47428760,donk燃尽了？,0,26,CS:GO
2026-08-24 00:01:16,rating前27名，在打决赛的人只剩下三个人了,JoyHunos,https://bbs.nga.cn/read.php?tid=47428759,rating前27名，在打决赛的人只剩下三个人了,0,0,CS:GO
2026-08-23 23:56:01,没有图四了 兄弟们,PedroGonzalez,https://bbs.nga.cn/read.php?tid=47428731,没有图四了 兄弟们,0,0,CS:GO
2026-08-23 23:55:05,FUT的混烟是真的有说法…每次都能混，每次混不死，然后出事,轮椅术士小宝,https://bbs.nga.cn/read.php?tid=47428725,FUT的混烟是真的有说法…每次都能混，每次混不死，然后出事,0,4,CS:GO
2026-08-23 23:55:05,结束了。。吗？,可爱的小阿喵,https://bbs.nga.cn/read.php?tid=47428724,结束了。。吗？,0,21,CS:GO
2026-08-23 23:54:10,卧槽。这决赛真精彩啊,aabbac,https://bbs.nga.cn/read.php?tid=47428718,卧槽。这决赛真精彩啊,0,3,CS:GO
2026-08-23 23:53:56,大彩笔cmtry,丹塔里奥,https://bbs.nga.cn/read.php?tid=47428715,大彩笔cmtry,0,0,CS:GO
2026-08-23 23:53:42,我草 这图3赢得也太离谱了,沧海朱泪,https://bbs.nga.cn/read.php?tid=47428714,我草 这图3赢得也太离谱了,0,0,CS:GO
2026-08-23 23:53:30,我草，宗主！,陆苍苔,https://bbs.nga.cn/read.php?tid=47428712,我草，宗主！,0,17,CS:GO
2026-08-23 23:49:05,我现在只想看有一个队伍和绿龙打到bo5的第三个加时,丢人杯,https://bbs.nga.cn/read.php?tid=47428698,我现在只想看有一个队伍和绿龙打到bo5的第三个加时,0,0,CS:GO
2026-08-23 23:43:04,demon还是别锤桌子了,迈向神境的作家,https://bbs.nga.cn/read.php?tid=47428663,demon还是别锤桌子了,0,1,CS:GO
2026-08-23 23:37:41,我抄你的麻神一打决赛就life game啊,a5194775,https://bbs.nga.cn/read.php?tid=47428627,我抄你的麻神一打决赛就life game啊,0,2,CS:GO
2026-08-23 23:37:04,fut这个狙菜的有点离谱了吧,迈向神境的作家,https://bbs.nga.cn/read.php?tid=47428621,fut这个狙菜的有点离谱了吧,0,21,CS:GO
2026-08-23 23:36:31,若怎么打的和三线狙击手一样,吃瓜啦,https://bbs.nga.cn/read.php?tid=47428616,若怎么打的和三线狙击手一样,0,6,CS:GO
2026-08-23 23:35:01,好了图五见，fut不会打nuke,丹塔里奥,https://bbs.nga.cn/read.php?tid=47428605,好了图五见，fut不会打nuke,0,2,CS:GO
2026-08-23 23:35:01,哈龙t为啥这么便秘啊,媚舞,https://bbs.nga.cn/read.php?tid=47428604,哈龙t为啥这么便秘啊,0,6,CS:GO
2026-08-23 23:32:52,绿龙不会输了吧,小师叔不小,https://bbs.nga.cn/read.php?tid=47428582,绿龙不会输了吧,0,5,CS:GO
2026-08-23 23:28:19,怎么感觉绿龙三张图的指挥都被爆烂了,JoyHunos,https://bbs.nga.cn/read.php?tid=47428552,怎么感觉绿龙三张图的指挥都被爆烂了,0,5,CS:GO
2026-08-23 23:22:05,好不容易赢了个手枪，又输强起,LeoのAiolia,https://bbs.nga.cn/read.php?tid=47428515,好不容易赢了个手枪，又输强起,0,2,CS:GO
2026-08-23 23:17:44,有一说一，晚上的比赛比科隆majar好看,轮椅术士小宝,https://bbs.nga.cn/read.php?tid=47428487,有一说一，晚上的比赛比科隆majar好看,0,7,CS:GO
2026-08-23 23:14:14,这FUT真厉害吧。,zxxcccvvvv01,https://bbs.nga.cn/read.php?tid=47428463,这FUT真厉害吧。,0,5,CS:GO
2026-08-23 23:14:06,没看图二，但是就昨天和今天看下来宗宗真没毛吧,心若飞尘,https://bbs.nga.cn/read.php?tid=47428460,没看图二，但是就昨天和今天看下来宗宗真没毛吧,0,20,CS:GO
2026-08-23 23:06:58,对面最多强起还糯防放对面进来下包和对面打回防近战？,月灀,https://bbs.nga.cn/read.php?tid=47428411,对面最多强起还糯防放对面进来下包和对面打回防近战？,0,7,CS:GO
2026-08-23 22:54:53,MIBR将引进tomaszin?,露露yl,https://bbs.nga.cn/read.php?tid=47428333,MIBR将引进tomaszin?,0,0,CS:GO
2026-08-23 22:53:42,今日绿龙手枪局1-4,JoyHunos,https://bbs.nga.cn/read.php?tid=47428322,今日绿龙手枪局1-4,0,8,CS:GO
2026-08-23 22:45:00,两个半小时打两把，也就是说,为利往名来,https://bbs.nga.cn/read.php?tid=47428269,两个半小时打两把，也就是说,0,2,CS:GO
2026-08-23 22:31:23,这cmtry是真泯啊 要在混子冠军和背锅位里做选择了,如我西迟5,https://bbs.nga.cn/read.php?tid=47428179,这cmtry是真泯啊 要在混子冠军和背锅位里做选择了,0,1,CS:GO
2026-08-23 22:25:09,又要加时抢四了,如我西迟5,https://bbs.nga.cn/read.php?tid=47428135,又要加时抢四了,0,2,CS:GO
2026-08-23 22:24:49,这也能加时啊，年轻人劲儿就是大啊,aabbac,https://bbs.nga.cn/read.php?tid=47428133,这也能加时啊，年轻人劲儿就是大啊,0,2,CS:GO
2026-08-23 22:22:52,[赛事]donk不会成了上海那年的丫丫了吧,Vita1ity,https://bbs.nga.cn/read.php?tid=47428110,[赛事]donk不会成了上海那年的丫丫了吧,0,0,CS:GO
2026-08-23 22:06:41,[赛事] 今天20个斯拉夫人争夺冠军,Roll专用,https://bbs.nga.cn/read.php?tid=47427987,[赛事] 今天20个斯拉夫人争夺冠军,0,4,CS:GO
2026-08-23 21:48:28,玩大手头像怎么是伊莉雅？,如我西迟5,https://bbs.nga.cn/read.php?tid=47427840,玩大手头像怎么是伊莉雅？,0,2,CS:GO
2026-08-23 21:40:33,东方体育中心，绿龙唯一指定夺冠场馆,梦的单行线,https://bbs.nga.cn/read.php?tid=47427725,东方体育中心，绿龙唯一指定夺冠场馆,0,1,CS:GO
2026-08-23 21:39:20,驴小弟：丫大哥，你到底借了多少分？,迈向神境的作家,https://bbs.nga.cn/read.php?tid=47427704,驴小弟：丫大哥，你到底借了多少分？,0,41,CS:GO
2026-08-23 21:39:08,donk:yatoro哥啊，你这借三分不会是三大分吧,吾神风待葬,https://bbs.nga.cn/read.php?tid=47427702,donk:yatoro哥啊，你这借三分不会是三大分吧,0,1,CS:GO
2026-08-23 21:38:15,yatoro(已三冠):驴小弟这人实在，说借分就借分,严了个肃,https://bbs.nga.cn/read.php?tid=47427686,yatoro(已三冠):驴小弟这人实在，说借分就借分,0,3,CS:GO
2026-08-23 21:37:49,鬼鬼，这XFLOUD来FUT变大哥了,轮椅术士小宝,https://bbs.nga.cn/read.php?tid=47427677,鬼鬼，这XFLOUD来FUT变大哥了,0,0,CS:GO
2026-08-23 21:16:38,所以说天禄输给扶他情有可原喽。,寒王爱坐牢,https://bbs.nga.cn/read.php?tid=47427468,所以说天禄输给扶他情有可原喽。,0,3,CS:GO
2026-08-23 21:16:34,紧急重新评估动物园实力,心若飞尘,https://bbs.nga.cn/read.php?tid=47427465,紧急重新评估动物园实力,0,8,CS:GO
2026-08-23 20:58:36,万一，我说万一奥，fut把绿龙创飞了，那岂不是炸的一比进去清算时刻？,轮椅术士小宝,https://bbs.nga.cn/read.php?tid=47427324,万一，我说万一奥，fut把绿龙创飞了，那岂不是炸的一比进去清算时刻？,0,7,CS:GO
2026-08-23 20:44:23,这比赛好难看啊,溜冰小飞侠,https://bbs.nga.cn/read.php?tid=47427257,这比赛好难看啊,0,9,CS:GO
2026-08-23 20:34:59,这比赛真好看吧,哇我裂开,https://bbs.nga.cn/read.php?tid=47427203,这比赛真好看吧,0,6,CS:GO
2026-08-23 20:33:06,终于有一个愿意和绿龙平等对枪的队伍了,咋没的,https://bbs.nga.cn/read.php?tid=47427197,终于有一个愿意和绿龙平等对枪的队伍了,0,1,CS:GO
2026-08-23 20:33:00,可是宗宗也…,荷笠归远,https://bbs.nga.cn/read.php?tid=47427195,可是宗宗也…,0,8,CS:GO
2026-08-23 20:31:25,听说对面的小恶魔go时代就和小驴一起玩？驴友？,jcuddk,https://bbs.nga.cn/read.php?tid=47427180,听说对面的小恶魔go时代就和小驴一起玩？驴友？,0,1,CS:GO
2026-08-23 20:20:33,fut vs spirit,花雪有寒,https://bbs.nga.cn/read.php?tid=47427125,fut vs spirit,0,163,CS:GO
2026-08-23 20:15:37,EWC 场面有点大啊,失序的时间,https://bbs.nga.cn/read.php?tid=47427098,EWC 场面有点大啊,0,3,CS:GO
2026-08-23 20:01:12,yatoro：借一分，随便从哪(绝望的借分),絔夜殇,https://bbs.nga.cn/read.php?tid=47427017,yatoro：借一分，随便从哪(绝望的借分),0,21,CS:GO
2026-08-23 19:20:43,今晚主题，拉尔和宗主那个更处,沧海朱泪,https://bbs.nga.cn/read.php?tid=47426786,今晚主题，拉尔和宗主那个更处,0,14,CS:GO
2026-08-23 19:12:45,菊花队真的是敢打敢拼啊,哇我裂开,https://bbs.nga.cn/read.php?tid=47426752,菊花队真的是敢打敢拼啊,0,2,CS:GO
2026-08-23 19:10:39,legacy数值真的很高,燕窝粥123,https://bbs.nga.cn/read.php?tid=47426739,legacy数值真的很高,0,3,CS:GO
2026-08-23 19:02:26,@yatoro：借一分，晚上驴小弟还,binary_star,https://bbs.nga.cn/read.php?tid=47426684,@yatoro：借一分，晚上驴小弟还,0,9,CS:GO
2026-08-23 18:46:16,一把强狙带来的变化太大了,荷笠归远,https://bbs.nga.cn/read.php?tid=47426600,一把强狙带来的变化太大了,0,11,CS:GO
2026-08-23 18:30:23,对ti不熟悉，冠军能有多少刀啊,咋没的,https://bbs.nga.cn/read.php?tid=47426493,对ti不熟悉，冠军能有多少刀啊,0,24,CS:GO
2026-08-23 16:29:06,这个try是一直这样猛还是这个赛事啊,狗堂少,https://bbs.nga.cn/read.php?tid=47425807,这个try是一直这样猛还是这个赛事啊,0,8,CS:GO
2026-08-23 14:04:41,观ti有感为什么cs这边不给隔音房,carolynk,https://bbs.nga.cn/read.php?tid=47425021,观ti有感为什么cs这边不给隔音房,0,11,CS:GO
2026-08-23 13:35:51,今天Spirit两场总决赛，爽看,抗争的少年安陌卿,https://bbs.nga.cn/read.php?tid=47424862,今天Spirit两场总决赛，爽看,0,27,CS:GO
2026-08-23 13:10:58,动物园唯一一个掉出top5队伍的居然是它？,PentakiII,https://bbs.nga.cn/read.php?tid=47424730,动物园唯一一个掉出top5队伍的居然是它？,0,5,CS:GO
2026-08-23 12:17:11,大胆预测cs刀塔雪碧拿下双冠,小将克洛斯,https://bbs.nga.cn/read.php?tid=47424449,大胆预测cs刀塔雪碧拿下双冠,0,3,CS:GO
2026-08-23 10:05:57,决赛绿龙输了mvp应该也是donk的吧,樱飘雪的马甲,https://bbs.nga.cn/read.php?tid=47423729,决赛绿龙输了mvp应该也是donk的吧,0,8,CS:GO
2026-08-23 09:05:27,shiro也是越老越帅,aghhhhhhh,https://bbs.nga.cn/read.php?tid=47423486,shiro也是越老越帅,0,1,CS:GO
2026-08-23 08:31:49,[赛事] 今晚绝对是对枪的盛宴啊，谁怂谁先输一半。,Yuddy旭,https://bbs.nga.cn/read.php?tid=47423369,[赛事] 今晚绝对是对枪的盛宴啊，谁怂谁先输一半。,0,5,CS:GO
2026-08-23 06:37:15,为啥很多人说完美比5e强度高,纸箱里的大狸子,https://bbs.nga.cn/read.php?tid=47423197,为啥很多人说完美比5e强度高,0,31,CS:GO
2026-08-23 04:56:58,波哈双架的底层逻辑还是太硬了,chelly99,https://bbs.nga.cn/read.php?tid=47423128,波哈双架的底层逻辑还是太硬了,0,1,CS:GO
2026-08-23 04:21:27,明天BP有意思了，双方都不打小镇,swc099,https://bbs.nga.cn/read.php?tid=47423095,明天BP有意思了，双方都不打小镇,0,5,CS:GO
2026-08-23 04:13:39,这个菊花真有一线水平吧,枢星子,https://bbs.nga.cn/read.php?tid=47423086,这个菊花真有一线水平吧,0,22,CS:GO
2026-08-23 03:58:13,能被绿龙骗成功的队伍，哎植物园没了,omelons,https://bbs.nga.cn/read.php?tid=47423073,能被绿龙骗成功的队伍，哎植物园没了,0,12,CS:GO
2026-08-23 03:30:57,我算是看出来了，这就是超级U盘大战。,Charia,https://bbs.nga.cn/read.php?tid=47423043,我算是看出来了，这就是超级U盘大战。,0,7,CS:GO
2026-08-23 02:57:47,菊花沙二进攻拿一分，差距其实挺明显的.....,我喜欢追寻光的自己,https://bbs.nga.cn/read.php?tid=47423008,菊花沙二进攻拿一分，差距其实挺明显的.....,0,4,CS:GO
2026-08-23 02:53:49,依旧深夜沙二绿色对局,燕窝粥123,https://bbs.nga.cn/read.php?tid=47423000,依旧深夜沙二绿色对局,0,0,CS:GO
2026-08-23 02:53:37,[赛事] n1ssim神鬼二相性啊,八舞七曜,https://bbs.nga.cn/read.php?tid=47422998,[赛事] n1ssim神鬼二相性啊,0,17,CS:GO
2026-08-23 02:52:25,这观赏性，cs就得这么打。,enetnal,https://bbs.nga.cn/read.php?tid=47422996,这观赏性，cs就得这么打。,0,0,CS:GO
2026-08-23 02:51:27,对的对的，这才是我想看的cs！,胖成球了还吃,https://bbs.nga.cn/read.php?tid=47422995,对的对的，这才是我想看的cs！,0,15,CS:GO
2026-08-23 02:41:59,这菊花打绿龙跟天梯一样，小驴舒适区呗？,omelons,https://bbs.nga.cn/read.php?tid=47422985,这菊花打绿龙跟天梯一样，小驴舒适区呗？,0,3,CS:GO
2026-08-23 02:20:07,重新评估navi猎鹰强度,逃避可耻却总是有效,https://bbs.nga.cn/read.php?tid=47422931,重新评估navi猎鹰强度,0,7,CS:GO
2026-08-23 02:19:38,绿龙好像要被一脚踢死了(已拿下),aabbac,https://bbs.nga.cn/read.php?tid=47422930,绿龙好像要被一脚踢死了(已拿下),0,61,CS:GO
2026-08-23 02:07:30,知道为啥绿龙两个手枪高手，但是手枪局胜率很低了吧？,JoyHunos,https://bbs.nga.cn/read.php?tid=47422909,知道为啥绿龙两个手枪高手，但是手枪局胜率很低了吧？,0,1,CS:GO
2026-08-23 01:29:59,无人在意的角落，猎小鹰的700w好像要飞了,Aki黯沧,https://bbs.nga.cn/read.php?tid=47422827,无人在意的角落，猎小鹰的700w好像要飞了,0,43,CS:GO
2026-08-23 01:20:04,真是永远有人年轻,沧海yi声笑,https://bbs.nga.cn/read.php?tid=47422796,真是永远有人年轻,0,1,CS:GO
2026-08-23 01:14:47,妈妈则是不是现在头晕晕的,LightOfHeveN—,https://bbs.nga.cn/read.php?tid=47422782,妈妈则是不是现在头晕晕的,0,1,CS:GO
2026-08-23 01:13:39,要不navi把这navi青训弄回去得了，这tm主队还不如青训队呢,Mnryu,https://bbs.nga.cn/read.php?tid=47422778,要不navi把这navi青训弄回去得了，这tm主队还不如青训队呢,0,4,CS:GO
2026-08-23 01:11:31,扶她就是打的好哇,哇我裂开,https://bbs.nga.cn/read.php?tid=47422773,扶她就是打的好哇,0,7,CS:GO
2026-08-23 01:08:57,ewc看下来优秀的年轻狙击手还是有的,Haguliu,https://bbs.nga.cn/read.php?tid=47422760,ewc看下来优秀的年轻狙击手还是有的,0,8,CS:GO
2026-08-23 01:08:56,fut这是啥队伍啊，打得好啊,狗堂少,https://bbs.nga.cn/read.php?tid=47422759,fut这是啥队伍啊，打得好啊,0,11,CS:GO
2026-08-23 00:52:55,玩处什么情况，怎么突然不中立了,aabbac,https://bbs.nga.cn/read.php?tid=47422715,玩处什么情况，怎么突然不中立了,0,18,CS:GO
2026-08-23 00:24:49,小驴啊，你鸭哥哥问你借5分不过分吧？,絔夜殇,https://bbs.nga.cn/read.php?tid=47422593,小驴啊，你鸭哥哥问你借5分不过分吧？,0,12,CS:GO
2026-08-22 23:09:44,丫丫：明天多借几分，回去教小驴如何无解肥,omelons,https://bbs.nga.cn/read.php?tid=47422236,丫丫：明天多借几分，回去教小驴如何无解肥,0,21,CS:GO
2026-08-22 22:14:11,大胆预测，fut把黑豹创飞，决战波哈对冲,轮椅术士小宝,https://bbs.nga.cn/read.php?tid=47421909,大胆预测，fut把黑豹创飞，决战波哈对冲,0,6,CS:GO
2026-08-22 22:02:39,fut vs 黑豹,荷笠归远,https://bbs.nga.cn/read.php?tid=47421840,fut vs 黑豹,0,35,CS:GO
2026-08-22 15:44:19,flameZ：我们已经渴尽全力了，但没能在这届赛事中走得更远,A17630559072,https://bbs.nga.cn/read.php?tid=47419786,flameZ：我们已经渴尽全力了，但没能在这届赛事中走得更远,0,1,CS:GO
2026-08-22 15:38:20,很抱歉让大家失望了；找们知道自己的实力远不止今天所展现出来的这样,A17630559072,https://bbs.nga.cn/read.php?tid=47419758,很抱歉让大家失望了；找们知道自己的实力远不止今天所展现出来的这样,0,17,CS:GO
2026-08-22 15:10:59,个人觉得把对手打入经济局的选手不叫特,我喜欢追寻光的自己,https://bbs.nga.cn/read.php?tid=47419608,个人觉得把对手打入经济局的选手不叫特,0,9,CS:GO
2026-08-22 13:59:07,现在能否给打rank洗白,媚舞,https://bbs.nga.cn/read.php?tid=47419265,现在能否给打rank洗白,0,29,CS:GO
2026-08-22 13:59:02,谁有猎鹰对阵其他队伍的胜率图,国标新人,https://bbs.nga.cn/read.php?tid=47419264,谁有猎鹰对阵其他队伍的胜率图,0,0,CS:GO
2026-08-22 13:54:33,卧槽，居然赢了蜜蜂？再别说了剑指决赛。不管赢不赢小驴搞个mvp,omelons,https://bbs.nga.cn/read.php?tid=47419239,卧槽，居然赢了蜜蜂？再别说了剑指决赛。不管赢不赢小驴搞个mvp,0,5,CS:GO
2026-08-22 13:38:06,绿龙三个教练哈利frog和索菲克合体变成哈夫克了，载大哥他是没办法[笑哭],星见纯那,https://bbs.nga.cn/read.php?tid=47419170,绿龙三个教练哈利frog和索菲克合体变成哈夫克了，载大哥他是没办法[笑哭],0,3,CS:GO
2026-08-22 12:54:49,爆论，决赛菊花打fut,溜冰小飞侠,https://bbs.nga.cn/read.php?tid=47418968,爆论，决赛菊花打fut,0,18,CS:GO
2026-08-22 12:06:35,终于想通了为什么绿鹰老是输二线,铁马卧听风吹雨,https://bbs.nga.cn/read.php?tid=47418659,终于想通了为什么绿鹰老是输二线,0,9,CS:GO
2026-08-22 12:04:48,welcome magixx,荷笠归远,https://bbs.nga.cn/read.php?tid=47418650,welcome magixx,0,5,CS:GO
2026-08-22 12:02:15,预感蜜蜂下半年的大赛可能要颗粒无收了,姬棠格,https://bbs.nga.cn/read.php?tid=47418643,预感蜜蜂下半年的大赛可能要颗粒无收了,0,0,CS:GO
2026-08-22 11:41:35,绿龙又支棱起来，是不是和手枪局又硬起来有一点关系,请PSGLGD挑选英雄,https://bbs.nga.cn/read.php?tid=47418516,绿龙又支棱起来，是不是和手枪局又硬起来有一点关系,0,4,CS:GO
2026-08-22 11:15:10,说到底就是几个top哥带不动apex了,织命者卡洛斯,https://bbs.nga.cn/read.php?tid=47418354,说到底就是几个top哥带不动apex了,0,22,CS:GO
2026-08-22 10:53:01,如果抛弃ropz过往的成绩，最近的他和宗主差不了多少,雨中听雯,https://bbs.nga.cn/read.php?tid=47418228,如果抛弃ropz过往的成绩，最近的他和宗主差不了多少,0,17,CS:GO
2026-08-22 10:38:48,有一说一，虽然我盼着哈利滚蛋…但是昨晚吧…哈利确实没毛病,轮椅术士小宝,https://bbs.nga.cn/read.php?tid=47418131,有一说一，虽然我盼着哈利滚蛋…但是昨晚吧…哈利确实没毛病,0,17,CS:GO
2026-08-22 10:27:58,绿龙VS遗产，能不能把波哈打回原形,Missage,https://bbs.nga.cn/read.php?tid=47418059,绿龙VS遗产，能不能把波哈打回原形,0,14,CS:GO
2026-08-22 10:25:31,donk稳定逮捕apex,黑色火花27,https://bbs.nga.cn/read.php?tid=47418047,donk稳定逮捕apex,0,9,CS:GO
2026-08-22 09:56:37,绿龙对阵小蜜蜂打法又回归索菲克时期了有感觉吗？,aabbac,https://bbs.nga.cn/read.php?tid=47417884,绿龙对阵小蜜蜂打法又回归索菲克时期了有感觉吗？,0,5,CS:GO
2026-08-22 09:28:43,今天感觉哈利用人用对了啊,星见纯那,https://bbs.nga.cn/read.php?tid=47417728,今天感觉哈利用人用对了啊,0,4,CS:GO
2026-08-22 09:02:27,fut这个队伍未来会稳定到动物园外守门(4-7)的地位吗,丹塔里奥,https://bbs.nga.cn/read.php?tid=47417623,fut这个队伍未来会稳定到动物园外守门(4-7)的地位吗,0,9,CS:GO
2026-08-22 05:06:33,现在比赛的手枪局真的很关键吧,诗韵唐梦,https://bbs.nga.cn/read.php?tid=47417211,现在比赛的手枪局真的很关键吧,0,9,CS:GO
2026-08-22 04:24:29,看了比赛的形容一下今天apex有多出,师刀房,https://bbs.nga.cn/read.php?tid=47417179,看了比赛的形容一下今天apex有多出,0,15,CS:GO
2026-08-22 04:15:53,依旧师徒cs,燕窝粥123,https://bbs.nga.cn/read.php?tid=47417173,依旧师徒cs,0,0,CS:GO
2026-08-22 04:13:27,隐藏胜利点，马西西,swc099,https://bbs.nga.cn/read.php?tid=47417171,隐藏胜利点，马西西,0,1,CS:GO
2026-08-22 04:13:27,22-3的对位也太夸张了,吴钩子,https://bbs.nga.cn/read.php?tid=47417170,22-3的对位也太夸张了,0,24,CS:GO
2026-08-22 04:11:53,RT3.0到底膨不膨胀,zxxcccvvvv01,https://bbs.nga.cn/read.php?tid=47417169,RT3.0到底膨不膨胀,0,12,CS:GO
2026-08-22 04:05:32,谁还记得niko随口说的那句季军赛的玩笑,Ultraleucine,https://bbs.nga.cn/read.php?tid=47417161,谁还记得niko随口说的那句季军赛的玩笑,0,1,CS:GO
2026-08-22 04:02:43,麻绳在巴黎主场把小蜜蜂钥匙碾碎了,这就是国士无双,https://bbs.nga.cn/read.php?tid=47417158,麻绳在巴黎主场把小蜜蜂钥匙碾碎了,0,5,CS:GO
2026-08-22 04:02:31,载大哥转战三角洲吧,断水流二师叔,https://bbs.nga.cn/read.php?tid=47417156,载大哥转战三角洲吧,0,0,CS:GO
2026-08-22 04:02:27,绿龙居然要发挥到这种程度才能赢,黑太子丨爱德华,https://bbs.nga.cn/read.php?tid=47417155,绿龙居然要发挥到这种程度才能赢,0,22,CS:GO
2026-08-22 04:01:23,王朝就此落幕,LeonMathilda,https://bbs.nga.cn/read.php?tid=47417153,王朝就此落幕,0,29,CS:GO
2026-08-22 04:01:04,太猛了，donk太猛了,永远的王者罗,https://bbs.nga.cn/read.php?tid=47417150,太猛了，donk太猛了,0,1,CS:GO
2026-08-22 03:59:33,Apex被magixx爆爛了,凉子大神,https://bbs.nga.cn/read.php?tid=47417147,Apex被magixx爆爛了,0,7,CS:GO
2026-08-22 03:59:07,蜜蜂现在是一个强图都没了,生命之祭,https://bbs.nga.cn/read.php?tid=47417146,蜜蜂现在是一个强图都没了,0,17,CS:GO
2026-08-22 03:57:52,小蜜蜂队里有人不想赢,zzyuan3000,https://bbs.nga.cn/read.php?tid=47417144,小蜜蜂队里有人不想赢,0,20,CS:GO
2026-08-22 03:57:46,蜜蜂王朝宣告结束,大白给师,https://bbs.nga.cn/read.php?tid=47417143,蜜蜂王朝宣告结束,0,10,CS:GO
2026-08-22 03:57:30,草！拿下！就在今天！,EtihwQ,https://bbs.nga.cn/read.php?tid=47417142,草！拿下！就在今天！,0,17,CS:GO
2026-08-22 03:57:29,赛后，apex在采访中向粉丝表示了道歉,丢人杯,https://bbs.nga.cn/read.php?tid=47417141,赛后，apex在采访中向粉丝表示了道歉,0,29,CS:GO
2026-08-22 03:57:23,确认了，小蜜蜂烂完了,C_Eriksson,https://bbs.nga.cn/read.php?tid=47417140,确认了，小蜜蜂烂完了,0,0,CS:GO
2026-08-22 03:56:52,apex和妹子快去生孩子吧,断水流二师叔,https://bbs.nga.cn/read.php?tid=47417139,apex和妹子快去生孩子吧,0,7,CS:GO
2026-08-22 03:53:57,6657的弹幕真的强,tmmter,https://bbs.nga.cn/read.php?tid=47417137,6657的弹幕真的强,0,3,CS:GO
2026-08-22 03:17:57,现在小蜜蜂的阿就是最菜图,petrel293,https://bbs.nga.cn/read.php?tid=47417089,现在小蜜蜂的阿就是最菜图,0,13,CS:GO
2026-08-22 03:11:41,这最后一波小蜜蜂很有设计啊,ccccc葱1,https://bbs.nga.cn/read.php?tid=47417079,这最后一波小蜜蜂很有设计啊,0,1,CS:GO
2026-08-22 03:11:22,今天hally的存在感好低啊,Eaglex3,https://bbs.nga.cn/read.php?tid=47417078,今天hally的存在感好低啊,0,6,CS:GO
2026-08-22 03:06:37,这马西西图二也太搞笑了吧？,好几块哈哈,https://bbs.nga.cn/read.php?tid=47417069,这马西西图二也太搞笑了吧？,0,0,CS:GO
2026-08-22 03:03:49,这个雷哈哈哈,什么都是黑白色？,https://bbs.nga.cn/read.php?tid=47417065,这个雷哈哈哈,0,1,CS:GO
2026-08-22 03:03:47,马圣是不是买了点什么,大白给师,https://bbs.nga.cn/read.php?tid=47417064,马圣是不是买了点什么,0,8,CS:GO
2026-08-22 03:03:43,年度搞笑击杀镜头TOP1有利竞争者,神山彩_AwK,https://bbs.nga.cn/read.php?tid=47417063,年度搞笑击杀镜头TOP1有利竞争者,0,6,CS:GO
2026-08-22 03:03:27,图二已这种方式结束的吗？？,aabbac,https://bbs.nga.cn/read.php?tid=47417062,图二已这种方式结束的吗？？,0,2,CS:GO
2026-08-22 03:03:03,这是真内鬼了，马出杀死比赛了,JoyHunos,https://bbs.nga.cn/read.php?tid=47417061,这是真内鬼了，马出杀死比赛了,0,13,CS:GO
2026-08-22 02:35:32,spinx即战力差不多超车主了,如我西迟5,https://bbs.nga.cn/read.php?tid=47417007,spinx即战力差不多超车主了,0,11,CS:GO
2026-08-22 02:11:55,若是不是快退役了,吃瓜啦,https://bbs.nga.cn/read.php?tid=47416954,若是不是快退役了,0,0,CS:GO
2026-08-22 01:50:48,在一万个时间线里有几个donk连拿四冠，野榜超载大哥,如我西迟5,https://bbs.nga.cn/read.php?tid=47416902,在一万个时间线里有几个donk连拿四冠，野榜超载大哥,0,4,CS:GO
2026-08-22 01:44:43,图一绿龙赢就赢在两个手枪局都拿下了,JoyHunos,https://bbs.nga.cn/read.php?tid=47416883,图一绿龙赢就赢在两个手枪局都拿下了,0,0,CS:GO
2026-08-22 01:42:59,苦命鸳鸯这一块,可爱的小阿喵,https://bbs.nga.cn/read.php?tid=47416878,苦命鸳鸯这一块,0,13,CS:GO
2026-08-22 01:38:25,驴载第一局数据相当接近,Tikei,https://bbs.nga.cn/read.php?tid=47416868,驴载第一局数据相当接近,0,14,CS:GO
2026-08-22 01:34:47,小蜜蜂最近不行了，确实是ropz菜了，比apex还菜,asas123456789,https://bbs.nga.cn/read.php?tid=47416856,小蜜蜂最近不行了，确实是ropz菜了，比apex还菜,0,30,CS:GO
2026-08-22 01:31:29,这tm才是cs啊，驴载大战,rtzz,https://bbs.nga.cn/read.php?tid=47416843,这tm才是cs啊，驴载大战,0,17,CS:GO
2026-08-22 01:27:48,[赛事]讲道理，今天世一自和世界二自怎么都感觉菜菜的,Zyldawnzhz,https://bbs.nga.cn/read.php?tid=47416832,[赛事]讲道理，今天世一自和世界二自怎么都感觉菜菜的,0,4,CS:GO
2026-08-22 01:09:10,绿龙的手枪局，终于有点要回来了吗,爱睡懒觉的加菲猫,https://bbs.nga.cn/read.php?tid=47416773,绿龙的手枪局，终于有点要回来了吗,0,3,CS:GO
2026-08-22 00:55:52,小蜜蜂这边整体水平确实太高了,Haguliu,https://bbs.nga.cn/read.php?tid=47416736,小蜜蜂这边整体水平确实太高了,0,15,CS:GO
2026-08-22 00:49:37,猎鹰今天枪法被爆了啊,恶意卖萌丶,https://bbs.nga.cn/read.php?tid=47416717,猎鹰今天枪法被爆了啊,0,2,CS:GO
2026-08-22 00:22:23,积分第八的欧若拉打第三的黑豹米垃圾进攻0分 K3被疯狂出视频清算  今天第一打第十二同样进攻0分会有视频清算吗,Sundio,https://bbs.nga.cn/read.php?tid=47416602,积分第八的欧若拉打第三的黑豹米垃圾进攻0分 K3被疯狂出视频清算  今天第一打第十二同样进攻0分会有视频清算吗,0,3,CS:GO
2026-08-22 00:15:23,有点变态了，猎鹰两张图T米垃圾0分沙二5分,1214027510,https://bbs.nga.cn/read.php?tid=47416565,有点变态了，猎鹰两张图T米垃圾0分沙二5分,0,0,CS:GO
2026-08-22 00:15:19,猎鹰极其不会应对突发情况,油炸春卷,https://bbs.nga.cn/read.php?tid=47416564,猎鹰极其不会应对突发情况,0,13,CS:GO
2026-08-22 00:14:50,建议猎鹰多学学二线队的打法或者蜜蜂绿龙的虐菜打法,陆闲林,https://bbs.nga.cn/read.php?tid=47416560,建议猎鹰多学学二线队的打法或者蜜蜂绿龙的虐菜打法,0,4,CS:GO
2026-08-22 00:11:09,我就说猎鹰走位有问题吧,老顽童周伯通,https://bbs.nga.cn/read.php?tid=47416540,我就说猎鹰走位有问题吧,0,11,CS:GO
2026-08-22 00:01:27,legacy这打法才是提款karrigan的打法,xxxxnova,https://bbs.nga.cn/read.php?tid=47416503,legacy这打法才是提款karrigan的打法,0,7,CS:GO
2026-08-22 00:00:53,不会被OD说对了吧，科隆是猎鹰走狗屎运了,颜艺达人scp,https://bbs.nga.cn/read.php?tid=47416499,不会被OD说对了吧，科隆是猎鹰走狗屎运了,0,19,CS:GO
2026-08-21 23:58:31,太好了我们终于又回到主宇宙了,古凌gulim,https://bbs.nga.cn/read.php?tid=47416492,太好了我们终于又回到主宇宙了,0,2,CS:GO
2026-08-21 23:52:44,猎鹰是不是只研究小蜜蜂绿龙啊,颜艺达人scp,https://bbs.nga.cn/read.php?tid=47416448,猎鹰是不是只研究小蜜蜂绿龙啊,0,12,CS:GO
2026-08-21 23:52:20,不是，faze怎么2:0legacy的,lixiangmeiyou,https://bbs.nga.cn/read.php?tid=47416446,不是，faze怎么2:0legacy的,0,15,CS:GO
2026-08-21 23:50:30,绿龙vs小蜜蜂,荷笠归远,https://bbs.nga.cn/read.php?tid=47416437,绿龙vs小蜜蜂,0,182,CS:GO
2026-08-21 23:48:44,回归主宇宙了,大白给师,https://bbs.nga.cn/read.php?tid=47416428,回归主宇宙了,0,2,CS:GO
2026-08-21 23:48:29,遗产战队：虫群摧毁了我们的家园，我高贵的族人们沦为难民,西园寺凹凹子,https://bbs.nga.cn/read.php?tid=47416426,遗产战队：虫群摧毁了我们的家园，我高贵的族人们沦为难民,0,1,CS:GO
2026-08-21 23:47:02,FAZE怎么2：0菊花的，谁看了,Inightmares,https://bbs.nga.cn/read.php?tid=47416418,FAZE怎么2：0菊花的，谁看了,0,3,CS:GO
2026-08-21 23:46:47,严父！严父！严父！严父！严父！,PASSER-BY_A,https://bbs.nga.cn/read.php?tid=47416416,严父！严父！严父！严父！严父！,0,0,CS:GO
2026-08-21 23:46:26,这legacy打得跟透一样,賥刄,https://bbs.nga.cn/read.php?tid=47416414,这legacy打得跟透一样,0,14,CS:GO
2026-08-21 23:45:34,这钱算是白花了，又让波哈打回原形,Missage,https://bbs.nga.cn/read.php?tid=47416409,这钱算是白花了，又让波哈打回原形,0,0,CS:GO
2026-08-21 23:45:22,这发狂一样的最后一局,C_Eriksson,https://bbs.nga.cn/read.php?tid=47416408,这发狂一样的最后一局,0,3,CS:GO
2026-08-21 23:45:14,不是人家a大都打了几把，这烟能钻啊？,哇我裂开,https://bbs.nga.cn/read.php?tid=47416407,不是人家a大都打了几把，这烟能钻啊？,0,0,CS:GO
2026-08-21 23:45:06,拒绝爆冷！ Legacy 2：0 Falcons,来自非洲大草原的16,https://bbs.nga.cn/read.php?tid=47416406,拒绝爆冷！ Legacy 2：0 Falcons,0,10,CS:GO
2026-08-21 23:44:28,[赛事]这么看来科隆major真的是超级续命啊,Zyldawnzhz,https://bbs.nga.cn/read.php?tid=47416403,[赛事]这么看来科隆major真的是超级续命啊,0,20,CS:GO
2026-08-21 23:43:51,进入清算环节,断水流二师叔,https://bbs.nga.cn/read.php?tid=47416395,进入清算环节,0,8,CS:GO
2026-08-21 23:28:48,算了，大家早点休息吧,请PSGLGD挑选英雄,https://bbs.nga.cn/read.php?tid=47416306,算了，大家早点休息吧,0,11,CS:GO
2026-08-21 23:27:02,猎鹰目前手枪局一把没赢，这是真回归原来时间线了,JoyHunos,https://bbs.nga.cn/read.php?tid=47416303,猎鹰目前手枪局一把没赢，这是真回归原来时间线了,0,4,CS:GO
2026-08-21 23:25:54,明天起床能看到猎鹰的大份合集吗？,白塔的守夜人,https://bbs.nga.cn/read.php?tid=47416298,明天起床能看到猎鹰的大份合集吗？,0,2,CS:GO
2026-08-21 23:25:44,如果输了老尼要背锅了,如我西迟5,https://bbs.nga.cn/read.php?tid=47416297,如果输了老尼要背锅了,0,7,CS:GO
2026-08-21 23:23:31,不懂就问6657,zxq200517,https://bbs.nga.cn/read.php?tid=47416279,不懂就问6657,0,17,CS:GO
2026-08-21 23:22:01,猎鹰回家了,哇我裂开,https://bbs.nga.cn/read.php?tid=47416262,猎鹰回家了,0,0,CS:GO
2026-08-21 23:19:55,猎鹰估计没了，小孩这口气也卸掉了,轮椅术士小宝,https://bbs.nga.cn/read.php?tid=47416251,猎鹰估计没了，小孩这口气也卸掉了,0,4,CS:GO
2026-08-21 23:19:27,这猎鹰还是不做功课,DonoghMa,https://bbs.nga.cn/read.php?tid=47416249,这猎鹰还是不做功课,0,7,CS:GO
2026-08-21 23:11:12,这个菊花有说法的，猎鹰今天过不去了,颜艺达人scp,https://bbs.nga.cn/read.php?tid=47416204,这个菊花有说法的，猎鹰今天过不去了,0,0,CS:GO
2026-08-21 23:10:45,我先放个问题在这，今天猎鹰谁背锅？,白塔的守夜人,https://bbs.nga.cn/read.php?tid=47416201,我先放个问题在这，今天猎鹰谁背锅？,0,41,CS:GO
2026-08-21 23:10:07,这legacy的狙击手很厉害啊,Haguliu,https://bbs.nga.cn/read.php?tid=47416199,这legacy的狙击手很厉害啊,0,16,CS:GO
2026-08-21 22:55:46,我不明白！,zkyzxcvbnm,https://bbs.nga.cn/read.php?tid=47416120,我不明白！,0,0,CS:GO
2026-08-21 22:47:37,niko这拱门和无能的丈夫一样,维尔薇VillV,https://bbs.nga.cn/read.php?tid=47416069,niko这拱门和无能的丈夫一样,0,1,CS:GO
2026-08-21 22:41:28,我怎么感觉不是niko借分的问题啊？是新时代到来了？,jcuddk,https://bbs.nga.cn/read.php?tid=47416032,我怎么感觉不是niko借分的问题啊？是新时代到来了？,0,9,CS:GO
2026-08-21 22:40:24,精神玩耍。。。,燕窝粥123,https://bbs.nga.cn/read.php?tid=47416025,精神玩耍。。。,0,6,CS:GO
2026-08-21 22:38:41,mirage这个图真得滚吧,yangsuyi007,https://bbs.nga.cn/read.php?tid=47416016,mirage这个图真得滚吧,0,7,CS:GO
2026-08-21 22:36:46,懂了，决赛是菊花 vs fut，摇摇欲坠的动物园,omelons,https://bbs.nga.cn/read.php?tid=47416002,懂了，决赛是菊花 vs fut，摇摇欲坠的动物园,0,8,CS:GO
2026-08-21 22:32:33,啊？又要被波哈腐乳了吗？,C_Eriksson,https://bbs.nga.cn/read.php?tid=47415977,啊？又要被波哈腐乳了吗？,0,8,CS:GO
2026-08-21 22:25:23,孩神疯狂不同意，其他人疯狂同意,轮椅术士小宝,https://bbs.nga.cn/read.php?tid=47415936,孩神疯狂不同意，其他人疯狂同意,0,17,CS:GO
2026-08-21 22:17:33,IEM北京2026预选赛邀请队伍出炉,露露yl,https://bbs.nga.cn/read.php?tid=47415893,IEM北京2026预选赛邀请队伍出炉,0,1,CS:GO
2026-08-21 21:46:23,Falcons   vs   Legacy,哇我裂开,https://bbs.nga.cn/read.php?tid=47415659,Falcons   vs   Legacy,0,117,CS:GO
2026-08-21 21:40:37,就在今天！猎鹰复仇之战！,二十八号技师,https://bbs.nga.cn/read.php?tid=47415628,就在今天！猎鹰复仇之战！,0,43,CS:GO
2026-08-21 21:06:58,《小夫的复仇》,jcuddk,https://bbs.nga.cn/read.php?tid=47415426,《小夫的复仇》,0,2,CS:GO
2026-08-21 20:52:17,这老鼠怎么烂成这样了,断水流二师叔,https://bbs.nga.cn/read.php?tid=47415296,这老鼠怎么烂成这样了,0,10,CS:GO
2026-08-21 18:02:51,隔壁刀塔分部的猎鹰分被niko借完了，直接一轮游,JoyHunos,https://bbs.nga.cn/read.php?tid=47414230,隔壁刀塔分部的猎鹰分被niko借完了，直接一轮游,0,13,CS:GO
2026-08-21 17:21:54,看了这么久比赛第一次看到沙鹰有一种可以跟冲锋枪一样追着打的感觉,狗堂少,https://bbs.nga.cn/read.php?tid=47413972,看了这么久比赛第一次看到沙鹰有一种可以跟冲锋枪一样追着打的感觉,0,4,CS:GO
2026-08-21 14:26:45,[赛事]讲实话，我是感觉载大哥枪没怎么软，但是地图理解和道具最近呲的吓人,Zyldawnzhz,https://bbs.nga.cn/read.php?tid=47412905,[赛事]讲实话，我是感觉载大哥枪没怎么软，但是地图理解和道具最近呲的吓人,0,2,CS:GO
2026-08-21 13:06:36,现在的大表哥:md，重氪号玩的就是爽，以前什么苦日子,轮椅术士小宝,https://bbs.nga.cn/read.php?tid=47412456,现在的大表哥:md，重氪号玩的就是爽，以前什么苦日子,0,3,CS:GO
2026-08-21 11:02:56,黑豹又能进决赛了有感觉吗,农村破落户,https://bbs.nga.cn/read.php?tid=47411682,黑豹又能进决赛了有感觉吗,0,12,CS:GO
2026-08-21 10:41:19,CS2开了加速还卡，先分丢包还是掉帧,闪客加速器,https://bbs.nga.cn/read.php?tid=47411505,CS2开了加速还卡，先分丢包还是掉帧,0,1,CS:GO
2026-08-21 10:26:20,感觉donk一直呆在绿龙的话，生涯集锦不是ACE或者无甲沙鹰翻盘都不用放上去了,Horako,https://bbs.nga.cn/read.php?tid=47411364,感觉donk一直呆在绿龙的话，生涯集锦不是ACE或者无甲沙鹰翻盘都不用放上去了,0,11,CS:GO
2026-08-21 10:19:40,哎，想到晚上小驴要打蜜蜂，感觉又是一个无趣的败北。,omelons,https://bbs.nga.cn/read.php?tid=47411306,哎，想到晚上小驴要打蜜蜂，感觉又是一个无趣的败北。,0,24,CS:GO
2026-08-21 01:57:28,G2和黑豹真是两个神队,KnighLK,https://bbs.nga.cn/read.php?tid=47410023,G2和黑豹真是两个神队,0,4,CS:GO
2026-08-21 01:02:20,G2現在到底是食材不行還是廚師不行？,凉子大神,https://bbs.nga.cn/read.php?tid=47409829,G2現在到底是食材不行還是廚師不行？,0,11,CS:GO
2026-08-21 00:50:18,G2的遗迹已经连黑豹都打不过了吗,PASSER-BY_A,https://bbs.nga.cn/read.php?tid=47409781,G2的遗迹已经连黑豹都打不过了吗,0,5,CS:GO
2026-08-21 00:07:26,蜂肥图一中场那几个一起喊得是啥啊,心若飞尘,https://bbs.nga.cn/read.php?tid=47409559,蜂肥图一中场那几个一起喊得是啥啊,0,4,CS:GO
2026-08-20 23:45:29,最近官匹不要排小镇了，成G窝了,神奇猫老大,https://bbs.nga.cn/read.php?tid=47409458,最近官匹不要排小镇了，成G窝了,0,8,CS:GO
2026-08-20 23:37:31,我驴后天能赢维塔立体一张图roll三张魔兽时光徽章,沧海朱泪,https://bbs.nga.cn/read.php?tid=47409410,我驴后天能赢维塔立体一张图roll三张魔兽时光徽章,0,152,CS:GO
2026-08-20 23:36:47,不是，这哈利真有进步吧，虽然..,wd101101,https://bbs.nga.cn/read.php?tid=47409407,不是，这哈利真有进步吧，虽然..,0,15,CS:GO
2026-08-20 23:36:31,蜂龙大战再次上演！,aabbac,https://bbs.nga.cn/read.php?tid=47409404,蜂龙大战再次上演！,0,36,CS:GO
2026-08-20 23:24:56,寒王真是牢底坐穿啊，不能直视,小将克洛斯,https://bbs.nga.cn/read.php?tid=47409322,寒王真是牢底坐穿啊，不能直视,0,10,CS:GO
2026-08-20 23:20:26,twistzz感觉，脑力不太够啊。,omelons,https://bbs.nga.cn/read.php?tid=47409304,twistzz感觉，脑力不太够啊。,0,1,CS:GO
2026-08-20 23:14:07,小蜜蜂：我cache真練了,凉子大神,https://bbs.nga.cn/read.php?tid=47409273,小蜜蜂：我cache真練了,0,15,CS:GO
2026-08-20 23:01:00,想到个事 明天不会猎鹰和菊花 小蜜蜂和绿龙两场同开吧,断水流二师叔,https://bbs.nga.cn/read.php?tid=47409211,想到个事 明天不会猎鹰和菊花 小蜜蜂和绿龙两场同开吧,0,6,CS:GO
2026-08-20 22:53:00,手枪放b5q这是人想出来的战术啊？,橘子控,https://bbs.nga.cn/read.php?tid=47409171,手枪放b5q这是人想出来的战术啊？,0,7,CS:GO
2026-08-20 22:28:15,这什么B沙鹰啊,永远的王者罗,https://bbs.nga.cn/read.php?tid=47409027,这什么B沙鹰啊,0,6,CS:GO
2026-08-20 22:21:29,世一自玩了半天就一把没死？,如我西迟5,https://bbs.nga.cn/read.php?tid=47408991,世一自玩了半天就一把没死？,0,1,CS:GO
2026-08-20 22:13:19,小驴这个状态，今天稳了！！,omelons,https://bbs.nga.cn/read.php?tid=47408950,小驴这个状态，今天稳了！！,0,7,CS:GO
2026-08-20 22:12:46,faze对味了，真tm黏啊,牌之舌,https://bbs.nga.cn/read.php?tid=47408945,faze对味了，真tm黏啊,0,3,CS:GO
2026-08-20 22:12:44,车主这是人啊,白塔的守夜人,https://bbs.nga.cn/read.php?tid=47408944,车主这是人啊,0,7,CS:GO
2026-08-20 22:07:43,手枪局不赢，eco局倒是赢了,Tikei,https://bbs.nga.cn/read.php?tid=47408919,手枪局不赢，eco局倒是赢了,0,2,CS:GO
2026-08-20 22:05:10,这宗处有啥用啊？,JoyHunos,https://bbs.nga.cn/read.php?tid=47408908,这宗处有啥用啊？,0,9,CS:GO
2026-08-20 22:03:21,这绿龙战术真的是一坨,jy02775556,https://bbs.nga.cn/read.php?tid=47408898,这绿龙战术真的是一坨,0,9,CS:GO
2026-08-20 22:03:07,就纯纯挂壁,永远的王者罗,https://bbs.nga.cn/read.php?tid=47408893,就纯纯挂壁,0,2,CS:GO
2026-08-20 22:00:47,donk这个沙鹰？！,荷笠归远,https://bbs.nga.cn/read.php?tid=47408872,donk这个沙鹰？！,0,40,CS:GO
2026-08-20 21:39:49,我竟然想看到绿龙输，然后狠狠被清算,轮椅术士小宝,https://bbs.nga.cn/read.php?tid=47408723,我竟然想看到绿龙输，然后狠狠被清算,0,6,CS:GO
2026-08-20 21:38:57,爱华老师居然在看绿龙耶，这声线太棒了！,omelons,https://bbs.nga.cn/read.php?tid=47408718,爱华老师居然在看绿龙耶，这声线太棒了！,0,4,CS:GO
2026-08-20 21:31:43,绿龙双教练不犯规吗,断水流二师叔,https://bbs.nga.cn/read.php?tid=47408670,绿龙双教练不犯规吗,0,1,CS:GO
2026-08-20 21:26:48,小蜜蜂 vs 法则锡兰,UID:67274248,https://bbs.nga.cn/read.php?tid=47408640,小蜜蜂 vs 法则锡兰,0,49,CS:GO
2026-08-20 20:48:30,菊花打的很有内容呀,FrederickForever,https://bbs.nga.cn/read.php?tid=47408370,菊花打的很有内容呀,0,17,CS:GO
2026-08-20 20:47:59,重新评估上海cac比赛含金量,叶九幽,https://bbs.nga.cn/read.php?tid=47408368,重新评估上海cac比赛含金量,0,12,CS:GO
2026-08-20 20:41:32,卧槽 navi要g了,断水流二师叔,https://bbs.nga.cn/read.php?tid=47408333,卧槽 navi要g了,0,24,CS:GO
2026-08-20 19:56:14,wdf劳累啊,荷笠归远,https://bbs.nga.cn/read.php?tid=47408024,wdf劳累啊,0,7,CS:GO
2026-08-20 19:35:23,图一这一老一少双K组合存在感有点强，打的尼都有点隐身了,1214027510,https://bbs.nga.cn/read.php?tid=47407907,图一这一老一少双K组合存在感有点强，打的尼都有点隐身了,0,9,CS:GO
2026-08-20 19:34:28,12个回合杀23个，镜外甩狙，这都是啥啊,溜冰小飞侠,https://bbs.nga.cn/read.php?tid=47407898,12个回合杀23个，镜外甩狙，这都是啥啊,0,1,CS:GO
2026-08-20 18:59:03,来了来了  检验猎鹰成分的时刻到了,断水流二师叔,https://bbs.nga.cn/read.php?tid=47407746,来了来了  检验猎鹰成分的时刻到了,0,44,CS:GO
2026-08-20 17:12:23,xelex助MOUZ逆转GamerLegion晋级四分之一决赛,A18837282786,https://bbs.nga.cn/read.php?tid=47407100,xelex助MOUZ逆转GamerLegion晋级四分之一决赛,0,2,CS:GO
2026-08-20 15:15:21,k3的t方一直都是公式控图，没讨到巧或者拿不到信息就开始经典便秘→假打→进警察局的流程,wwwrrrryyyyy,https://bbs.nga.cn/read.php?tid=47406325,k3的t方一直都是公式控图，没讨到巧或者拿不到信息就开始经典便秘→假打→进警察局的流程,0,7,CS:GO
2026-08-20 11:59:07,感觉今晚一波大的清算就要来了,zkyzxcvbnm,https://bbs.nga.cn/read.php?tid=47404998,感觉今晚一波大的清算就要来了,0,23,CS:GO
2026-08-20 10:24:21,理性讨论，监哥和k3的指挥谁更僵尸,DrAlexender,https://bbs.nga.cn/read.php?tid=47404227,理性讨论，监哥和k3的指挥谁更僵尸,0,13,CS:GO
2026-08-20 09:19:44,[新闻资讯]载大哥不会要在蜜蜂和豆叔打一辈子了吧,Zyldawnzhz,https://bbs.nga.cn/read.php?tid=47403756,[新闻资讯]载大哥不会要在蜜蜂和豆叔打一辈子了吧,0,27,CS:GO
2026-08-20 04:12:40,欧若拉  VS  黑豹,哇我裂开,https://bbs.nga.cn/read.php?tid=47403216,欧若拉  VS  黑豹,0,7,CS:GO
2026-08-20 03:44:50,卡神挺厉害啊,如我西迟5,https://bbs.nga.cn/read.php?tid=47403200,卡神挺厉害啊,0,5,CS:GO
2026-08-20 02:46:29,这K3和吉米也太菜了,哇我裂开,https://bbs.nga.cn/read.php?tid=47403169,这K3和吉米也太菜了,0,46,CS:GO
2026-08-20 00:47:32,液体到底发生了什么,Asltayinne,https://bbs.nga.cn/read.php?tid=47402983,液体到底发生了什么,0,9,CS:GO
2026-08-20 00:45:58,玩机器啥时候取消了粉丝发言？,JoyHunos,https://bbs.nga.cn/read.php?tid=47402977,玩机器啥时候取消了粉丝发言？,0,13,CS:GO
2026-08-19 22:40:37,device暂停无敌了,荷笠归远,https://bbs.nga.cn/read.php?tid=47402479,device暂停无敌了,0,0,CS:GO
2026-08-19 20:38:41,官匹死斗这图标什么意思？,墨菲斯托,https://bbs.nga.cn/read.php?tid=47401809,官匹死斗这图标什么意思？,0,12,CS:GO
2026-08-19 18:57:10,[已深度思考1s，爆了！]NiKo vs apEX 测谎仪“对决”,白茶木,https://bbs.nga.cn/read.php?tid=47401294,[已深度思考1s，爆了！]NiKo vs apEX 测谎仪“对决”,0,37,CS:GO
2026-08-19 17:50:24,完美现在能开socd吗,仿生猪会梦见电子床吗,https://bbs.nga.cn/read.php?tid=47400950,完美现在能开socd吗,0,3,CS:GO
2026-08-19 17:00:43,司马梗啥时候变成48梗的？,遗忘的眼镜蛇,https://bbs.nga.cn/read.php?tid=47400661,司马梗啥时候变成48梗的？,0,21,CS:GO
2026-08-19 14:05:38,今天的比赛也太恶心了吧,仙则同心,https://bbs.nga.cn/read.php?tid=47399554,今天的比赛也太恶心了吧,0,16,CS:GO
2026-08-19 12:02:52,这是通关CS 游戏的三个狙击手,petercehe,https://bbs.nga.cn/read.php?tid=47398832,这是通关CS 游戏的三个狙击手,0,17,CS:GO
2026-08-19 10:46:18,虽然过去两个月了，但是回看科隆major依然精彩,aabbac,https://bbs.nga.cn/read.php?tid=47398281,虽然过去两个月了，但是回看科隆major依然精彩,0,9,CS:GO
2026-08-19 07:10:36,如果有一个新选手硬实力比载洞还猛，但是队伍不行,枢星子,https://bbs.nga.cn/read.php?tid=47397142,如果有一个新选手硬实力比载洞还猛，但是队伍不行,0,39,CS:GO
2026-08-18 23:42:44,Legacy 2-0 MIBR，获得最后一个EWC季后赛席位,A18837282786,https://bbs.nga.cn/read.php?tid=47396521,Legacy 2-0 MIBR，获得最后一个EWC季后赛席位,0,1,CS:GO
2026-08-18 23:15:39,关于CNCS 我有一点小问题,FuSkyCi,https://bbs.nga.cn/read.php?tid=47396389,关于CNCS 我有一点小问题,0,4,CS:GO
2026-08-18 19:00:53,虽然我们的练习不多，但基本功非常扎实。,A18837282786,https://bbs.nga.cn/read.php?tid=47395218,虽然我们的练习不多，但基本功非常扎实。,0,2,CS:GO
2026-08-18 18:17:54,"Liquid, B8和GamerLegion 位列Logitech G Play Connect 战队名单",A18837282786,https://bbs.nga.cn/read.php?tid=47395032,"Liquid, B8和GamerLegion 位列Logitech G Play Connect 战队名单",0,0,CS:GO
2026-08-18 18:11:47,T.c宣布成为自由选手,A18837282786,https://bbs.nga.cn/read.php?tid=47395002,T.c宣布成为自由选手,0,3,CS:GO
2026-08-18 14:12:14,什么政客战队,李奥•阳,https://bbs.nga.cn/read.php?tid=47393749,什么政客战队,0,6,CS:GO
2026-08-18 11:13:11,国服csgo环境这么恶劣吗,非常不想上班,https://bbs.nga.cn/read.php?tid=47392909,国服csgo环境这么恶劣吗,0,21,CS:GO
2026-08-18 10:51:32,niko夺冠的时候hunter在干嘛,橘子控,https://bbs.nga.cn/read.php?tid=47392733,niko夺冠的时候hunter在干嘛,0,5,CS:GO
2026-08-18 10:07:49,Liquid、B8和GL受邀参加Logitech G Play Connect,A17630559072,https://bbs.nga.cn/read.php?tid=47392459,Liquid、B8和GL受邀参加Logitech G Play Connect,0,0,CS:GO
2026-08-18 10:02:30,try：过去几年非常艰难，这是我加入的第一支有机会在TI赛事中证明自己的队伍,A17630559072,https://bbs.nga.cn/read.php?tid=47392428,try：过去几年非常艰难，这是我加入的第一支有机会在TI赛事中证明自己的队伍,0,2,CS:GO
2026-08-18 07:00:47,HLTV排名更新:FaZe继续攀升至TOP7,A13135903488,https://bbs.nga.cn/read.php?tid=47391787,HLTV排名更新:FaZe继续攀升至TOP7,0,17,CS:GO
2026-08-18 06:56:18,L VG首轮对阵Falcons,beelee血枫,https://bbs.nga.cn/read.php?tid=47391780,L VG首轮对阵Falcons,0,4,CS:GO
2026-08-18 01:54:02,鹰美们，准备好被蒙古一脚踢死了么,lcd2020,https://bbs.nga.cn/read.php?tid=47391574,鹰美们，准备好被蒙古一脚踢死了么,0,19,CS:GO
2026-08-17 23:35:52,笑死，总监抽到小蜜蜂自己都绷不住了,轮椅术士小宝,https://bbs.nga.cn/read.php?tid=47391204,笑死，总监抽到小蜜蜂自己都绷不住了,0,8,CS:GO
2026-08-17 16:45:14,老登cs找找固排和队伍,SAOKIRITObdk,https://bbs.nga.cn/read.php?tid=47389294,老登cs找找固排和队伍,0,0,CS:GO
2026-08-17 13:32:07,看好猎鹰冠军啊，和major怕不是一个剧本。先啃硬骨头,omelons,https://bbs.nga.cn/read.php?tid=47388249,看好猎鹰冠军啊，和major怕不是一个剧本。先啃硬骨头,0,25,CS:GO
2026-08-17 13:13:25,话说回来，当年红星的阿乐没肝病折磨的话，现在应该也是高位top步枪手吧,轮椅术士小宝,https://bbs.nga.cn/read.php?tid=47388144,话说回来，当年红星的阿乐没肝病折磨的话，现在应该也是高位top步枪手吧,0,15,CS:GO
2026-08-17 11:10:17,下半区集齐了cs2时代所有的major冠军和4/5的亚军,古凌gulim,https://bbs.nga.cn/read.php?tid=47387425,下半区集齐了cs2时代所有的major冠军和4/5的亚军,0,21,CS:GO
2026-08-17 11:08:31,家人们 谁有菲比表情包,qq6933425,https://bbs.nga.cn/read.php?tid=47387412,家人们 谁有菲比表情包,0,3,CS:GO
2026-08-17 10:40:55,为什么这次ewc分组对猎鹰那么友好？,这只DK在流血！,https://bbs.nga.cn/read.php?tid=47387220,为什么这次ewc分组对猎鹰那么友好？,0,15,CS:GO
2026-08-17 10:32:47,灭蜂斩龙，屠鹰缚豹，faze up ！,xdeekong,https://bbs.nga.cn/read.php?tid=47387167,灭蜂斩龙，屠鹰缚豹，faze up ！,0,38,CS:GO
2026-08-17 10:09:38,黑豹怎么每次都狗运啊,忧岚,https://bbs.nga.cn/read.php?tid=47386987,黑豹怎么每次都狗运啊,0,12,CS:GO
2026-08-17 04:56:25,死亡半区pro版,UID:67274248,https://bbs.nga.cn/read.php?tid=47386197,死亡半区pro版,0,35,CS:GO
2026-08-17 04:48:58,EWC淘汰赛抽签结果公布，鹰蜂龙再次半区相遇,FrederickForever,https://bbs.nga.cn/read.php?tid=47386192,EWC淘汰赛抽签结果公布，鹰蜂龙再次半区相遇,0,14,CS:GO
2026-08-17 01:06:50,载物对战pv那个1v5真是让人印象深刻,丢人杯,https://bbs.nga.cn/read.php?tid=47385963,载物对战pv那个1v5真是让人印象深刻,0,19,CS:GO
2026-08-16 23:28:45,[赛事] XPL的含金量下降的有点多,嘴上名作粉碎锤,https://bbs.nga.cn/read.php?tid=47385587,[赛事] XPL的含金量下降的有点多,0,7,CS:GO
2026-08-16 21:42:00,Pv赶紧输啊，好着急哦,轮椅术士小宝,https://bbs.nga.cn/read.php?tid=47385068,Pv赶紧输啊，好着急哦,0,1,CS:GO
2026-08-16 21:08:33,老尼蜕皮学说,白塔的守夜人,https://bbs.nga.cn/read.php?tid=47384892,老尼蜕皮学说,0,7,CS:GO
2026-08-16 20:05:55,[赛事]不是，昨天蜜蜂都蛆的在地上爬了，lvg能不能硬一把啊,Zyldawnzhz,https://bbs.nga.cn/read.php?tid=47384527,[赛事]不是，昨天蜜蜂都蛆的在地上爬了，lvg能不能硬一把啊,0,14,CS:GO
2026-08-16 20:05:31,射击游戏你踏马枪都不敢对,aabbac,https://bbs.nga.cn/read.php?tid=47384524,射击游戏你踏马枪都不敢对,0,2,CS:GO
2026-08-16 19:24:48,大番薯也太通透了,UID:67274248,https://bbs.nga.cn/read.php?tid=47384316,大番薯也太通透了,0,2,CS:GO
2026-08-16 19:12:50,人生第一把刀求购买建议,矮油-你干嘛～,https://bbs.nga.cn/read.php?tid=47384252,人生第一把刀求购买建议,0,9,CS:GO
2026-08-16 18:42:52,LVG这个bo3能拿个一局吧？不趁着小蜜蜂低迷怎么进场馆？,omelons,https://bbs.nga.cn/read.php?tid=47384067,LVG这个bo3能拿个一局吧？不趁着小蜜蜂低迷怎么进场馆？,0,43,CS:GO
2026-08-16 14:39:49,西若才是绿龙对有无哈利影响波动最大的有感觉吗,林映纯学姐,https://bbs.nga.cn/read.php?tid=47382754,西若才是绿龙对有无哈利影响波动最大的有感觉吗,0,3,CS:GO
2026-08-16 14:04:20,绿龙还要忍哈利多久？,小师叔不小,https://bbs.nga.cn/read.php?tid=47382589,绿龙还要忍哈利多久？,0,26,CS:GO
2026-08-16 13:23:58,按照这届各个强队你来我往的变态程度，猎鹰感觉机会很大啊？,轮椅术士小宝,https://bbs.nga.cn/read.php?tid=47382386,按照这届各个强队你来我往的变态程度，猎鹰感觉机会很大啊？,0,21,CS:GO
2026-08-16 12:51:40,zont1x遭分析师狠批：Spirit为何还在留用他？,咕咕就是咕咕,https://bbs.nga.cn/read.php?tid=47382226,zont1x遭分析师狠批：Spirit为何还在留用他？,0,31,CS:GO
2026-08-16 09:57:27,看到donk一切都释然了,永远的王者罗,https://bbs.nga.cn/read.php?tid=47381301,看到donk一切都释然了,0,12,CS:GO
2026-08-16 05:32:25,绿龙的op和叉车哪个更烂,Tikei,https://bbs.nga.cn/read.php?tid=47380778,绿龙的op和叉车哪个更烂,0,7,CS:GO
2026-08-16 05:12:53,大壮脑子是不是有问题啊,ccccc葱1,https://bbs.nga.cn/read.php?tid=47380773,大壮脑子是不是有问题啊,0,16,CS:GO
2026-08-16 05:12:42,俄罗斯舞王,enetnal,https://bbs.nga.cn/read.php?tid=47380772,俄罗斯舞王,0,3,CS:GO
2026-08-16 04:53:47,有没有可能chopper才是那个最懂哈利的人,素素又世世,https://bbs.nga.cn/read.php?tid=47380762,有没有可能chopper才是那个最懂哈利的人,0,7,CS:GO
2026-08-16 03:56:17,来了吗，绿龙对面的lifegame,胖胖大沈,https://bbs.nga.cn/read.php?tid=47380733,来了吗，绿龙对面的lifegame,0,6,CS:GO
2026-08-16 03:53:46,绿龙的比赛那还用看吗，起床就是一场胜利。,白塔的守夜人,https://bbs.nga.cn/read.php?tid=47380730,绿龙的比赛那还用看吗，起床就是一场胜利。,0,1,CS:GO
2026-08-16 03:52:48,哈利现在最重要的就是保持健康了,沧海朱泪,https://bbs.nga.cn/read.php?tid=47380729,哈利现在最重要的就是保持健康了,0,11,CS:GO
2026-08-16 03:48:27,卧槽这1v3,来自非洲大草原的16,https://bbs.nga.cn/read.php?tid=47380725,卧槽这1v3,0,12,CS:GO
2026-08-16 03:45:33,强图越练越菜，真该回家吧,LeoのAiolia,https://bbs.nga.cn/read.php?tid=47380722,强图越练越菜，真该回家吧,0,20,CS:GO
2026-08-16 03:36:56,绿龙真是一个没脑子的队伍,月灀,https://bbs.nga.cn/read.php?tid=47380714,绿龙真是一个没脑子的队伍,0,12,CS:GO
2026-08-16 03:32:40,沙2B1应该出个涂鸦,溜冰小飞侠,https://bbs.nga.cn/read.php?tid=47380710,沙2B1应该出个涂鸦,0,0,CS:GO
2026-08-16 03:13:29,0图队打职业比赛还是太吃力了,aabbac,https://bbs.nga.cn/read.php?tid=47380694,0图队打职业比赛还是太吃力了,0,3,CS:GO
2026-08-16 03:09:14,老尼说，驴现在这样我懂啊,心若飞尘,https://bbs.nga.cn/read.php?tid=47380692,老尼说，驴现在这样我懂啊,0,0,CS:GO
2026-08-16 03:04:50,我想问下绿龙，3个人带12个道具摸烟出来白送3个人是什么战术，教教我,xdeekong,https://bbs.nga.cn/read.php?tid=47380688,我想问下绿龙，3个人带12个道具摸烟出来白送3个人是什么战术，教教我,0,10,CS:GO
2026-08-16 02:59:37,哈利又进化了有感觉么,媚舞,https://bbs.nga.cn/read.php?tid=47380675,哈利又进化了有感觉么,0,14,CS:GO
2026-08-16 02:45:14,现在来看宗主是不是遭了太多黑子？我看三区战车混几把也没人说吧 ，都是哈利全责,如我西迟5,https://bbs.nga.cn/read.php?tid=47380664,现在来看宗主是不是遭了太多黑子？我看三区战车混几把也没人说吧 ，都是哈利全责,0,41,CS:GO
2026-08-16 02:39:49,[赛事]细弱再搞几局绿龙真可以去联系黑闪了,木野帮,https://bbs.nga.cn/read.php?tid=47380657,[赛事]细弱再搞几局绿龙真可以去联系黑闪了,0,30,CS:GO
2026-08-16 02:38:31,问题来了，211和零九天才少年哪个变态,如我西迟5,https://bbs.nga.cn/read.php?tid=47380653,问题来了，211和零九天才少年哪个变态,0,0,CS:GO
2026-08-16 02:37:21,小镇不打，Cache也可以不练的吗？,Missage,https://bbs.nga.cn/read.php?tid=47380649,小镇不打，Cache也可以不练的吗？,0,7,CS:GO
2026-08-16 02:28:40,再恨驴的人看到这一幕应该也会同情他吧,Tikei,https://bbs.nga.cn/read.php?tid=47380639,再恨驴的人看到这一幕应该也会同情他吧,0,35,CS:GO
2026-08-16 02:26:04,我没有绷住,温一壶月光11,https://bbs.nga.cn/read.php?tid=47380633,我没有绷住,0,2,CS:GO
2026-08-16 02:24:43,这绿龙战术被完爆啊,jy02775556,https://bbs.nga.cn/read.php?tid=47380632,这绿龙战术被完爆啊,0,12,CS:GO
2026-08-16 02:21:35,这是我见过最区的队伍，打了3局一个人没杀,小将克洛斯,https://bbs.nga.cn/read.php?tid=47380627,这是我见过最区的队伍，打了3局一个人没杀,0,28,CS:GO
2026-08-16 02:20:58,mo有点东西的 主播严选,断水流二师叔,https://bbs.nga.cn/read.php?tid=47380626,mo有点东西的 主播严选,0,0,CS:GO
2026-08-16 02:20:29,太难绷了全员0击杀,逃避可耻却总是有效,https://bbs.nga.cn/read.php?tid=47380625,太难绷了全员0击杀,0,10,CS:GO
2026-08-16 02:17:55,喜欢强起的绿龙，我直接不看,枢星子,https://bbs.nga.cn/read.php?tid=47380620,喜欢强起的绿龙，我直接不看,0,2,CS:GO
2026-08-16 01:34:09,9z怎么给黑豹放了个nuke出来,溜冰小飞侠,https://bbs.nga.cn/read.php?tid=47380541,9z怎么给黑豹放了个nuke出来,0,0,CS:GO
2026-08-16 01:27:28,ewc怎么falcons打完A队就没比赛了？,新垣结衣本质老公,https://bbs.nga.cn/read.php?tid=47380527,ewc怎么falcons打完A队就没比赛了？,0,3,CS:GO
2026-08-16 00:32:11,卧槽了呀，黑豹你给我打好了呀,aabbac,https://bbs.nga.cn/read.php?tid=47380360,卧槽了呀，黑豹你给我打好了呀,0,1,CS:GO
2026-08-15 23:14:29,9z沙二都被黑豹虐了，可以滚了,结月小天使,https://bbs.nga.cn/read.php?tid=47380028,9z沙二都被黑豹虐了，可以滚了,0,2,CS:GO
2026-08-15 22:42:44,黑豹也被传染了吗？这打的真变态吧,轮椅术士小宝,https://bbs.nga.cn/read.php?tid=47379847,黑豹也被传染了吗？这打的真变态吧,0,5,CS:GO
2026-08-15 12:32:16,刚才看了一个分析绿龙米垃圾B2楼战术的视频，笑死我了,wd101101,https://bbs.nga.cn/read.php?tid=47376393,刚才看了一个分析绿龙米垃圾B2楼战术的视频，笑死我了,0,17,CS:GO
2026-08-15 08:54:27,小蜜蜂王朝崩塌是从沙2开始的吧,powermaxj,https://bbs.nga.cn/read.php?tid=47375206,小蜜蜂王朝崩塌是从沙2开始的吧,0,21,CS:GO
2026-08-15 08:09:12,已经很长一段时间没有看到载大哥背起了行囊了,轮椅术士小宝,https://bbs.nga.cn/read.php?tid=47375047,已经很长一段时间没有看到载大哥背起了行囊了,0,3,CS:GO
2026-08-15 04:16:33,不是还有这种肥美啊,chelly99,https://bbs.nga.cn/read.php?tid=47374803,不是还有这种肥美啊,0,1,CS:GO
2026-08-15 01:13:34,不是，自从niko夺冠以后,shsjsjsbsnsksksj,https://bbs.nga.cn/read.php?tid=47374563,不是，自从niko夺冠以后,0,9,CS:GO
2026-08-15 01:11:09,小蜜蜂去年本质四个兜一个人的屎，现在是两个半人兜三个人的屎兜不住了,师刀房,https://bbs.nga.cn/read.php?tid=47374556,小蜜蜂去年本质四个兜一个人的屎，现在是两个半人兜三个人的屎兜不住了,0,13,CS:GO
2026-08-15 01:00:57,个人请求各位鹰美不要再考我们绿龙、黑豹、小蜜蜂了,Astering,https://bbs.nga.cn/read.php?tid=47374532,个人请求各位鹰美不要再考我们绿龙、黑豹、小蜜蜂了,0,9,CS:GO
2026-08-15 00:54:37,蜜蜂这一掉进败者组，是不是又碰不上绿龙了,aabbac,https://bbs.nga.cn/read.php?tid=47374508,蜜蜂这一掉进败者组，是不是又碰不上绿龙了,0,21,CS:GO
2026-08-15 00:50:11,神秘出餐口真有说法？为什么非打b区狗洞,如我西迟5,https://bbs.nga.cn/read.php?tid=47374489,神秘出餐口真有说法？为什么非打b区狗洞,0,1,CS:GO
2026-08-15 00:37:52,这些B队，还有人类嘛，现在,swc099,https://bbs.nga.cn/read.php?tid=47374455,这些B队，还有人类嘛，现在,0,5,CS:GO
2026-08-15 00:36:01,我看蜜蜂绿龙老鼠都想去抽猎鹰了,FrederickForever,https://bbs.nga.cn/read.php?tid=47374448,我看蜜蜂绿龙老鼠都想去抽猎鹰了,0,10,CS:GO
2026-08-15 00:34:37,抽签是8个胜者组抽8个败者组，胜者组能抽到绿龙，老鼠，小蜜蜂,梦的单行线,https://bbs.nga.cn/read.php?tid=47374443,抽签是8个胜者组抽8个败者组，胜者组能抽到绿龙，老鼠，小蜜蜂,0,6,CS:GO
2026-08-15 00:32:23,难道说，世界线真的变动了,燕赵之地多慷慨悲歌之士,https://bbs.nga.cn/read.php?tid=47374431,难道说，世界线真的变动了,0,9,CS:GO
2026-08-15 00:30:56,LVG：先来一个s冠老鼠再来一个王朝蜜蜂呗？,omelons,https://bbs.nga.cn/read.php?tid=47374423,LVG：先来一个s冠老鼠再来一个王朝蜜蜂呗？,0,12,CS:GO
2026-08-15 00:25:34,很难想象，豆豆被call爆了,溜冰小飞侠,https://bbs.nga.cn/read.php?tid=47374399,很难想象，豆豆被call爆了,0,13,CS:GO
2026-08-15 00:21:48,apex：我就不信了这B洞打不下来,白塔的守夜人,https://bbs.nga.cn/read.php?tid=47374379,apex：我就不信了这B洞打不下来,0,10,CS:GO
2026-08-14 23:57:34,这下EWC真是健康完赛就好了,神山彩_AwK,https://bbs.nga.cn/read.php?tid=47374264,这下EWC真是健康完赛就好了,0,5,CS:GO
2026-08-14 23:40:18,niko没毛吧,LightOfHeveN—,https://bbs.nga.cn/read.php?tid=47374197,niko没毛吧,0,6,CS:GO
2026-08-14 23:33:46,这个剧本，好熟悉！难道说！小蜜蜂他！又要！加！,轮椅术士小宝,https://bbs.nga.cn/read.php?tid=47374162,这个剧本，好熟悉！难道说！小蜜蜂他！又要！加！,0,10,CS:GO
2026-08-14 22:32:52,在另外的角落，老鼠被fut炸了,荷笠归远,https://bbs.nga.cn/read.php?tid=47373870,在另外的角落，老鼠被fut炸了,0,15,CS:GO
2026-08-14 22:31:42,[赛事]车主后半这么猛，最后才1.28啊,Zyldawnzhz,https://bbs.nga.cn/read.php?tid=47373862,[赛事]车主后半这么猛，最后才1.28啊,0,3,CS:GO
2026-08-14 22:22:22,有没有人觉得ewc赛制挺别扭的,Xandrie,https://bbs.nga.cn/read.php?tid=47373818,有没有人觉得ewc赛制挺别扭的,0,7,CS:GO
2026-08-14 22:22:13,太变态了，这比赛，你来我往搞了半天跟真的一样加了,轮椅术士小宝,https://bbs.nga.cn/read.php?tid=47373817,太变态了，这比赛，你来我往搞了半天跟真的一样加了,0,6,CS:GO
2026-08-14 21:57:19,K27教练将缺席EWC剩余比赛,露露yl,https://bbs.nga.cn/read.php?tid=47373682,K27教练将缺席EWC剩余比赛,0,1,CS:GO
2026-08-14 21:55:42,apex离人很远了,暮洛池明,https://bbs.nga.cn/read.php?tid=47373663,apex离人很远了,0,53,CS:GO
2026-08-14 21:00:30,西恩双架让lvg爽吃69分，姑且算是西恩西埃斯皆大欢喜的结局了,Shibatora,https://bbs.nga.cn/read.php?tid=47373411,西恩双架让lvg爽吃69分，姑且算是西恩西埃斯皆大欢喜的结局了,0,0,CS:GO
2026-08-14 20:53:11,为啥总有人会把采访的场面话当成事实的，还是你们现实里不管场合想骂就骂的吗,bingbing8911,https://bbs.nga.cn/read.php?tid=47373373,为啥总有人会把采访的场面话当成事实的，还是你们现实里不管场合想骂就骂的吗,0,0,CS:GO
2026-08-14 20:51:43,没脑子和没火力必须选一个还是没脑子吧,油炸春卷,https://bbs.nga.cn/read.php?tid=47373366,没脑子和没火力必须选一个还是没脑子吧,0,1,CS:GO
2026-08-14 19:44:06,看天禄和lvg的核子感觉好粗糙啊,断水流二师叔,https://bbs.nga.cn/read.php?tid=47372996,看天禄和lvg的核子感觉好粗糙啊,0,13,CS:GO
2026-08-14 16:11:31,绿龙这状态，有人又病了吗？林黛玉*N怎么拿冠军？,omelons,https://bbs.nga.cn/read.php?tid=47371464,绿龙这状态，有人又病了吗？林黛玉*N怎么拿冠军？,0,8,CS:GO
2026-08-14 15:02:54,[赛事]讲实话，既然时间线都被改变了，那faze可能新加坡夺冠么？,Zyldawnzhz,https://bbs.nga.cn/read.php?tid=47371038,[赛事]讲实话，既然时间线都被改变了，那faze可能新加坡夺冠么？,0,9,CS:GO
2026-08-14 12:21:29,小孩肯定谈新女友了 而且就在身边,断水流二师叔,https://bbs.nga.cn/read.php?tid=47370079,小孩肯定谈新女友了 而且就在身边,0,8,CS:GO
2026-08-14 12:06:09,话说g2这个新狙哪点比阳叔好啊,断水流二师叔,https://bbs.nga.cn/read.php?tid=47369953,话说g2这个新狙哪点比阳叔好啊,0,14,CS:GO
2026-08-14 11:43:28,[赛事]有一说一，sh1ro这一波确实挺变态的，9枪啊，就中一枪大身位沙鹰,SCVA-76NahelArgama,https://bbs.nga.cn/read.php?tid=47369720,[赛事]有一说一，sh1ro这一波确实挺变态的，9枪啊，就中一枪大身位沙鹰,0,17,CS:GO
2026-08-14 11:21:22,野榜是不是应该改算法了？万德福这0.99算法真乱算的吧,如我西迟5,https://bbs.nga.cn/read.php?tid=47369530,野榜是不是应该改算法了？万德福这0.99算法真乱算的吧,0,6,CS:GO
2026-08-14 11:06:06,[赛事] 我说绿龙打的真好吧,klieg,https://bbs.nga.cn/read.php?tid=47369370,[赛事] 我说绿龙打的真好吧,0,2,CS:GO
2026-08-14 10:03:03,还真给FAZE淘到神奇宝贝了,农村破落户,https://bbs.nga.cn/read.php?tid=47368755,还真给FAZE淘到神奇宝贝了,0,14,CS:GO
2026-08-14 09:54:42,刚补看猎鹰打a队，感觉从major开始大表哥就有很多次假扫转骗观众啊,心若飞尘,https://bbs.nga.cn/read.php?tid=47368687,刚补看猎鹰打a队，感觉从major开始大表哥就有很多次假扫转骗观众啊,0,16,CS:GO
2026-08-14 03:09:45,总监又逮捕波哈了,Bbvvgg赫,https://bbs.nga.cn/read.php?tid=47367736,总监又逮捕波哈了,0,4,CS:GO
2026-08-14 01:58:12,谁还不是沙鹰大队呢,丢人杯,https://bbs.nga.cn/read.php?tid=47367644,谁还不是沙鹰大队呢,0,2,CS:GO
2026-08-14 01:28:39,猎鹰这单兵能力,溜冰小飞侠,https://bbs.nga.cn/read.php?tid=47367574,猎鹰这单兵能力,0,8,CS:GO
2026-08-13 21:21:27,[赛事] 看到GL晋级笑出声：本来以为要打绿龙，怎么打的集结号？,zzh90pk,https://bbs.nga.cn/read.php?tid=47366303,[赛事] 看到GL晋级笑出声：本来以为要打绿龙，怎么打的集结号？,0,2,CS:GO
2026-08-13 21:02:32,这真是冠军自由人阿我吐了,C_Eriksson,https://bbs.nga.cn/read.php?tid=47366185,这真是冠军自由人阿我吐了,0,12,CS:GO
2026-08-13 20:50:06,有哈龙真的是毫无任何希望了,笑走天下2,https://bbs.nga.cn/read.php?tid=47366123,有哈龙真的是毫无任何希望了,0,9,CS:GO
2026-08-13 20:07:27,这个沙2对味了,沧海朱泪,https://bbs.nga.cn/read.php?tid=47365848,这个沙2对味了,0,15,CS:GO
2026-08-13 20:03:25,iem参赛战队名单公布，蜜蜂绿龙均缺席,FrederickForever,https://bbs.nga.cn/read.php?tid=47365829,iem参赛战队名单公布，蜜蜂绿龙均缺席,0,18,CS:GO
2026-08-13 19:30:04,哈龙回来了有感觉么,媚舞,https://bbs.nga.cn/read.php?tid=47365582,哈龙回来了有感觉么,0,5,CS:GO
2026-08-13 19:05:47,绿龙生死战，绿龙 vs Luminosity,荷笠归远,https://bbs.nga.cn/read.php?tid=47365425,绿龙生死战，绿龙 vs Luminosity,0,23,CS:GO
2026-08-13 18:44:00,[新闻资讯] 完美平台上线全新Surf滑翔模式！打累了？飞一把！,一只努力的小呱,https://bbs.nga.cn/read.php?tid=47365275,[新闻资讯] 完美平台上线全新Surf滑翔模式！打累了？飞一把！,0,0,CS:GO
2026-08-13 15:58:31,快速成为绿龙教练指南,枢星子,https://bbs.nga.cn/read.php?tid=47364008,快速成为绿龙教练指南,0,9,CS:GO
2026-08-13 15:22:44,绿龙变菜了好处就是都是早场了,沧海朱泪,https://bbs.nga.cn/read.php?tid=47363722,绿龙变菜了好处就是都是早场了,0,3,CS:GO
2026-08-13 14:15:47,这个jijiehao工资是日结的吗，怎么每次看到都要换那么几个人,ssuyao123,https://bbs.nga.cn/read.php?tid=47363211,这个jijiehao工资是日结的吗，怎么每次看到都要换那么几个人,0,4,CS:GO
2026-08-13 14:09:53,其实我觉得龙哥在猎鹰的位置真的不可或缺吧,心若飞尘,https://bbs.nga.cn/read.php?tid=47363178,其实我觉得龙哥在猎鹰的位置真的不可或缺吧,0,16,CS:GO
2026-08-13 11:37:14,我看出来了，最大的保哈派其实就是DONK,lc天天,https://bbs.nga.cn/read.php?tid=47362070,我看出来了，最大的保哈派其实就是DONK,0,2,CS:GO
2026-08-13 10:17:19,现在还觉得哈利没问题，那控制变量只剩下最后两个了,枢星子,https://bbs.nga.cn/read.php?tid=47361331,现在还觉得哈利没问题，那控制变量只剩下最后两个了,0,7,CS:GO
2026-08-13 09:23:54,短讯:FlyQuest告别分析师JTR,A13135903488,https://bbs.nga.cn/read.php?tid=47360925,短讯:FlyQuest告别分析师JTR,0,0,CS:GO
2026-08-13 09:10:32,如果，我是说如果，绿龙宣布哈先生不再担任主教练,溜冰小飞侠,https://bbs.nga.cn/read.php?tid=47360819,如果，我是说如果，绿龙宣布哈先生不再担任主教练,0,3,CS:GO
2026-08-13 08:23:33,豆豆有点猛了,如我西迟5,https://bbs.nga.cn/read.php?tid=47360558,豆豆有点猛了,0,7,CS:GO
2026-08-13 08:12:08,HLTV又一力作：w0nderful打出18-10，对不起，只有0.99。。,冲锋丶释放,https://bbs.nga.cn/read.php?tid=47360497,HLTV又一力作：w0nderful打出18-10，对不起，只有0.99。。,0,33,CS:GO
2026-08-13 04:17:58,遭不住了，小舅子全责,C_Eriksson,https://bbs.nga.cn/read.php?tid=47360189,遭不住了，小舅子全责,0,1,CS:GO
2026-08-13 00:56:09,Twistzz赛后采访：防守方最后连丢的三分打断了我们的势头,A17630559072,https://bbs.nga.cn/read.php?tid=47359910,Twistzz赛后采访：防守方最后连丢的三分打断了我们的势头,0,1,CS:GO
2026-08-13 00:50:13,EWC 2026：独木难支，Spirit 10-13爆冷不故JiJieHao,A17630559072,https://bbs.nga.cn/read.php?tid=47359886,EWC 2026：独木难支，Spirit 10-13爆冷不故JiJieHao,0,0,CS:GO
2026-08-13 00:49:00,niko打k27用上了紫罗兰熊刀,FrederickForever,https://bbs.nga.cn/read.php?tid=47359877,niko打k27用上了紫罗兰熊刀,0,4,CS:GO
2026-08-13 00:19:10,117不是失信被执行吗？还请他解说吗？,cityoftears0707,https://bbs.nga.cn/read.php?tid=47359757,117不是失信被执行吗？还请他解说吗？,0,16,CS:GO
2026-08-13 00:00:22,CYBERSHOKE试训nota,beelee血枫,https://bbs.nga.cn/read.php?tid=47359676,CYBERSHOKE试训nota,0,0,CS:GO
2026-08-12 23:54:08,Faze 这比赛也太黏了吧,哇我裂开,https://bbs.nga.cn/read.php?tid=47359647,Faze 这比赛也太黏了吧,0,5,CS:GO
2026-08-12 23:29:33,lf上海major前踢了布罗基。。。,lc天天,https://bbs.nga.cn/read.php?tid=47359496,lf上海major前踢了布罗基。。。,0,15,CS:GO
2026-08-12 23:27:27,broky还是踢晚了，jboen算是半抽到了,荷笠归远,https://bbs.nga.cn/read.php?tid=47359482,broky还是踢晚了，jboen算是半抽到了,0,20,CS:GO
2026-08-12 22:39:46,看起来大表哥的职责依旧啊，指挥-摸烟-死了接管豪哥-胜利后给豪哥提供情绪价值,轮椅术士小宝,https://bbs.nga.cn/read.php?tid=47359129,看起来大表哥的职责依旧啊，指挥-摸烟-死了接管豪哥-胜利后给豪哥提供情绪价值,0,10,CS:GO
2026-08-12 22:26:34,我提一嘴,什么都是黑白色？,https://bbs.nga.cn/read.php?tid=47359043,我提一嘴,0,4,CS:GO
2026-08-12 22:19:15,小孩愤怒的状态是因为被c罗薅了份子钱,断水流二师叔,https://bbs.nga.cn/read.php?tid=47359002,小孩愤怒的状态是因为被c罗薅了份子钱,0,3,CS:GO
2026-08-12 21:59:32,哈利还是太宠粉了，宁愿输比赛也要扇哈美的脸了,julynn--,https://bbs.nga.cn/read.php?tid=47358812,哈利还是太宠粉了，宁愿输比赛也要扇哈美的脸了,0,8,CS:GO
2026-08-12 21:46:33,猎鹰不会继续回馈大自然吧？这不是东家办的比赛？,omelons,https://bbs.nga.cn/read.php?tid=47358724,猎鹰不会继续回馈大自然吧？这不是东家办的比赛？,0,8,CS:GO
2026-08-12 21:16:45,if卡托维兹没有1.7大伙就不用吃大份了,荷笠归远,https://bbs.nga.cn/read.php?tid=47358512,if卡托维兹没有1.7大伙就不用吃大份了,0,0,CS:GO
2026-08-12 21:10:49,刚开始看，这旋转手雷是有什么含义吗？,liruo010203,https://bbs.nga.cn/read.php?tid=47358478,刚开始看，这旋转手雷是有什么含义吗？,0,2,CS:GO
2026-08-12 20:39:39,我说喷绿龙和驴的很大一部分是扭曲驴美大家信吗,tomkoo,https://bbs.nga.cn/read.php?tid=47358308,我说喷绿龙和驴的很大一部分是扭曲驴美大家信吗,0,5,CS:GO
2026-08-12 20:37:31,我提一嘴，哈利回归后绿龙米垃圾一把没赢过,二十八号技师,https://bbs.nga.cn/read.php?tid=47358295,我提一嘴，哈利回归后绿龙米垃圾一把没赢过,0,11,CS:GO
2026-08-12 20:27:23,等绿龙回家，估计就有串子哈美开始清算donk了,笑走天下2,https://bbs.nga.cn/read.php?tid=47358238,等绿龙回家，估计就有串子哈美开始清算donk了,0,10,CS:GO
2026-08-12 20:11:08,有一说一今天分锅大会就算hally也只能是二锅，0.52的主狙肯定是一锅,梦的单行线,https://bbs.nga.cn/read.php?tid=47358136,有一说一今天分锅大会就算hally也只能是二锅，0.52的主狙肯定是一锅,0,44,CS:GO
2026-08-12 20:03:05,OD还能说话不？,星辰塔的猎人,https://bbs.nga.cn/read.php?tid=47358077,OD还能说话不？,0,18,CS:GO
2026-08-12 19:53:44,猎鹰该拍esl小短片之拯救donk了吧,心若飞尘,https://bbs.nga.cn/read.php?tid=47358023,猎鹰该拍esl小短片之拯救donk了吧,0,10,CS:GO
2026-08-12 19:50:07,又开始了吗，下一把干回来不就完了,溜冰小飞侠,https://bbs.nga.cn/read.php?tid=47357986,又开始了吗，下一把干回来不就完了,0,11,CS:GO
2026-08-12 19:38:24,什么叫做绿龙被集结号踢死了,牌之舌,https://bbs.nga.cn/read.php?tid=47357881,什么叫做绿龙被集结号踢死了,0,17,CS:GO
2026-08-12 19:36:48,感觉新加坡major绿龙要从stage1打起了啊,JoyHunos,https://bbs.nga.cn/read.php?tid=47357870,感觉新加坡major绿龙要从stage1打起了啊,0,6,CS:GO
2026-08-12 19:32:20,能不能直接滚蛋啊,LeoのAiolia,https://bbs.nga.cn/read.php?tid=47357840,能不能直接滚蛋啊,0,9,CS:GO
2026-08-12 19:29:19,天禄我真是服了,风尘往事19452,https://bbs.nga.cn/read.php?tid=47357822,天禄我真是服了,0,17,CS:GO
2026-08-12 19:26:39,积分下乡活动终究一个没逃过,菖蒲Friend,https://bbs.nga.cn/read.php?tid=47357806,积分下乡活动终究一个没逃过,0,6,CS:GO
2026-08-12 19:26:24,积分下乡第二季堂堂开幕,哇我裂开,https://bbs.nga.cn/read.php?tid=47357804,积分下乡第二季堂堂开幕,0,1,CS:GO
2026-08-12 19:25:55,哈利：世一教有谁不服,笑走天下2,https://bbs.nga.cn/read.php?tid=47357801,哈利：世一教有谁不服,0,4,CS:GO
2026-08-12 19:25:52,哈先生回归后绿龙进行了认真的集训,aabbac,https://bbs.nga.cn/read.php?tid=47357800,哈先生回归后绿龙进行了认真的集训,0,23,CS:GO
2026-08-12 19:23:49,玩机器:建议解散！,JoyHunos,https://bbs.nga.cn/read.php?tid=47357788,玩机器:建议解散！,0,26,CS:GO
2026-08-12 18:58:00,k3怎么又干了,FrederickForever,https://bbs.nga.cn/read.php?tid=47357613,k3怎么又干了,0,12,CS:GO
2026-08-12 18:54:14,集结号是哪来的队伍,沧海朱泪,https://bbs.nga.cn/read.php?tid=47357579,集结号是哪来的队伍,0,42,CS:GO
2026-08-12 18:33:20,TL   VS   FUT,哇我裂开,https://bbs.nga.cn/read.php?tid=47357452,TL   VS   FUT,0,12,CS:GO
2026-08-11 22:53:56,BLAST Bounty S2总决赛的EVP与全明星阵容,A18837282786,https://bbs.nga.cn/read.php?tid=47352555,BLAST Bounty S2总决赛的EVP与全明星阵容,0,1,CS:GO
2026-08-11 15:56:18,huNter&amp;NertZ的EWC战队实力排名,露露yl,https://bbs.nga.cn/read.php?tid=47350491,huNter&amp;NertZ的EWC战队实力排名,0,9,CS:GO
2026-08-11 07:41:58,小蜜蜂是什么育儿中心吗，肩负人类传承使命,君见惜枝,https://bbs.nga.cn/read.php?tid=47348102,小蜜蜂是什么育儿中心吗，肩负人类传承使命,0,11,CS:GO
2026-08-10 23:42:26,YEKINDAR动态:已经抵达巴黎，正在积极备战,A13135903488,https://bbs.nga.cn/read.php?tid=47347519,YEKINDAR动态:已经抵达巴黎，正在积极备战,0,0,CS:GO
2026-08-10 23:39:16,EPL S24受邀队伍名单公布，世界前12全员出席,beelee血枫,https://bbs.nga.cn/read.php?tid=47347508,EPL S24受邀队伍名单公布，世界前12全员出席,0,0,CS:GO
2026-08-10 19:58:06,K27晋级赛后动态：拼搏终有收获,露露yl,https://bbs.nga.cn/read.php?tid=47346576,K27晋级赛后动态：拼搏终有收获,0,1,CS:GO
2026-08-10 18:48:30,[赛事] OG咋回事 啃老头？咋菜点RT第一？,StunnerQ,https://bbs.nga.cn/read.php?tid=47346281,[赛事] OG咋回事 啃老头？咋菜点RT第一？,0,7,CS:GO
2026-08-10 13:21:36,[赛事]EWC正赛第一阶段小预测,嘴上名作粉碎锤,https://bbs.nga.cn/read.php?tid=47344579,[赛事]EWC正赛第一阶段小预测,0,56,CS:GO
2026-08-10 11:51:03,替补规则是咋样的，ewc怎么这么多人,一只小虫虫,https://bbs.nga.cn/read.php?tid=47344092,替补规则是咋样的，ewc怎么这么多人,0,9,CS:GO
2026-08-10 09:59:54,s1mple赛后动态:感觉我们又一次输给了自己,A13135903488,https://bbs.nga.cn/read.php?tid=47343247,s1mple赛后动态:感觉我们又一次输给了自己,0,26,CS:GO
2026-08-10 09:55:36,大家好，我是MOUZ NXT的Mixer.,beelee血枫,https://bbs.nga.cn/read.php?tid=47343217,大家好，我是MOUZ NXT的Mixer.,0,2,CS:GO
2026-08-10 08:53:48,ewc小组赛分组出来了,tz413266620,https://bbs.nga.cn/read.php?tid=47342853,ewc小组赛分组出来了,0,44,CS:GO
2026-08-10 06:31:28,再见了老小汤,喵汪喵汪喵？,https://bbs.nga.cn/read.php?tid=47342563,再见了老小汤,0,20,CS:GO
2026-08-10 02:03:31,100t:亲爱的猎鹰，在你主场的比赛，我又来了,梦的单行线,https://bbs.nga.cn/read.php?tid=47342399,100t:亲爱的猎鹰，在你主场的比赛，我又来了,0,13,CS:GO
2026-08-09 21:59:52,BCG  VS   100T,哇我裂开,https://bbs.nga.cn/read.php?tid=47341594,BCG  VS   100T,0,53,CS:GO
2026-08-09 21:55:49,TAZ的战术在这种二三线比赛开起来还行啊,Asltayinne,https://bbs.nga.cn/read.php?tid=47341573,TAZ的战术在这种二三线比赛开起来还行啊,0,3,CS:GO
2026-08-09 20:25:09,哎哟卧槽刘农啊~~~,shaxiaodou,https://bbs.nga.cn/read.php?tid=47341160,哎哟卧槽刘农啊~~~,0,3,CS:GO
2026-08-09 19:50:05,bc买到senzu真是捡到宝了，17岁的top10,anoAlias,https://bbs.nga.cn/read.php?tid=47340990,bc买到senzu真是捡到宝了，17岁的top10,0,25,CS:GO
2026-08-09 19:49:03,液体的蜜月期就两个bo3吗？也太变态了,梦的单行线,https://bbs.nga.cn/read.php?tid=47340986,液体的蜜月期就两个bo3吗？也太变态了,0,5,CS:GO
2026-08-09 19:45:34,液体这蜜月期太短了吧,Aki黯沧,https://bbs.nga.cn/read.php?tid=47340968,液体这蜜月期太短了吧,0,4,CS:GO
2026-08-09 19:45:18,液体好辣,沧海朱泪,https://bbs.nga.cn/read.php?tid=47340967,液体好辣,0,6,CS:GO
2026-08-09 15:38:20,[求助] [求助] [求助] 我觉得打平台就是看队友,第四断章,https://bbs.nga.cn/read.php?tid=47339691,[求助] [求助] [求助] 我觉得打平台就是看队友,0,2,CS:GO
2026-08-09 15:20:54,Gentle Mates宣布退出CS项目,露露yl,https://bbs.nga.cn/read.php?tid=47339594,Gentle Mates宣布退出CS项目,0,0,CS:GO
2026-08-09 12:57:57,电竞世界杯还是太对味啦,小师叔不小,https://bbs.nga.cn/read.php?tid=47338872,电竞世界杯还是太对味啦,0,0,CS:GO
2026-08-09 11:35:27,头回见这样的,谦儿老师,https://bbs.nga.cn/read.php?tid=47338471,头回见这样的,0,9,CS:GO
2026-08-09 11:15:01,沙特佬不懂作签搞流量吗？这要给BLAST和esl不是给你来几个保送签,rtzz,https://bbs.nga.cn/read.php?tid=47338375,沙特佬不懂作签搞流量吗？这要给BLAST和esl不是给你来几个保送签,0,15,CS:GO
2026-08-09 03:21:54,EWC预选赛抽完签以后这分组也太变态了,TuoXie君,https://bbs.nga.cn/read.php?tid=47337417,EWC预选赛抽完签以后这分组也太变态了,0,26,CS:GO
2026-08-08 18:14:50,100T有机会对上BCG吗？,PentakiII,https://bbs.nga.cn/read.php?tid=47335192,100T有机会对上BCG吗？,0,11,CS:GO
2026-08-08 01:12:54,100T炸鱼炸出单图3.47rating，应该创造历史了吧,PASSER-BY_A,https://bbs.nga.cn/read.php?tid=47331923,100T炸鱼炸出单图3.47rating，应该创造历史了吧,0,5,CS:GO
2026-08-07 20:09:42,ewc海选对于要刷major分的队好爽,asas123456789,https://bbs.nga.cn/read.php?tid=47330378,ewc海选对于要刷major分的队好爽,0,7,CS:GO
2026-08-07 19:34:16,老猪是不是瘦了？~,丶狂野老司机丶,https://bbs.nga.cn/read.php?tid=47330169,老猪是不是瘦了？~,0,6,CS:GO
2026-08-07 19:25:29,猎鹰打这个64进4能做到这么整齐13-0 13-1吗,wwwrrrryyyyy,https://bbs.nga.cn/read.php?tid=47330135,猎鹰打这个64进4能做到这么整齐13-0 13-1吗,0,14,CS:GO
2026-08-07 17:20:02,完美的top20预测有点意思,丢人杯,https://bbs.nga.cn/read.php?tid=47329519,完美的top20预测有点意思,0,4,CS:GO
2026-08-07 17:17:01,虽然赏金赛决赛确实打得不好，但看到这种岁月史书多少还是忍不住,稻荷羽祭,https://bbs.nga.cn/read.php?tid=47329498,虽然赏金赛决赛确实打得不好，但看到这种岁月史书多少还是忍不住,0,0,CS:GO
2026-08-07 11:32:20,下午17点准时收看残酷的64进4,本子咕咕咕,https://bbs.nga.cn/read.php?tid=47327378,下午17点准时收看残酷的64进4,0,28,CS:GO
2026-08-07 10:04:21,扒了下，从一线队到小众宝藏队，菠菜公司赞助的比例是真的高,ygygyg111q,https://bbs.nga.cn/read.php?tid=47326691,扒了下，从一线队到小众宝藏队，菠菜公司赞助的比例是真的高,0,31,CS:GO
2026-08-07 01:01:24,EWC可能要冲击超级精英赛事：200万美刀奖金+92支队伍全线下+决赛巴黎major场馆,冲锋丶释放,https://bbs.nga.cn/read.php?tid=47325629,EWC可能要冲击超级精英赛事：200万美刀奖金+92支队伍全线下+决赛巴黎major场馆,0,22,CS:GO
2026-08-06 22:35:35,fr3nd将继续代表Betclic参加EWC,露露yl,https://bbs.nga.cn/read.php?tid=47325027,fr3nd将继续代表Betclic参加EWC,0,0,CS:GO
2026-08-06 17:28:42,[氵]回顾了一下25年的比赛，看到一些赛果依旧忍俊不禁,wwwrrrryyyyy,https://bbs.nga.cn/read.php?tid=47323322,[氵]回顾了一下25年的比赛，看到一些赛果依旧忍俊不禁,0,8,CS:GO
2026-08-06 16:08:47,从哪借都行，让我翻了这把eco吧,无数黑夜,https://bbs.nga.cn/read.php?tid=47322876,从哪借都行，让我翻了这把eco吧,0,7,CS:GO
2026-08-06 15:48:38,这几天怎么打怎么输，求解惑,我鼠标坏了,https://bbs.nga.cn/read.php?tid=47322781,这几天怎么打怎么输，求解惑,0,6,CS:GO
2026-08-06 13:57:27,ZywOo：我有时候会忘记一些战术；比起吃早饭更喜欢多睡会儿,A17630559072,https://bbs.nga.cn/read.php?tid=47322191,ZywOo：我有时候会忘记一些战术；比起吃早饭更喜欢多睡会儿,0,16,CS:GO
2026-08-06 13:52:18,短讯：罗马帝国杯X宣布举办,A17630559072,https://bbs.nga.cn/read.php?tid=47322161,短讯：罗马帝国杯X宣布举办,0,2,CS:GO
2026-08-06 12:43:42,一张图告诉你哈利的控制欲有多变态,星舞洛颜生,https://bbs.nga.cn/read.php?tid=47321801,一张图告诉你哈利的控制欲有多变态,0,18,CS:GO
2026-08-06 11:55:04,[赛事]我还是希望小驴支楞下的,Zyldawnzhz,https://bbs.nga.cn/read.php?tid=47321534,[赛事]我还是希望小驴支楞下的,0,22,CS:GO
2026-08-05 23:56:57,a队王朝的崩塌是诸葛和九爷休假开始的,A1kaid7,https://bbs.nga.cn/read.php?tid=47319616,a队王朝的崩塌是诸葛和九爷休假开始的,0,8,CS:GO
2026-08-05 22:26:57,Falcons休赛期派对实拍泄露,zkyzxcvbnm,https://bbs.nga.cn/read.php?tid=47319248,Falcons休赛期派对实拍泄露,0,1,CS:GO
2026-08-05 22:11:33,这次商店里面的代币怎么购买？,万丈目智,https://bbs.nga.cn/read.php?tid=47319168,这次商店里面的代币怎么购买？,0,5,CS:GO
2026-08-05 21:27:38,哪些if成真，可以改变cs赛事的历史呢,DrAlexender,https://bbs.nga.cn/read.php?tid=47318911,哪些if成真，可以改变cs赛事的历史呢,0,52,CS:GO
2026-08-05 18:25:50,内格夫怎么总是被踢出去,阿达王美刀乐,https://bbs.nga.cn/read.php?tid=47318004,内格夫怎么总是被踢出去,0,8,CS:GO
2026-08-05 18:24:31,if美到底能不能有风度一点？比赛输了就是输了那来这么多借口？,老实忠厚,https://bbs.nga.cn/read.php?tid=47317997,if美到底能不能有风度一点？比赛输了就是输了那来这么多借口？,0,21,CS:GO
2026-08-05 17:56:01,讨论这么多哈利，那faze的新教练现在怎么评价,Bbvvgg赫,https://bbs.nga.cn/read.php?tid=47317862,讨论这么多哈利，那faze的新教练现在怎么评价,0,10,CS:GO
2026-08-05 14:11:06,下场大赛几号，能不能给个直接的日子，没比赛看好难受啊,rtzz,https://bbs.nga.cn/read.php?tid=47316705,下场大赛几号，能不能给个直接的日子，没比赛看好难受啊,0,13,CS:GO
2026-08-05 11:45:49,if科隆决赛打到第五把,唯爱冫孤单,https://bbs.nga.cn/read.php?tid=47315966,if科隆决赛打到第五把,0,7,CS:GO
2026-08-05 10:29:09,完美这个匹配机制现在两边各塞一个红rt上分的概率有点太大了吧,wwwrrrryyyyy,https://bbs.nga.cn/read.php?tid=47315464,完美这个匹配机制现在两边各塞一个红rt上分的概率有点太大了吧,0,5,CS:GO
2026-08-05 07:46:26,那些诅咒哈利被病魔战胜的人肯定不是驴粉,虚字辈牢大,https://bbs.nga.cn/read.php?tid=47314618,那些诅咒哈利被病魔战胜的人肯定不是驴粉,0,21,CS:GO
2026-08-05 04:19:57,jl已确认加入小蜜蜂担任临时替补,没有口袋的小叮当,https://bbs.nga.cn/read.php?tid=47314472,jl已确认加入小蜜蜂担任临时替补,0,29,CS:GO
2026-08-04 21:33:17,if美是我看十多年电竞以来听过最搞笑的称呼,禹后清 晨,https://bbs.nga.cn/read.php?tid=47313360,if美是我看十多年电竞以来听过最搞笑的称呼,0,106,CS:GO
2026-08-04 19:14:21,[赛事]  jL直播承认与某支战队签约,嘴上名作粉碎锤,https://bbs.nga.cn/read.php?tid=47312718,[赛事]  jL直播承认与某支战队签约,0,22,CS:GO
2026-08-04 18:42:25,龙美被俱乐部折磨的心路历程,Anthocyanin_,https://bbs.nga.cn/read.php?tid=47312563,龙美被俱乐部折磨的心路历程,0,20,CS:GO
2026-08-04 18:17:56,如果现在S0tF1k退役，或者离开绿龙,彼身非复旧时身,https://bbs.nga.cn/read.php?tid=47312442,如果现在S0tF1k退役，或者离开绿龙,0,10,CS:GO
2026-08-04 16:14:56,索/蛙龙和哈龙2026年淘汰赛数据对比,MaiL09,https://bbs.nga.cn/read.php?tid=47311835,索/蛙龙和哈龙2026年淘汰赛数据对比,0,8,CS:GO
2026-08-04 13:24:50,[疑惑]为什么一夜之间多了这么多支持哈利的人出来,菖蒲Friend,https://bbs.nga.cn/read.php?tid=47310931,[疑惑]为什么一夜之间多了这么多支持哈利的人出来,0,38,CS:GO
2026-08-04 13:00:21,我突然想起来，猎鹰已经科隆major夺冠一个多月了,溜冰小飞侠,https://bbs.nga.cn/read.php?tid=47310837,我突然想起来，猎鹰已经科隆major夺冠一个多月了,0,22,CS:GO
2026-08-04 11:39:06,EWC预选赛64支队伍都在巴黎线下，BLAST赏金赛怎么能办的这么寒酸,冲锋丶释放,https://bbs.nga.cn/read.php?tid=47310429,EWC预选赛64支队伍都在巴黎线下，BLAST赏金赛怎么能办的这么寒酸,0,1,CS:GO
2026-08-04 10:33:12,[搬运]fallen关于近期不当事件的回应与诚挚歉意,f0rest_Ramos,https://bbs.nga.cn/read.php?tid=47310017,[搬运]fallen关于近期不当事件的回应与诚挚歉意,0,14,CS:GO
2026-08-04 08:57:37,Perfecto离队后，ICY成为了唯一一名坐在VP替补席上的选手,A13135903488,https://bbs.nga.cn/read.php?tid=47309449,Perfecto离队后，ICY成为了唯一一名坐在VP替补席上的选手,0,6,CS:GO
2026-08-04 08:54:21,8月4日更新日志:杂项修复&amp;地图优化,beelee血枫,https://bbs.nga.cn/read.php?tid=47309432,8月4日更新日志:杂项修复&amp;地图优化,0,1,CS:GO
2026-08-03 20:57:57,if线的王朝绿龙越来越远了,iorishen,https://bbs.nga.cn/read.php?tid=47307797,if线的王朝绿龙越来越远了,0,0,CS:GO
2026-08-03 15:19:23,这次赏金赛看出来欧美cs的人才储备真的足啊,caesarsarad,https://bbs.nga.cn/read.php?tid=47306177,这次赏金赛看出来欧美cs的人才储备真的足啊,0,11,CS:GO
2026-08-03 12:56:50,小驴还是太有信誉分了，哪有步枪(抗线)能这么硬的？,omelons,https://bbs.nga.cn/read.php?tid=47305450,小驴还是太有信誉分了，哪有步枪(抗线)能这么硬的？,0,0,CS:GO
2026-08-03 12:17:15,其实很多路人不明白为啥驴美龙美恨哈利,笑走天下2,https://bbs.nga.cn/read.php?tid=47305230,其实很多路人不明白为啥驴美龙美恨哈利,0,12,CS:GO
2026-08-03 10:48:33,锐评昨晚绿龙六个人,咕咕就是咕咕,https://bbs.nga.cn/read.php?tid=47304622,锐评昨晚绿龙六个人,0,8,CS:GO
2026-08-03 10:37:10,哈利和sfk的教练风格有什么区别，有无分析,aaasuka111,https://bbs.nga.cn/read.php?tid=47304517,哈利和sfk的教练风格有什么区别，有无分析,0,30,CS:GO
2026-08-03 09:38:28,黑豹确实，全球客场,小师叔不小,https://bbs.nga.cn/read.php?tid=47304133,黑豹确实，全球客场,0,1,CS:GO
2026-08-03 09:27:11,孩孩官宣！,什么都是黑白色？,https://bbs.nga.cn/read.php?tid=47304066,孩孩官宣！,0,15,CS:GO
2026-08-03 09:03:13,这次老鼠冠军我说鹰美全责没问题吧？,南小叽,https://bbs.nga.cn/read.php?tid=47303933,这次老鼠冠军我说鹰美全责没问题吧？,0,6,CS:GO
2026-08-03 07:55:49,按照控制变量法，难道绿龙的大哥不是哈利和宗主吗,tomkoo,https://bbs.nga.cn/read.php?tid=47303692,按照控制变量法，难道绿龙的大哥不是哈利和宗主吗,0,2,CS:GO
2026-08-03 07:44:49,[赛事]讲实话，donk比赛打多了也是掉数据,Zyldawnzhz,https://bbs.nga.cn/read.php?tid=47303664,[赛事]讲实话，donk比赛打多了也是掉数据,0,9,CS:GO
2026-08-03 07:36:59,[赛事]助理教练也是可以有影响力的,Lloyd不做决定,https://bbs.nga.cn/read.php?tid=47303650,[赛事]助理教练也是可以有影响力的,0,0,CS:GO
2026-08-03 04:27:11,不知道你版有没有看龙之家族的,藤田ことね,https://bbs.nga.cn/read.php?tid=47303532,不知道你版有没有看龙之家族的,0,10,CS:GO
2026-08-03 03:35:01,这次半决赛和决赛，donk好多次非劣势对枪没打过,ygygyg111q,https://bbs.nga.cn/read.php?tid=47303488,这次半决赛和决赛，donk好多次非劣势对枪没打过,0,19,CS:GO
2026-08-03 02:06:50,脑海里闪过一个念头让我感觉很搞,丢人杯,https://bbs.nga.cn/read.php?tid=47303388,脑海里闪过一个念头让我感觉很搞,0,1,CS:GO
2026-08-03 00:54:14,绿龙现在所有争议其实无非就是 为啥索菲克带的好好的 不多给他机会。。,媚舞,https://bbs.nga.cn/read.php?tid=47303184,绿龙现在所有争议其实无非就是 为啥索菲克带的好好的 不多给他机会。。,0,8,CS:GO
2026-08-03 00:49:53,一整天没上网，晚上看绿龙比赛去了，谁能告诉我黑豹到底怎么了？,一包劳白沙,https://bbs.nga.cn/read.php?tid=47303171,一整天没上网，晚上看绿龙比赛去了，谁能告诉我黑豹到底怎么了？,0,10,CS:GO
2026-08-03 00:33:09,题外话，野榜给本次赏金赛最终定位是中型赛事及铜牌mvp，不计入big events及mvp,梦的单行线,https://bbs.nga.cn/read.php?tid=47303112,题外话，野榜给本次赏金赛最终定位是中型赛事及铜牌mvp，不计入big events及mvp,0,35,CS:GO
2026-08-03 00:32:46,裂变天地3确定，苏州，9月8日-9月13日,素素又世世,https://bbs.nga.cn/read.php?tid=47303109,裂变天地3确定，苏州，9月8日-9月13日,0,26,CS:GO
2026-08-03 00:20:30,我们本有机会开个好头的，但我们在炙热沙城上的发挥太差了,beelee血枫,https://bbs.nga.cn/read.php?tid=47303069,我们本有机会开个好头的，但我们在炙热沙城上的发挥太差了,0,4,CS:GO
2026-08-03 00:17:08,今年这几个新人都还不错吧,让我好好抱抱你丶,https://bbs.nga.cn/read.php?tid=47303056,今年这几个新人都还不错吧,0,4,CS:GO
2026-08-03 00:05:23,看着很来气，还有给哈利洗地的,乱舞零一,https://bbs.nga.cn/read.php?tid=47303009,看着很来气，还有给哈利洗地的,0,67,CS:GO
2026-08-03 00:01:40,绿龙现在还有一个非常致命的问题,二十八号技师,https://bbs.nga.cn/read.php?tid=47302996,绿龙现在还有一个非常致命的问题,0,4,CS:GO
2026-08-02 23:59:06,OD:XTQZZZ、zonic 在哪儿发财呢？？？？,Zerilying,https://bbs.nga.cn/read.php?tid=47302983,OD:XTQZZZ、zonic 在哪儿发财呢？？？？,0,24,CS:GO
2026-08-02 23:53:58,幸亏新手福利期拿了三大赛,沧海朱泪,https://bbs.nga.cn/read.php?tid=47302957,幸亏新手福利期拿了三大赛,0,9,CS:GO
2026-08-02 23:49:54,继shiro科隆奖杯爆头之后...,petrel293,https://bbs.nga.cn/read.php?tid=47302946,继shiro科隆奖杯爆头之后...,0,3,CS:GO
2026-08-02 23:33:05,什么叫天无二日,芙洛娜,https://bbs.nga.cn/read.php?tid=47302897,什么叫天无二日,0,9,CS:GO
2026-08-02 23:31:55,就看这届blast能不能给造神社区降降温,Tikei,https://bbs.nga.cn/read.php?tid=47302890,就看这届blast能不能给造神社区降降温,0,46,CS:GO
2026-08-02 23:25:34,别的不说老鼠好久没冠军了吧,木野帮,https://bbs.nga.cn/read.php?tid=47302856,别的不说老鼠好久没冠军了吧,0,9,CS:GO
2026-08-02 23:19:11,说实话论坛各种喷哈利跟宗没道理的,脱脂纯牛奶,https://bbs.nga.cn/read.php?tid=47302832,说实话论坛各种喷哈利跟宗没道理的,0,9,CS:GO
2026-08-02 23:12:37,我去这比赛怎么下午开,艾米莉亚77,https://bbs.nga.cn/read.php?tid=47302803,我去这比赛怎么下午开,0,0,CS:GO
2026-08-02 23:06:56,一句话 泯了,暗alicia,https://bbs.nga.cn/read.php?tid=47302791,一句话 泯了,0,22,CS:GO
2026-08-02 22:59:37,现在最让我疑惑的是绿龙CS队伍的组织架构,arbalest_han,https://bbs.nga.cn/read.php?tid=47302751,现在最让我疑惑的是绿龙CS队伍的组织架构,0,5,CS:GO
2026-08-02 22:57:27,对面11分，强起两局小枪也不eco，换其他队要被喷烂了吧,caesarsarad,https://bbs.nga.cn/read.php?tid=47302738,对面11分，强起两局小枪也不eco，换其他队要被喷烂了吧,0,10,CS:GO
2026-08-02 22:55:55,惊天五条蛆,白塔的守夜人,https://bbs.nga.cn/read.php?tid=47302730,惊天五条蛆,0,6,CS:GO
2026-08-02 22:55:34,左尼克带猎鹰3年换了3套阵容拿1个major是无法质疑的冠军教练,我T了友妈妈,https://bbs.nga.cn/read.php?tid=47302729,左尼克带猎鹰3年换了3套阵容拿1个major是无法质疑的冠军教练,0,11,CS:GO
2026-08-02 22:53:42,喷哈利也要有理有据吧？昨天和今天的驴就是杀不了人啊,绿儿粉,https://bbs.nga.cn/read.php?tid=47302720,喷哈利也要有理有据吧？昨天和今天的驴就是杀不了人啊,0,20,CS:GO
2026-08-02 22:52:16,有没有一种可能，major就是今年绿龙最后的辉煌了,lc天天,https://bbs.nga.cn/read.php?tid=47302714,有没有一种可能，major就是今年绿龙最后的辉煌了,0,1,CS:GO
2026-08-02 22:51:32,绿龙现在只活在if线了嘛,kcxd18768,https://bbs.nga.cn/read.php?tid=47302711,绿龙现在只活在if线了嘛,0,50,CS:GO
2026-08-02 22:48:03,选手天梯打多了是真的不行啊,盒马史诗,https://bbs.nga.cn/read.php?tid=47302695,选手天梯打多了是真的不行啊,0,48,CS:GO
2026-08-02 22:46:26,还是打天梯打多了,今天我健康,https://bbs.nga.cn/read.php?tid=47302687,还是打天梯打多了,0,15,CS:GO
2026-08-02 22:46:13,donk真没得洗了，已经不是一两场的问题了,Kobbop,https://bbs.nga.cn/read.php?tid=47302686,donk真没得洗了，已经不是一两场的问题了,0,25,CS:GO
2026-08-02 22:44:53,这nuke真的有哪怕一点点战术布置吗,LeoのAiolia,https://bbs.nga.cn/read.php?tid=47302680,这nuke真的有哪怕一点点战术布置吗,0,14,CS:GO
2026-08-02 22:42:48,兄弟们这世界线真不对劲吧？,恐怖图腾风吻之刃,https://bbs.nga.cn/read.php?tid=47302671,兄弟们这世界线真不对劲吧？,0,7,CS:GO
2026-08-02 22:36:30,这比赛是比双方的软脚程度吗,丢人杯,https://bbs.nga.cn/read.php?tid=47302646,这比赛是比双方的软脚程度吗,0,12,CS:GO
2026-08-02 22:12:06,小驴上半场一个人送三分有感觉吗,aabbac,https://bbs.nga.cn/read.php?tid=47302526,小驴上半场一个人送三分有感觉吗,0,27,CS:GO
2026-08-02 21:34:56,我提一嘴 老鼠到现在比赛里一把叉车都没打过,可爱的小阿喵,https://bbs.nga.cn/read.php?tid=47302286,我提一嘴 老鼠到现在比赛里一把叉车都没打过,0,4,CS:GO
2026-08-02 21:25:31,图四 绿龙核子顶级盛宴啊,沧海朱泪,https://bbs.nga.cn/read.php?tid=47302230,图四 绿龙核子顶级盛宴啊,0,28,CS:GO
2026-08-02 21:21:57,拿下！我们是冠军,say_ve,https://bbs.nga.cn/read.php?tid=47302204,拿下！我们是冠军,0,0,CS:GO
2026-08-02 21:18:36,谁能告诉我，息若空了多少简单枪普通枪,月灀,https://bbs.nga.cn/read.php?tid=47302181,谁能告诉我，息若空了多少简单枪普通枪,0,10,CS:GO
2026-08-02 21:18:10,绿龙二哥能不空狙了吗 有点恶心了,橘子MO,https://bbs.nga.cn/read.php?tid=47302173,绿龙二哥能不空狙了吗 有点恶心了,0,0,CS:GO
2026-08-02 21:08:23,老鼠这是终于要打破心魔了吗,PedroGonzalez,https://bbs.nga.cn/read.php?tid=47302088,老鼠这是终于要打破心魔了吗,0,13,CS:GO
2026-08-02 20:37:57,我好稳定啊,谦儿老师,https://bbs.nga.cn/read.php?tid=47301887,我好稳定啊,0,0,CS:GO
2026-08-02 20:34:38,老鼠真要3-0赢了哈利能滚么,轮椅术士小宝,https://bbs.nga.cn/read.php?tid=47301868,老鼠真要3-0赢了哈利能滚么,0,11,CS:GO
2026-08-02 20:33:23,绿龙的小配合比老鼠质量低太多了,盒马史诗,https://bbs.nga.cn/read.php?tid=47301851,绿龙的小配合比老鼠质量低太多了,0,2,CS:GO
2026-08-02 20:32:29,很多人根本不知道有哈龙多变态,笑走天下2,https://bbs.nga.cn/read.php?tid=47301841,很多人根本不知道有哈龙多变态,0,32,CS:GO
2026-08-02 20:31:09,哈利是一点调整能力都没有啊,liujia6316,https://bbs.nga.cn/read.php?tid=47301834,哈利是一点调整能力都没有啊,0,0,CS:GO
2026-08-02 20:26:50,绿龙的米垃圾烂成一坨了,LeoのAiolia,https://bbs.nga.cn/read.php?tid=47301803,绿龙的米垃圾烂成一坨了,0,0,CS:GO
2026-08-02 20:25:27,绿龙输了喷若喷宗的本质还是饭圈毒唯那套,zzyuan3000,https://bbs.nga.cn/read.php?tid=47301788,绿龙输了喷若喷宗的本质还是饭圈毒唯那套,0,33,CS:GO
2026-08-02 20:21:14,绿龙观感,mu12306,https://bbs.nga.cn/read.php?tid=47301757,绿龙观感,0,12,CS:GO
2026-08-02 20:20:42,关了，有哈龙再也不看了,戴尔口渴,https://bbs.nga.cn/read.php?tid=47301750,关了，有哈龙再也不看了,0,25,CS:GO
2026-08-02 20:20:34,全知全能的上帝，老活动复刻入选直邀,一只小虫虫,https://bbs.nga.cn/read.php?tid=47301749,全知全能的上帝，老活动复刻入选直邀,0,1,CS:GO
2026-08-02 20:20:21,感觉 BO5 以后基本都是 3 ：0 带走啊,helllkzlp,https://bbs.nga.cn/read.php?tid=47301747,感觉 BO5 以后基本都是 3 ：0 带走啊,0,6,CS:GO
2026-08-02 20:20:13,绿龙今天悬了啊,happyu1234,https://bbs.nga.cn/read.php?tid=47301746,绿龙今天悬了啊,0,3,CS:GO
2026-08-02 20:19:46,还是那句话，哈利这条野狗什么时候猝死,深宫曲道,https://bbs.nga.cn/read.php?tid=47301743,还是那句话，哈利这条野狗什么时候猝死,0,0,CS:GO
2026-08-02 20:17:47,shiro醒了，原来这里不是二线比赛啊,Kobbop,https://bbs.nga.cn/read.php?tid=47301733,shiro醒了，原来这里不是二线比赛啊,0,8,CS:GO
2026-08-02 20:15:51,绿龙还有人类吗？,永远的王者罗,https://bbs.nga.cn/read.php?tid=47301727,绿龙还有人类吗？,0,2,CS:GO
2026-08-02 20:15:47,总有人说对枪对不过怪不了教练,笑走天下2,https://bbs.nga.cn/read.php?tid=47301726,总有人说对枪对不过怪不了教练,0,49,CS:GO
2026-08-02 20:10:41,[赛事]不是，拖哥要mvp了吧？,Zyldawnzhz,https://bbs.nga.cn/read.php?tid=47301694,[赛事]不是，拖哥要mvp了吧？,0,6,CS:GO
2026-08-02 20:05:18,决赛3-0了，就绿龙这个韧性,JoyHunos,https://bbs.nga.cn/read.php?tid=47301659,决赛3-0了，就绿龙这个韧性,0,3,CS:GO
2026-08-02 20:04:55,决赛又是3比0了啊,沧海朱泪,https://bbs.nga.cn/read.php?tid=47301653,决赛又是3比0了啊,0,0,CS:GO
2026-08-02 20:02:42,巔峰阿彬限時回歸,凉子大神,https://bbs.nga.cn/read.php?tid=47301632,巔峰阿彬限時回歸,0,0,CS:GO
2026-08-02 19:56:39,这两把狙好吓人啊,断水流二师叔,https://bbs.nga.cn/read.php?tid=47301603,这两把狙好吓人啊,0,2,CS:GO
2026-08-02 19:44:55,粽÷在干嘛，卖人？,thesidery,https://bbs.nga.cn/read.php?tid=47301541,粽÷在干嘛，卖人？,0,4,CS:GO
2026-08-02 19:25:35,绿龙的手枪局啊,sishenljw,https://bbs.nga.cn/read.php?tid=47301421,绿龙的手枪局啊,0,1,CS:GO
2026-08-02 19:24:56,算了算了真的,可爱的小阿喵,https://bbs.nga.cn/read.php?tid=47301413,算了算了真的,0,10,CS:GO
2026-08-02 19:23:30,为什么6657都在刷正义必胜？,zbbwsm,https://bbs.nga.cn/read.php?tid=47301408,为什么6657都在刷正义必胜？,0,38,CS:GO
2026-08-02 18:50:49,什么情况绿龙。枪法打不过了,aabbac,https://bbs.nga.cn/read.php?tid=47301235,什么情况绿龙。枪法打不过了,0,22,CS:GO
2026-08-02 18:50:47,怎么感觉今天西若已经尿了？,JoyHunos,https://bbs.nga.cn/read.php?tid=47301234,怎么感觉今天西若已经尿了？,0,5,CS:GO
2026-08-02 18:34:11,久违的哈龙决赛和鼠鼠，绿龙vs老鼠,荷笠归远,https://bbs.nga.cn/read.php?tid=47301121,久违的哈龙决赛和鼠鼠，绿龙vs老鼠,0,13,CS:GO
2026-08-02 18:31:54,绿龙vsmouz,花雪有寒,https://bbs.nga.cn/read.php?tid=47301103,绿龙vsmouz,0,9,CS:GO
2026-08-02 17:41:44,决赛老鼠ban什么图？,jcuddk,https://bbs.nga.cn/read.php?tid=47300827,决赛老鼠ban什么图？,0,5,CS:GO
2026-08-02 11:39:12,黑豹道歉了,林映纯学姐,https://bbs.nga.cn/read.php?tid=47299231,黑豹道歉了,0,18,CS:GO
2026-08-02 10:31:00,Neityu赛后采访：队里最好的朋友是Twistzz，找和他最有默契，也最合得来,A17630559072,https://bbs.nga.cn/read.php?tid=47298896,Neityu赛后采访：队里最好的朋友是Twistzz，找和他最有默契，也最合得来,0,3,CS:GO
2026-08-02 09:39:31,不得不说，运营真是个极其重要但容易被轻视的岗位,大风车吱呀吱呀转,https://bbs.nga.cn/read.php?tid=47298678,不得不说，运营真是个极其重要但容易被轻视的岗位,0,13,CS:GO
2026-08-02 09:07:33,[赛事]讲实话，总监的指挥似乎开了一点点窍,Zyldawnzhz,https://bbs.nga.cn/read.php?tid=47298539,[赛事]讲实话，总监的指挥似乎开了一点点窍,0,3,CS:GO
2026-08-02 07:18:27,狂狂莫莫来PV吧,颜（Yan）,https://bbs.nga.cn/read.php?tid=47298318,狂狂莫莫来PV吧,0,5,CS:GO
2026-08-02 02:00:56,电竞就应该是年轻人的世界啊,断水流二师叔,https://bbs.nga.cn/read.php?tid=47298010,电竞就应该是年轻人的世界啊,0,0,CS:GO
2026-08-02 02:00:11,黑豹是真的野种俱乐部,Crystae,https://bbs.nga.cn/read.php?tid=47298006,黑豹是真的野种俱乐部,0,32,CS:GO
2026-08-01 23:19:05,弗一把也开挂？意义在哪？,遗忘的眼镜蛇,https://bbs.nga.cn/read.php?tid=47297433,弗一把也开挂？意义在哪？,0,8,CS:GO
2026-08-01 22:56:33,糟，现在老鼠难道说连a队都恁不过嘛,轮椅术士小宝,https://bbs.nga.cn/read.php?tid=47297331,糟，现在老鼠难道说连a队都恁不过嘛,0,9,CS:GO
2026-08-01 21:47:50,HLTV神了有懂的吗,可爱的小阿喵,https://bbs.nga.cn/read.php?tid=47296923,HLTV神了有懂的吗,0,7,CS:GO
2026-08-01 21:42:04,别光盯着绿龙了，老猪好像找回青春了,aabbac,https://bbs.nga.cn/read.php?tid=47296886,别光盯着绿龙了，老猪好像找回青春了,0,29,CS:GO
2026-08-01 21:37:51,donk红了比赛赢了,冬子控,https://bbs.nga.cn/read.php?tid=47296847,donk红了比赛赢了,0,10,CS:GO
2026-08-01 21:33:25,今天的把驴子灵根吸收了吗，宗宗,胖胖大沈,https://bbs.nga.cn/read.php?tid=47296823,今天的把驴子灵根吸收了吗，宗宗,0,1,CS:GO
2026-08-01 21:32:12,图三绝了，哈利和宗全被NGA奶活了,wd101101,https://bbs.nga.cn/read.php?tid=47296815,图三绝了，哈利和宗全被NGA奶活了,0,1,CS:GO
2026-08-01 21:32:07,宗主图三没得黑，最帅也是最强的,成为配乐谢谢394,https://bbs.nga.cn/read.php?tid=47296813,宗主图三没得黑，最帅也是最强的,0,29,CS:GO
2026-08-01 21:31:22,啊啊啊 啊啊啊啊啊啊啊啊啊啊！,say_ve,https://bbs.nga.cn/read.php?tid=47296808,啊啊啊 啊啊啊啊啊啊啊啊啊啊！,0,0,CS:GO
2026-08-01 21:31:04,哈龙一年了第一次决赛,沧海朱泪,https://bbs.nga.cn/read.php?tid=47296804,哈龙一年了第一次决赛,0,31,CS:GO
2026-08-01 21:22:50,泥潭真能奶,永远的王者罗,https://bbs.nga.cn/read.php?tid=47296767,泥潭真能奶,0,8,CS:GO
2026-08-01 20:34:18,天啊，绿龙再次伟大！,永远的王者罗,https://bbs.nga.cn/read.php?tid=47296478,天啊，绿龙再次伟大！,0,0,CS:GO
2026-08-01 20:27:30,major半决赛的小驴又回来了,aabbac,https://bbs.nga.cn/read.php?tid=47296435,major半决赛的小驴又回来了,0,16,CS:GO
2026-08-01 20:21:30,我当过教练，我懂哈利，他绝对不敢在长枪局点暂停，输了要背锅,奇幻法师,https://bbs.nga.cn/read.php?tid=47296403,我当过教练，我懂哈利，他绝对不敢在长枪局点暂停，输了要背锅,0,1,CS:GO
2026-08-01 20:21:08,这图还有洗宗的吗？,saplay,https://bbs.nga.cn/read.php?tid=47296401,这图还有洗宗的吗？,0,12,CS:GO
2026-08-01 20:19:23,哈利是不是概念神？！,洪柱赋,https://bbs.nga.cn/read.php?tid=47296393,哈利是不是概念神？！,0,8,CS:GO
2026-08-01 20:18:31,哈利什么时候能意识到选手才是比赛的主角,土豆回锅肉gg,https://bbs.nga.cn/read.php?tid=47296387,哈利什么时候能意识到选手才是比赛的主角,0,1,CS:GO
2026-08-01 20:14:43,谁能解释下哈利暂停后为什么一直输,忧岚,https://bbs.nga.cn/read.php?tid=47296365,谁能解释下哈利暂停后为什么一直输,0,17,CS:GO
2026-08-01 20:12:01,faze：我申请给hally13个暂停,梦的单行线,https://bbs.nga.cn/read.php?tid=47296360,faze：我申请给hally13个暂停,0,1,CS:GO
2026-08-01 20:09:56,哈利神了 毫无悬念的世一暂,老顽童周伯通,https://bbs.nga.cn/read.php?tid=47296350,哈利神了 毫无悬念的世一暂,0,21,CS:GO
2026-08-01 20:09:00,哈利又发力了有感觉么,媚舞,https://bbs.nga.cn/read.php?tid=47296346,哈利又发力了有感觉么,0,3,CS:GO
2026-08-01 19:57:01,这宗畜瞄准烂就算了，决策也能这么畜生吗,C_Eriksson,https://bbs.nga.cn/read.php?tid=47296297,这宗畜瞄准烂就算了，决策也能这么畜生吗,0,2,CS:GO
2026-08-01 19:41:48,总监老老实实当枪男faze配置还挺有实力的,林映纯学姐,https://bbs.nga.cn/read.php?tid=47296212,总监老老实实当枪男faze配置还挺有实力的,0,13,CS:GO
2026-08-01 19:28:17,新版本现在比赛还没用吗？要什么时候用？,老顽童周伯通,https://bbs.nga.cn/read.php?tid=47296143,新版本现在比赛还没用吗？要什么时候用？,0,7,CS:GO
2026-08-01 19:25:10,别人每杀一个提升手感,franklovey,https://bbs.nga.cn/read.php?tid=47296124,别人每杀一个提升手感,0,0,CS:GO
2026-08-01 19:08:40,总监这局太变态了,沧海朱泪,https://bbs.nga.cn/read.php?tid=47296024,总监这局太变态了,0,11,CS:GO
2026-08-01 18:46:50,怎么faze又被数值踢死啊,荷笠归远,https://bbs.nga.cn/read.php?tid=47295900,怎么faze又被数值踢死啊,0,17,CS:GO
2026-08-01 18:42:52,fazevs绿龙,花雪有寒,https://bbs.nga.cn/read.php?tid=47295869,fazevs绿龙,0,96,CS:GO
2026-08-01 17:44:53,可是……亲吻蜘蛛侠真的很豪啊……,Ziyosakimahilu,https://bbs.nga.cn/read.php?tid=47295532,可是……亲吻蜘蛛侠真的很豪啊……,0,9,CS:GO
2026-08-01 13:08:59,求推荐一个3.5mm的入耳式耳机,暴雪我日你妈,https://bbs.nga.cn/read.php?tid=47294056,求推荐一个3.5mm的入耳式耳机,0,0,CS:GO
2026-08-01 11:51:51,cs2怎么调电脑，打单机的那种,zlwcx132,https://bbs.nga.cn/read.php?tid=47293566,cs2怎么调电脑，打单机的那种,0,4,CS:GO
2026-08-01 11:35:39,大超这人变帅了，客串教练干死vp了。当指挥全满贯了,omelons,https://bbs.nga.cn/read.php?tid=47293482,大超这人变帅了，客串教练干死vp了。当指挥全满贯了,0,6,CS:GO
